INFO:root:Missing pipeline option (runner). Executing pipeline using the default runner: DirectRunner.
INFO:apache_beam.runners.direct.direct_runner:Running pipeline with PrismRunner.
INFO:apache_beam.runners.worker.worker_pool_main:Listening for workers at localhost:63233
INFO:apache_beam.runners.portability.prism_runner:Downloading prism from https://github.com/apache/beam/releases/download/v2.76.0/apache_beam-v2.76.0-prism-darwin-arm64.zip
INFO:apache_beam.runners.portability.prism_runner:Unzipping prism from /Users/sharathravichandran/.apache_beam/cache/prism/bin/apache_beam-v2.76.0-prism-darwin-arm64.zip to /Users/sharathravichandran/.apache_beam/cache/prism/bin/apache_beam-v2.76.0-prism-darwin-arm64
INFO:apache_beam.runners.portability.prism_runner:Prism binary path resolved to: /Users/sharathravichandran/.apache_beam/cache/prism/bin/apache_beam-v2.76.0-prism-darwin-arm64
WARNING:apache_beam.utils.subprocess_server:Really starting service at localhost:63240 with cmd: ('/Users/sharathravichandran/.apache_beam/cache/prism/bin/apache_beam-v2.76.0-prism-darwin-arm64', '--job_port', '63240', '--log_level', 'info', '--log_kind', 'json', '--serve_http=false')
I0924 15:57:46.831658 8919631 fork_posix.cc:71] Other threads are currently calling into gRPC, skipping fork() handlers
I0924 15:57:46.834338 8920352 ev_poll_posix.cc:587] FD from fork parent still in poll list: fd(5, generation: 1)
INFO:PrismRunner:Serving JobManagement (endpoint='localhost:63240')
WARNING:PrismRunner:unknown transform, with payload (urn='beam:transform:pubsub_read:v1', name='ReadPubSub/Read', payload='Eklwcm9qZWN0cy9wcm9qZWN0LWRmNGVhNGM2LWNlYjMtNDJiNy05NzAvc3Vic2NyaXB0aW9ucy9wYXltZW50LWV2ZW50cy1iZWFtGghldmVudF9tcw==')
ERROR:PrismRunner:unable to run job (cause='unimplemented features', jobname='job', errors='unsupported feature "PTransform.Spec.Urn" set with value beam:transform:pubsub_read:v1 ReadPubSub/Read')
ERROR:PrismRunner:job failed (job={'key': 'job-001', 'name': 'job'}, 
error:
found 1 uses of features unimplemented in prism in job job:
unsupported feature "PTransform.Spec.Urn" set with value beam:transform:pubsub_read:v1 ReadPubSub/Read)
INFO:apache_beam.runners.direct.direct_runner:Exception with PrismRunner:
 <_InactiveRpcError of RPC that terminated with:
	status = StatusCode.UNKNOWN
	details = "found 1 uses of features unimplemented in prism in job job:
unsupported feature "PTransform.Spec.Urn" set with value beam:transform:pubsub_read:v1 ReadPubSub/Read"
	debug_error_string = "UNKNOWN:found 1 uses of features unimplemented in prism in job job:
unsupported feature "PTransform.Spec.Urn" set with value beam:transform:pubsub_read:v1 ReadPubSub/Read"
>

INFO:apache_beam.runners.direct.direct_runner:Falling back to DirectRunner
INFO:apache_beam.runners.direct.direct_runner:Running pipeline with DirectRunner.
I0924 15:57:49.638521 8920546 fork_posix.cc:71] Other threads are currently calling into gRPC, skipping fork() handlers
I0924 15:57:49.640381 8920565 ev_poll_posix.cc:587] FD from fork parent still in poll list: fd(14, generation: 1)
I0924 15:57:49.640410 8920565 ev_poll_posix.cc:587] FD from fork parent still in poll list: fd(5, generation: 1)
INFO:root:[window 2026-09-24T10:28:55Z] SecurePay n=    5 err=  0.00% p95=  327.8ms top=None
INFO:root:[window 2026-09-24T10:28:55Z] FastPay   n=   12 err=  0.00% p95=  413.0ms top=None
INFO:root:[window 2026-09-24T10:28:55Z] QuickPay  n=    3 err=  0.00% p95=  382.7ms top=None
I0924 15:58:56.059771 8924016 ev_poll_posix.cc:587] FD from fork parent still in poll list: fd(7, generation: 1)
I0924 15:58:56.059930 8924016 ev_poll_posix.cc:587] FD from fork parent still in poll list: fd(14, generation: 1)
INFO:root:[window 2026-09-24T10:28:55Z] SecurePay n=    2 err=  0.00% p95=  189.9ms top=None
INFO:root:[window 2026-09-24T10:28:55Z] FastPay   n=    6 err=  0.00% p95=  326.7ms top=None
INFO:root:[window 2026-09-24T10:28:55Z] QuickPay  n=    2 err=  0.00% p95=  249.2ms top=None
I0924 15:58:58.114527 8924217 ev_poll_posix.cc:587] FD from fork parent still in poll list: fd(7, generation: 1)
I0924 15:58:58.114690 8924217 ev_poll_posix.cc:587] FD from fork parent still in poll list: fd(14, generation: 1)
INFO:root:[window 2026-09-24T10:29:00Z] SecurePay n=    9 err=  0.00% p95=  479.2ms top=None
INFO:root:[window 2026-09-24T10:29:00Z] FastPay   n=   26 err=  0.00% p95=  411.3ms top=None
INFO:root:[window 2026-09-24T10:29:00Z] QuickPay  n=    5 err=  0.00% p95=  382.7ms top=None
I0924 15:59:00.364505 8924415 ev_poll_posix.cc:587] FD from fork parent still in poll list: fd(7, generation: 1)
I0924 15:59:00.364626 8924415 ev_poll_posix.cc:587] FD from fork parent still in poll list: fd(14, generation: 1)
INFO:root:[window 2026-09-24T10:29:00Z] FastPay   n=    4 err=  0.00% p95=  366.2ms top=None
INFO:root:[window 2026-09-24T10:28:55Z] FastPay   n=    4 err=  0.00% p95=  366.2ms top=None
INFO:root:[window 2026-09-24T10:29:00Z] SecurePay n=    5 err=  0.00% p95=  357.0ms top=None
INFO:root:[window 2026-09-24T10:28:55Z] SecurePay n=    5 err=  0.00% p95=  357.0ms top=None
INFO:root:[window 2026-09-24T10:29:00Z] QuickPay  n=    1 err=  0.00% p95=  206.9ms top=None
INFO:root:[window 2026-09-24T10:28:55Z] QuickPay  n=    1 err=  0.00% p95=  206.9ms top=None
INFO:root:[window 2026-09-24T10:29:00Z] QuickPay  n=    2 err=  0.00% p95=  323.6ms top=None
INFO:root:[window 2026-09-24T10:28:55Z] QuickPay  n=    2 err=  0.00% p95=  323.6ms top=None
INFO:root:[window 2026-09-24T10:29:00Z] SecurePay n=    3 err=  0.00% p95=  388.1ms top=None
INFO:root:[window 2026-09-24T10:28:55Z] SecurePay n=    3 err=  0.00% p95=  388.1ms top=None
INFO:root:[window 2026-09-24T10:29:00Z] FastPay   n=    5 err=  0.00% p95=  407.6ms top=None
INFO:root:[window 2026-09-24T10:28:55Z] FastPay   n=    5 err=  0.00% p95=  407.6ms top=None
I0924 15:59:03.139702 8924757 ev_poll_posix.cc:587] FD from fork parent still in poll list: fd(7, generation: 1)
I0924 15:59:03.139895 8924757 ev_poll_posix.cc:587] FD from fork parent still in poll list: fd(14, generation: 1)
INFO:root:[window 2026-09-24T10:28:25Z] FastPay   n=    1 err=  0.00% p95=  431.3ms top=None
INFO:root:[window 2026-09-24T10:28:20Z] FastPay   n=    1 err=  0.00% p95=  431.3ms top=None
INFO:root:[window 2026-09-24T10:28:15Z] FastPay   n=    1 err=  0.00% p95=  431.3ms top=None
INFO:root:[window 2026-09-24T10:28:10Z] FastPay   n=    1 err=  0.00% p95=  431.3ms top=None
INFO:root:[window 2026-09-24T10:28:05Z] FastPay   n=    1 err=  0.00% p95=  431.3ms top=None
INFO:root:[window 2026-09-24T10:28:00Z] FastPay   n=    1 err=  0.00% p95=  431.3ms top=None
INFO:root:[window 2026-09-24T10:27:55Z] FastPay   n=    1 err=  0.00% p95=  431.3ms top=None
INFO:root:[window 2026-09-24T10:27:50Z] FastPay   n=    1 err=  0.00% p95=  431.3ms top=None
INFO:root:[window 2026-09-24T10:27:45Z] FastPay   n=    1 err=  0.00% p95=  431.3ms top=None
INFO:root:[window 2026-09-24T10:27:40Z] FastPay   n=    1 err=  0.00% p95=  431.3ms top=None
INFO:root:[window 2026-09-24T10:27:35Z] FastPay   n=    1 err=  0.00% p95=  431.3ms top=None
INFO:root:[window 2026-09-24T10:27:30Z] FastPay   n=    1 err=  0.00% p95=  431.3ms top=None
INFO:root:[window 2026-09-24T10:29:00Z] FastPay   n=    8 err= 12.50% p95=  463.8ms top=504_TIMEOUT
INFO:root:[window 2026-09-24T10:28:55Z] FastPay   n=    8 err= 12.50% p95=  463.8ms top=504_TIMEOUT
INFO:root:[window 2026-09-24T10:29:00Z] QuickPay  n=    1 err=  0.00% p95=  366.0ms top=None
INFO:root:[window 2026-09-24T10:28:55Z] QuickPay  n=    1 err=  0.00% p95=  366.0ms top=None
I0924 15:59:03.905110 8924851 ev_poll_posix.cc:587] FD from fork parent still in poll list: fd(7, generation: 1)
I0924 15:59:03.905229 8924851 ev_poll_posix.cc:587] FD from fork parent still in poll list: fd(14, generation: 1)
INFO:root:[window 2026-09-24T10:29:00Z] FastPay   n=    8 err=  0.00% p95=  364.7ms top=None
INFO:root:[window 2026-09-24T10:28:55Z] FastPay   n=    8 err=  0.00% p95=  364.7ms top=None
INFO:root:[window 2026-09-24T10:29:00Z] SecurePay n=    1 err=  0.00% p95=  256.7ms top=None
INFO:root:[window 2026-09-24T10:28:55Z] SecurePay n=    1 err=  0.00% p95=  256.7ms top=None
INFO:root:[window 2026-09-24T10:29:00Z] QuickPay  n=    1 err=  0.00% p95=  240.6ms top=None
INFO:root:[window 2026-09-24T10:28:55Z] QuickPay  n=    1 err=  0.00% p95=  240.6ms top=None
INFO:root:[window 2026-09-24T10:29:05Z] SecurePay n=   18 err=  0.00% p95=  479.2ms top=None
INFO:root:[window 2026-09-24T10:29:05Z] FastPay   n=   51 err=  1.96% p95=  448.1ms top=504_TIMEOUT
INFO:root:[window 2026-09-24T10:29:05Z] QuickPay  n=   10 err=  0.00% p95=  394.1ms top=None
I0924 15:59:06.260841 8925073 ev_poll_posix.cc:587] FD from fork parent still in poll list: fd(7, generation: 1)
I0924 15:59:06.260891 8925073 ev_poll_posix.cc:587] FD from fork parent still in poll list: fd(14, generation: 1)
I0924 15:59:06.796110 8925216 ev_poll_posix.cc:587] FD from fork parent still in poll list: fd(7, generation: 1)
I0924 15:59:06.796177 8925216 ev_poll_posix.cc:587] FD from fork parent still in poll list: fd(14, generation: 1)
INFO:root:[window 2026-09-24T10:29:05Z] FastPay   n=    5 err=  0.00% p95=  356.3ms top=None
INFO:root:[window 2026-09-24T10:29:00Z] FastPay   n=    5 err=  0.00% p95=  356.3ms top=None
INFO:root:[window 2026-09-24T10:28:55Z] FastPay   n=    5 err=  0.00% p95=  356.3ms top=None
INFO:root:[window 2026-09-24T10:29:05Z] SecurePay n=    5 err=  0.00% p95=  313.3ms top=None
INFO:root:[window 2026-09-24T10:29:00Z] SecurePay n=    5 err=  0.00% p95=  313.3ms top=None
INFO:root:[window 2026-09-24T10:28:55Z] SecurePay n=    5 err=  0.00% p95=  313.3ms top=None
I0924 15:59:08.592341 8925338 ev_poll_posix.cc:587] FD from fork parent still in poll list: fd(7, generation: 1)
INFO:root:[window 2026-09-24T10:29:05Z] SecurePay n=    3 err=  0.00% p95=  240.2ms top=None
INFO:root:[window 2026-09-24T10:29:00Z] SecurePay n=    3 err=  0.00% p95=  240.2ms top=None
INFO:root:[window 2026-09-24T10:28:55Z] SecurePay n=    3 err=  0.00% p95=  240.2ms top=None
INFO:root:[window 2026-09-24T10:29:05Z] FastPay   n=    7 err=  0.00% p95=  401.1ms top=None
INFO:root:[window 2026-09-24T10:29:00Z] FastPay   n=    7 err=  0.00% p95=  401.1ms top=None
INFO:root:[window 2026-09-24T10:28:55Z] FastPay   n=    7 err=  0.00% p95=  401.1ms top=None
INFO:root:[window 2026-09-24T10:29:10Z] SecurePay n=   26 err=  0.00% p95=  445.0ms top=None
INFO:root:[window 2026-09-24T10:29:10Z] FastPay   n=   63 err=  1.59% p95=  446.7ms top=504_TIMEOUT
INFO:root:[window 2026-09-24T10:29:10Z] QuickPay  n=   10 err=  0.00% p95=  394.1ms top=None
I0924 15:59:10.380385 8925506 ev_poll_posix.cc:587] FD from fork parent still in poll list: fd(7, generation: 1)
I0924 15:59:10.380439 8925506 ev_poll_posix.cc:587] FD from fork parent still in poll list: fd(14, generation: 1)
I0924 15:59:10.859402 8925655 ev_poll_posix.cc:587] FD from fork parent still in poll list: fd(7, generation: 1)
I0924 15:59:10.859517 8925655 ev_poll_posix.cc:587] FD from fork parent still in poll list: fd(14, generation: 1)
INFO:root:[window 2026-09-24T10:29:10Z] SecurePay n=    6 err=  0.00% p95=  314.2ms top=None
INFO:root:[window 2026-09-24T10:29:05Z] SecurePay n=    6 err=  0.00% p95=  314.2ms top=None
INFO:root:[window 2026-09-24T10:29:00Z] SecurePay n=    6 err=  0.00% p95=  314.2ms top=None
INFO:root:[window 2026-09-24T10:28:55Z] SecurePay n=    6 err=  0.00% p95=  314.2ms top=None
INFO:root:[window 2026-09-24T10:29:10Z] FastPay   n=    2 err= 50.00% p95=  223.0ms top=502_BAD_GATEWAY
INFO:root:[window 2026-09-24T10:29:05Z] FastPay   n=    2 err= 50.00% p95=  223.0ms top=502_BAD_GATEWAY
INFO:root:[window 2026-09-24T10:29:00Z] FastPay   n=    2 err= 50.00% p95=  223.0ms top=502_BAD_GATEWAY
INFO:root:[window 2026-09-24T10:28:55Z] FastPay   n=    2 err= 50.00% p95=  223.0ms top=502_BAD_GATEWAY
INFO:root:[window 2026-09-24T10:29:10Z] QuickPay  n=    2 err=  0.00% p95=  286.4ms top=None
INFO:root:[window 2026-09-24T10:29:05Z] QuickPay  n=    2 err=  0.00% p95=  286.4ms top=None
INFO:root:[window 2026-09-24T10:29:00Z] QuickPay  n=    2 err=  0.00% p95=  286.4ms top=None
INFO:root:[window 2026-09-24T10:28:55Z] QuickPay  n=    2 err=  0.00% p95=  286.4ms top=None
I0924 15:59:13.184268 8925843 ev_poll_posix.cc:587] FD from fork parent still in poll list: fd(7, generation: 1)
I0924 15:59:13.184336 8925843 ev_poll_posix.cc:587] FD from fork parent still in poll list: fd(14, generation: 1)
INFO:root:[window 2026-09-24T10:29:10Z] FastPay   n=    8 err= 12.50% p95=  392.9ms top=504_TIMEOUT
INFO:root:[window 2026-09-24T10:29:05Z] FastPay   n=    8 err= 12.50% p95=  392.9ms top=504_TIMEOUT
INFO:root:[window 2026-09-24T10:29:00Z] FastPay   n=    8 err= 12.50% p95=  392.9ms top=504_TIMEOUT
INFO:root:[window 2026-09-24T10:28:55Z] FastPay   n=    8 err= 12.50% p95=  392.9ms top=504_TIMEOUT
INFO:root:[window 2026-09-24T10:29:10Z] QuickPay  n=    2 err=  0.00% p95=  422.9ms top=None
INFO:root:[window 2026-09-24T10:29:05Z] QuickPay  n=    2 err=  0.00% p95=  422.9ms top=None
INFO:root:[window 2026-09-24T10:29:00Z] QuickPay  n=    2 err=  0.00% p95=  422.9ms top=None
INFO:root:[window 2026-09-24T10:28:55Z] QuickPay  n=    2 err=  0.00% p95=  422.9ms top=None
I0924 15:59:15.003500 8926097 ev_poll_posix.cc:587] FD from fork parent still in poll list: fd(7, generation: 1)
I0924 15:59:15.003550 8926097 ev_poll_posix.cc:587] FD from fork parent still in poll list: fd(14, generation: 1)
INFO:root:[window 2026-09-24T10:29:10Z] SecurePay n=    3 err=  0.00% p95=  309.6ms top=None
INFO:root:[window 2026-09-24T10:29:05Z] SecurePay n=    3 err=  0.00% p95=  309.6ms top=None
INFO:root:[window 2026-09-24T10:29:00Z] SecurePay n=    3 err=  0.00% p95=  309.6ms top=None
INFO:root:[window 2026-09-24T10:28:55Z] SecurePay n=    3 err=  0.00% p95=  309.6ms top=None
INFO:root:[window 2026-09-24T10:29:10Z] FastPay   n=    6 err=  0.00% p95=  414.0ms top=None
INFO:root:[window 2026-09-24T10:29:05Z] FastPay   n=    6 err=  0.00% p95=  414.0ms top=None
INFO:root:[window 2026-09-24T10:29:00Z] FastPay   n=    6 err=  0.00% p95=  414.0ms top=None
INFO:root:[window 2026-09-24T10:28:55Z] FastPay   n=    6 err=  0.00% p95=  414.0ms top=None
INFO:root:[window 2026-09-24T10:29:10Z] QuickPay  n=    1 err=  0.00% p95=  316.1ms top=None
INFO:root:[window 2026-09-24T10:29:05Z] QuickPay  n=    1 err=  0.00% p95=  316.1ms top=None
INFO:root:[window 2026-09-24T10:29:00Z] QuickPay  n=    1 err=  0.00% p95=  316.1ms top=None
INFO:root:[window 2026-09-24T10:28:55Z] QuickPay  n=    1 err=  0.00% p95=  316.1ms top=None
INFO:root:[window 2026-09-24T10:29:15Z] SecurePay n=   35 err=  0.00% p95=  445.0ms top=None
INFO:root:[window 2026-09-24T10:29:15Z] FastPay   n=   79 err=  3.80% p95=  463.7ms top=504_TIMEOUT
INFO:root:[window 2026-09-24T10:29:15Z] QuickPay  n=   15 err=  0.00% p95=  432.5ms top=None
I0924 15:59:16.772939 8926216 ev_poll_posix.cc:587] FD from fork parent still in poll list: fd(7, generation: 1)
I0924 15:59:16.772999 8926216 ev_poll_posix.cc:587] FD from fork parent still in poll list: fd(14, generation: 1)
I0924 15:59:17.256270 8926360 ev_poll_posix.cc:587] FD from fork parent still in poll list: fd(7, generation: 1)
I0924 15:59:17.256324 8926360 ev_poll_posix.cc:587] FD from fork parent still in poll list: fd(14, generation: 1)
INFO:root:[window 2026-09-24T10:29:15Z] FastPay   n=    5 err=  0.00% p95=  360.8ms top=None
INFO:root:[window 2026-09-24T10:29:10Z] FastPay   n=    5 err=  0.00% p95=  360.8ms top=None
INFO:root:[window 2026-09-24T10:29:05Z] FastPay   n=    5 err=  0.00% p95=  360.8ms top=None
INFO:root:[window 2026-09-24T10:29:15Z] QuickPay  n=    1 err=  0.00% p95=  354.3ms top=None
INFO:root:[window 2026-09-24T10:29:10Z] QuickPay  n=    1 err=  0.00% p95=  354.3ms top=None
INFO:root:[window 2026-09-24T10:29:05Z] QuickPay  n=    1 err=  0.00% p95=  354.3ms top=None
INFO:root:[window 2026-09-24T10:29:15Z] SecurePay n=    3 err=  0.00% p95=  273.5ms top=None
INFO:root:[window 2026-09-24T10:29:10Z] SecurePay n=    3 err=  0.00% p95=  273.5ms top=None
INFO:root:[window 2026-09-24T10:29:05Z] SecurePay n=    3 err=  0.00% p95=  273.5ms top=None
I0924 15:59:18.578253 8926469 ev_poll_posix.cc:587] FD from fork parent still in poll list: fd(7, generation: 1)
I0924 15:59:18.578303 8926469 ev_poll_posix.cc:587] FD from fork parent still in poll list: fd(14, generation: 1)
INFO:root:[window 2026-09-24T10:29:15Z] FastPay   n=    5 err=  0.00% p95=  321.7ms top=None
INFO:root:[window 2026-09-24T10:29:10Z] FastPay   n=    5 err=  0.00% p95=  321.7ms top=None
INFO:root:[window 2026-09-24T10:29:05Z] FastPay   n=    5 err=  0.00% p95=  321.7ms top=None
INFO:root:[window 2026-09-24T10:29:00Z] FastPay   n=    5 err=  0.00% p95=  321.7ms top=None
INFO:root:[window 2026-09-24T10:28:55Z] FastPay   n=    5 err=  0.00% p95=  321.7ms top=None
INFO:root:[window 2026-09-24T10:29:15Z] SecurePay n=    4 err=  0.00% p95=  394.3ms top=None
INFO:root:[window 2026-09-24T10:29:10Z] SecurePay n=    4 err=  0.00% p95=  394.3ms top=None
INFO:root:[window 2026-09-24T10:29:05Z] SecurePay n=    4 err=  0.00% p95=  394.3ms top=None
INFO:root:[window 2026-09-24T10:29:00Z] SecurePay n=    4 err=  0.00% p95=  394.3ms top=None
INFO:root:[window 2026-09-24T10:28:55Z] SecurePay n=    4 err=  0.00% p95=  394.3ms top=None
INFO:root:[window 2026-09-24T10:29:15Z] QuickPay  n=    1 err=  0.00% p95=  307.9ms top=None
INFO:root:[window 2026-09-24T10:29:10Z] QuickPay  n=    1 err=  0.00% p95=  307.9ms top=None
INFO:root:[window 2026-09-24T10:29:05Z] QuickPay  n=    1 err=  0.00% p95=  307.9ms top=None
INFO:root:[window 2026-09-24T10:29:00Z] QuickPay  n=    1 err=  0.00% p95=  307.9ms top=None
INFO:root:[window 2026-09-24T10:28:55Z] QuickPay  n=    1 err=  0.00% p95=  307.9ms top=None
INFO:root:[window 2026-09-24T10:29:20Z] SecurePay n=   42 err=  0.00% p95=  445.0ms top=None
INFO:root:[window 2026-09-24T10:29:20Z] FastPay   n=   89 err=  3.37% p95=  448.1ms top=504_TIMEOUT
INFO:root:[window 2026-09-24T10:29:20Z] QuickPay  n=   17 err=  0.00% p95=  432.5ms top=None
I0924 15:59:20.903143 8926662 ev_poll_posix.cc:587] FD from fork parent still in poll list: fd(7, generation: 1)
I0924 15:59:20.903198 8926662 ev_poll_posix.cc:587] FD from fork parent still in poll list: fd(14, generation: 1)
I0924 15:59:21.353187 8926800 ev_poll_posix.cc:587] FD from fork parent still in poll list: fd(7, generation: 1)
I0924 15:59:21.353239 8926800 ev_poll_posix.cc:587] FD from fork parent still in poll list: fd(14, generation: 1)
INFO:root:[window 2026-09-24T10:29:20Z] FastPay   n=    4 err=  0.00% p95=  313.9ms top=None
INFO:root:[window 2026-09-24T10:29:15Z] FastPay   n=    4 err=  0.00% p95=  313.9ms top=None
INFO:root:[window 2026-09-24T10:29:10Z] FastPay   n=    4 err=  0.00% p95=  313.9ms top=None
INFO:root:[window 2026-09-24T10:29:05Z] FastPay   n=    4 err=  0.00% p95=  313.9ms top=None
INFO:root:[window 2026-09-24T10:29:00Z] FastPay   n=    4 err=  0.00% p95=  313.9ms top=None
INFO:root:[window 2026-09-24T10:28:55Z] FastPay   n=    4 err=  0.00% p95=  313.9ms top=None
INFO:root:[window 2026-09-24T10:29:20Z] SecurePay n=    5 err=  0.00% p95=  325.7ms top=None
INFO:root:[window 2026-09-24T10:29:15Z] SecurePay n=    5 err=  0.00% p95=  325.7ms top=None
INFO:root:[window 2026-09-24T10:29:10Z] SecurePay n=    5 err=  0.00% p95=  325.7ms top=None
INFO:root:[window 2026-09-24T10:29:05Z] SecurePay n=    5 err=  0.00% p95=  325.7ms top=None
INFO:root:[window 2026-09-24T10:29:00Z] SecurePay n=    5 err=  0.00% p95=  325.7ms top=None
INFO:root:[window 2026-09-24T10:28:55Z] SecurePay n=    5 err=  0.00% p95=  325.7ms top=None
INFO:root:[window 2026-09-24T10:29:20Z] QuickPay  n=    1 err=  0.00% p95=  353.7ms top=None
INFO:root:[window 2026-09-24T10:29:15Z] QuickPay  n=    1 err=  0.00% p95=  353.7ms top=None
INFO:root:[window 2026-09-24T10:29:10Z] QuickPay  n=    1 err=  0.00% p95=  353.7ms top=None
INFO:root:[window 2026-09-24T10:29:05Z] QuickPay  n=    1 err=  0.00% p95=  353.7ms top=None
INFO:root:[window 2026-09-24T10:29:00Z] QuickPay  n=    1 err=  0.00% p95=  353.7ms top=None
INFO:root:[window 2026-09-24T10:28:55Z] QuickPay  n=    1 err=  0.00% p95=  353.7ms top=None
I0924 15:59:23.073915 8926971 ev_poll_posix.cc:587] FD from fork parent still in poll list: fd(7, generation: 1)
I0924 15:59:23.073974 8926971 ev_poll_posix.cc:587] FD from fork parent still in poll list: fd(14, generation: 1)
INFO:root:[window 2026-09-24T10:29:20Z] SecurePay n=    3 err=  0.00% p95=  233.5ms top=None
INFO:root:[window 2026-09-24T10:29:15Z] SecurePay n=    3 err=  0.00% p95=  233.5ms top=None
INFO:root:[window 2026-09-24T10:29:10Z] SecurePay n=    3 err=  0.00% p95=  233.5ms top=None
INFO:root:[window 2026-09-24T10:29:05Z] SecurePay n=    3 err=  0.00% p95=  233.5ms top=None
INFO:root:[window 2026-09-24T10:29:00Z] SecurePay n=    3 err=  0.00% p95=  233.5ms top=None
INFO:root:[window 2026-09-24T10:28:55Z] SecurePay n=    3 err=  0.00% p95=  233.5ms top=None
INFO:root:[window 2026-09-24T10:29:20Z] FastPay   n=    7 err=  0.00% p95=  315.5ms top=None
INFO:root:[window 2026-09-24T10:29:15Z] FastPay   n=    7 err=  0.00% p95=  315.5ms top=None
INFO:root:[window 2026-09-24T10:29:10Z] FastPay   n=    7 err=  0.00% p95=  315.5ms top=None
INFO:root:[window 2026-09-24T10:29:05Z] FastPay   n=    7 err=  0.00% p95=  315.5ms top=None
INFO:root:[window 2026-09-24T10:29:00Z] FastPay   n=    7 err=  0.00% p95=  315.5ms top=None
INFO:root:[window 2026-09-24T10:28:55Z] FastPay   n=    7 err=  0.00% p95=  315.5ms top=None
I0924 15:59:24.946563 8927147 ev_poll_posix.cc:587] FD from fork parent still in poll list: fd(7, generation: 1)
I0924 15:59:24.946621 8927147 ev_poll_posix.cc:587] FD from fork parent still in poll list: fd(14, generation: 1)
INFO:root:[window 2026-09-24T10:29:20Z] FastPay   n=   10 err= 10.00% p95=  493.6ms top=504_TIMEOUT
INFO:root:[window 2026-09-24T10:29:15Z] FastPay   n=   10 err= 10.00% p95=  493.6ms top=504_TIMEOUT
INFO:root:[window 2026-09-24T10:29:10Z] FastPay   n=   10 err= 10.00% p95=  493.6ms top=504_TIMEOUT
INFO:root:[window 2026-09-24T10:29:05Z] FastPay   n=   10 err= 10.00% p95=  493.6ms top=504_TIMEOUT
INFO:root:[window 2026-09-24T10:29:00Z] FastPay   n=   10 err= 10.00% p95=  493.6ms top=504_TIMEOUT
INFO:root:[window 2026-09-24T10:28:55Z] FastPay   n=   10 err= 10.00% p95=  493.6ms top=504_TIMEOUT
INFO:root:[window 2026-09-24T10:29:25Z] SecurePay n=   50 err=  0.00% p95=  445.0ms top=None
INFO:root:[window 2026-09-24T10:29:25Z] FastPay   n=  110 err=  3.64% p95=  463.8ms top=504_TIMEOUT
INFO:root:[window 2026-09-24T10:29:25Z] QuickPay  n=   18 err=  0.00% p95=  432.5ms top=None
I0924 15:59:27.261279 8927398 ev_poll_posix.cc:587] FD from fork parent still in poll list: fd(7, generation: 1)
I0924 15:59:27.261310 8927398 ev_poll_posix.cc:587] FD from fork parent still in poll list: fd(14, generation: 1)
I0924 15:59:27.694863 8927475 ev_poll_posix.cc:587] FD from fork parent still in poll list: fd(7, generation: 1)
I0924 15:59:27.694930 8927475 ev_poll_posix.cc:587] FD from fork parent still in poll list: fd(14, generation: 1)
INFO:root:[window 2026-09-24T10:29:25Z] QuickPay  n=    1 err=  0.00% p95=  306.5ms top=None
INFO:root:[window 2026-09-24T10:29:20Z] QuickPay  n=    1 err=  0.00% p95=  306.5ms top=None
INFO:root:[window 2026-09-24T10:29:15Z] QuickPay  n=    1 err=  0.00% p95=  306.5ms top=None
INFO:root:[window 2026-09-24T10:29:10Z] QuickPay  n=    1 err=  0.00% p95=  306.5ms top=None
INFO:root:[window 2026-09-24T10:29:05Z] QuickPay  n=    1 err=  0.00% p95=  306.5ms top=None
INFO:root:[window 2026-09-24T10:29:00Z] QuickPay  n=    1 err=  0.00% p95=  306.5ms top=None
INFO:root:[window 2026-09-24T10:28:55Z] QuickPay  n=    1 err=  0.00% p95=  306.5ms top=None
INFO:root:[window 2026-09-24T10:29:25Z] FastPay   n=    8 err=  0.00% p95=  426.7ms top=None
INFO:root:[window 2026-09-24T10:29:20Z] FastPay   n=    8 err=  0.00% p95=  426.7ms top=None
INFO:root:[window 2026-09-24T10:29:15Z] FastPay   n=    8 err=  0.00% p95=  426.7ms top=None
INFO:root:[window 2026-09-24T10:29:10Z] FastPay   n=    8 err=  0.00% p95=  426.7ms top=None
INFO:root:[window 2026-09-24T10:29:05Z] FastPay   n=    8 err=  0.00% p95=  426.7ms top=None
INFO:root:[window 2026-09-24T10:29:00Z] FastPay   n=    8 err=  0.00% p95=  426.7ms top=None
INFO:root:[window 2026-09-24T10:28:55Z] FastPay   n=    8 err=  0.00% p95=  426.7ms top=None
INFO:root:[window 2026-09-24T10:29:25Z] SecurePay n=    1 err=  0.00% p95=  284.1ms top=None
INFO:root:[window 2026-09-24T10:29:20Z] SecurePay n=    1 err=  0.00% p95=  284.1ms top=None
INFO:root:[window 2026-09-24T10:29:15Z] SecurePay n=    1 err=  0.00% p95=  284.1ms top=None
INFO:root:[window 2026-09-24T10:29:10Z] SecurePay n=    1 err=  0.00% p95=  284.1ms top=None
INFO:root:[window 2026-09-24T10:29:05Z] SecurePay n=    1 err=  0.00% p95=  284.1ms top=None
INFO:root:[window 2026-09-24T10:29:00Z] SecurePay n=    1 err=  0.00% p95=  284.1ms top=None
INFO:root:[window 2026-09-24T10:28:55Z] SecurePay n=    1 err=  0.00% p95=  284.1ms top=None
I0924 15:59:30.159400 8927651 ev_poll_posix.cc:587] FD from fork parent still in poll list: fd(7, generation: 1)
I0924 15:59:30.159783 8927651 ev_poll_posix.cc:587] FD from fork parent still in poll list: fd(14, generation: 1)
INFO:root:[window 2026-09-24T10:29:25Z] FastPay   n=    9 err=  0.00% p95=  310.1ms top=None
INFO:root:[window 2026-09-24T10:29:20Z] FastPay   n=    9 err=  0.00% p95=  310.1ms top=None
INFO:root:[window 2026-09-24T10:29:15Z] FastPay   n=    9 err=  0.00% p95=  310.1ms top=None
INFO:root:[window 2026-09-24T10:29:10Z] FastPay   n=    9 err=  0.00% p95=  310.1ms top=None
INFO:root:[window 2026-09-24T10:29:05Z] FastPay   n=    9 err=  0.00% p95=  310.1ms top=None
INFO:root:[window 2026-09-24T10:29:00Z] FastPay   n=    9 err=  0.00% p95=  310.1ms top=None
INFO:root:[window 2026-09-24T10:28:55Z] FastPay   n=    9 err=  0.00% p95=  310.1ms top=None
INFO:root:[window 2026-09-24T10:29:25Z] QuickPay  n=    1 err=  0.00% p95=  351.1ms top=None
INFO:root:[window 2026-09-24T10:29:20Z] QuickPay  n=    1 err=  0.00% p95=  351.1ms top=None
INFO:root:[window 2026-09-24T10:29:15Z] QuickPay  n=    1 err=  0.00% p95=  351.1ms top=None
INFO:root:[window 2026-09-24T10:29:10Z] QuickPay  n=    1 err=  0.00% p95=  351.1ms top=None
INFO:root:[window 2026-09-24T10:29:05Z] QuickPay  n=    1 err=  0.00% p95=  351.1ms top=None
INFO:root:[window 2026-09-24T10:29:00Z] QuickPay  n=    1 err=  0.00% p95=  351.1ms top=None
INFO:root:[window 2026-09-24T10:28:55Z] QuickPay  n=    1 err=  0.00% p95=  351.1ms top=None
INFO:root:[window 2026-09-24T10:29:30Z] SecurePay n=   51 err=  0.00% p95=  445.0ms top=None
INFO:root:[window 2026-09-24T10:29:30Z] FastPay   n=  127 err=  3.15% p95=  463.8ms top=504_TIMEOUT
INFO:root:[window 2026-09-24T10:29:30Z] QuickPay  n=   20 err=  0.00% p95=  432.5ms top=None
I0924 15:59:31.949775 8927829 ev_poll_posix.cc:587] FD from fork parent still in poll list: fd(7, generation: 1)
I0924 15:59:31.949902 8927829 ev_poll_posix.cc:587] FD from fork parent still in poll list: fd(14, generation: 1)
I0924 15:59:32.519138 8927920 ev_poll_posix.cc:587] FD from fork parent still in poll list: fd(7, generation: 1)
I0924 15:59:32.519199 8927920 ev_poll_posix.cc:587] FD from fork parent still in poll list: fd(14, generation: 1)
INFO:root:[window 2026-09-24T10:29:30Z] SecurePay n=    5 err=  0.00% p95=  340.9ms top=None
INFO:root:[window 2026-09-24T10:29:25Z] SecurePay n=    5 err=  0.00% p95=  340.9ms top=None
INFO:root:[window 2026-09-24T10:29:20Z] SecurePay n=    5 err=  0.00% p95=  340.9ms top=None
INFO:root:[window 2026-09-24T10:29:15Z] SecurePay n=    5 err=  0.00% p95=  340.9ms top=None
INFO:root:[window 2026-09-24T10:29:10Z] SecurePay n=    5 err=  0.00% p95=  340.9ms top=None
INFO:root:[window 2026-09-24T10:29:05Z] SecurePay n=    5 err=  0.00% p95=  340.9ms top=None
INFO:root:[window 2026-09-24T10:29:00Z] SecurePay n=    5 err=  0.00% p95=  340.9ms top=None
INFO:root:[window 2026-09-24T10:28:55Z] SecurePay n=    5 err=  0.00% p95=  340.9ms top=None
INFO:root:[window 2026-09-24T10:29:30Z] QuickPay  n=    1 err=  0.00% p95=  251.3ms top=None
INFO:root:[window 2026-09-24T10:29:25Z] QuickPay  n=    1 err=  0.00% p95=  251.3ms top=None
INFO:root:[window 2026-09-24T10:29:20Z] QuickPay  n=    1 err=  0.00% p95=  251.3ms top=None
INFO:root:[window 2026-09-24T10:29:15Z] QuickPay  n=    1 err=  0.00% p95=  251.3ms top=None
INFO:root:[window 2026-09-24T10:29:10Z] QuickPay  n=    1 err=  0.00% p95=  251.3ms top=None
INFO:root:[window 2026-09-24T10:29:05Z] QuickPay  n=    1 err=  0.00% p95=  251.3ms top=None
INFO:root:[window 2026-09-24T10:29:00Z] QuickPay  n=    1 err=  0.00% p95=  251.3ms top=None
INFO:root:[window 2026-09-24T10:28:55Z] QuickPay  n=    1 err=  0.00% p95=  251.3ms top=None
INFO:root:[window 2026-09-24T10:29:30Z] FastPay   n=    4 err=  0.00% p95=  282.7ms top=None
INFO:root:[window 2026-09-24T10:29:25Z] FastPay   n=    4 err=  0.00% p95=  282.7ms top=None
INFO:root:[window 2026-09-24T10:29:20Z] FastPay   n=    4 err=  0.00% p95=  282.7ms top=None
INFO:root:[window 2026-09-24T10:29:15Z] FastPay   n=    4 err=  0.00% p95=  282.7ms top=None
INFO:root:[window 2026-09-24T10:29:10Z] FastPay   n=    4 err=  0.00% p95=  282.7ms top=None
INFO:root:[window 2026-09-24T10:29:05Z] FastPay   n=    4 err=  0.00% p95=  282.7ms top=None
INFO:root:[window 2026-09-24T10:29:00Z] FastPay   n=    4 err=  0.00% p95=  282.7ms top=None
INFO:root:[window 2026-09-24T10:28:55Z] FastPay   n=    4 err=  0.00% p95=  282.7ms top=None
I0924 15:59:34.918031 8928113 ev_poll_posix.cc:587] FD from fork parent still in poll list: fd(7, generation: 1)
I0924 15:59:34.918101 8928113 ev_poll_posix.cc:587] FD from fork parent still in poll list: fd(14, generation: 1)
INFO:root:[window 2026-09-24T10:29:30Z] FastPay   n=    5 err=  0.00% p95=  315.4ms top=None
INFO:root:[window 2026-09-24T10:29:25Z] FastPay   n=    5 err=  0.00% p95=  315.4ms top=None
INFO:root:[window 2026-09-24T10:29:20Z] FastPay   n=    5 err=  0.00% p95=  315.4ms top=None
INFO:root:[window 2026-09-24T10:29:15Z] FastPay   n=    5 err=  0.00% p95=  315.4ms top=None
INFO:root:[window 2026-09-24T10:29:10Z] FastPay   n=    5 err=  0.00% p95=  315.4ms top=None
INFO:root:[window 2026-09-24T10:29:05Z] FastPay   n=    5 err=  0.00% p95=  315.4ms top=None
INFO:root:[window 2026-09-24T10:29:00Z] FastPay   n=    5 err=  0.00% p95=  315.4ms top=None
INFO:root:[window 2026-09-24T10:28:55Z] FastPay   n=    5 err=  0.00% p95=  315.4ms top=None
INFO:root:[window 2026-09-24T10:29:30Z] SecurePay n=    3 err=  0.00% p95=  303.6ms top=None
INFO:root:[window 2026-09-24T10:29:25Z] SecurePay n=    3 err=  0.00% p95=  303.6ms top=None
INFO:root:[window 2026-09-24T10:29:20Z] SecurePay n=    3 err=  0.00% p95=  303.6ms top=None
INFO:root:[window 2026-09-24T10:29:15Z] SecurePay n=    3 err=  0.00% p95=  303.6ms top=None
INFO:root:[window 2026-09-24T10:29:10Z] SecurePay n=    3 err=  0.00% p95=  303.6ms top=None
INFO:root:[window 2026-09-24T10:29:05Z] SecurePay n=    3 err=  0.00% p95=  303.6ms top=None
INFO:root:[window 2026-09-24T10:29:00Z] SecurePay n=    3 err=  0.00% p95=  303.6ms top=None
INFO:root:[window 2026-09-24T10:28:55Z] SecurePay n=    3 err=  0.00% p95=  303.6ms top=None
INFO:root:[window 2026-09-24T10:29:30Z] QuickPay  n=    2 err=  0.00% p95=  250.7ms top=None
INFO:root:[window 2026-09-24T10:29:25Z] QuickPay  n=    2 err=  0.00% p95=  250.7ms top=None
INFO:root:[window 2026-09-24T10:29:20Z] QuickPay  n=    2 err=  0.00% p95=  250.7ms top=None
INFO:root:[window 2026-09-24T10:29:15Z] QuickPay  n=    2 err=  0.00% p95=  250.7ms top=None
INFO:root:[window 2026-09-24T10:29:10Z] QuickPay  n=    2 err=  0.00% p95=  250.7ms top=None
INFO:root:[window 2026-09-24T10:29:05Z] QuickPay  n=    2 err=  0.00% p95=  250.7ms top=None
INFO:root:[window 2026-09-24T10:29:00Z] QuickPay  n=    2 err=  0.00% p95=  250.7ms top=None
INFO:root:[window 2026-09-24T10:28:55Z] QuickPay  n=    2 err=  0.00% p95=  250.7ms top=None
INFO:root:[window 2026-09-24T10:29:35Z] SecurePay n=   59 err=  0.00% p95=  445.0ms top=None
INFO:root:[window 2026-09-24T10:29:35Z] FastPay   n=  136 err=  2.94% p95=  463.8ms top=504_TIMEOUT
INFO:root:[window 2026-09-24T10:29:35Z] QuickPay  n=   23 err=  0.00% p95=  432.5ms top=None
I0924 15:59:36.753872 8928308 ev_poll_posix.cc:587] FD from fork parent still in poll list: fd(7, generation: 1)
I0924 15:59:36.753931 8928308 ev_poll_posix.cc:587] FD from fork parent still in poll list: fd(14, generation: 1)
I0924 15:59:37.244009 8928395 ev_poll_posix.cc:587] FD from fork parent still in poll list: fd(7, generation: 1)
I0924 15:59:37.244080 8928395 ev_poll_posix.cc:587] FD from fork parent still in poll list: fd(14, generation: 1)
INFO:root:[window 2026-09-24T10:29:35Z] FastPay   n=    5 err=  0.00% p95=  370.4ms top=None
INFO:root:[window 2026-09-24T10:29:30Z] FastPay   n=    5 err=  0.00% p95=  370.4ms top=None
INFO:root:[window 2026-09-24T10:29:25Z] FastPay   n=    5 err=  0.00% p95=  370.4ms top=None
INFO:root:[window 2026-09-24T10:29:20Z] FastPay   n=    5 err=  0.00% p95=  370.4ms top=None
INFO:root:[window 2026-09-24T10:29:15Z] FastPay   n=    5 err=  0.00% p95=  370.4ms top=None
INFO:root:[window 2026-09-24T10:29:10Z] FastPay   n=    5 err=  0.00% p95=  370.4ms top=None
INFO:root:[window 2026-09-24T10:29:05Z] FastPay   n=    5 err=  0.00% p95=  370.4ms top=None
INFO:root:[window 2026-09-24T10:29:00Z] FastPay   n=    5 err=  0.00% p95=  370.4ms top=None
INFO:root:[window 2026-09-24T10:28:55Z] FastPay   n=    5 err=  0.00% p95=  370.4ms top=None
INFO:root:[window 2026-09-24T10:29:35Z] SecurePay n=    3 err=  0.00% p95=  266.8ms top=None
INFO:root:[window 2026-09-24T10:29:30Z] SecurePay n=    3 err=  0.00% p95=  266.8ms top=None
INFO:root:[window 2026-09-24T10:29:25Z] SecurePay n=    3 err=  0.00% p95=  266.8ms top=None
INFO:root:[window 2026-09-24T10:29:20Z] SecurePay n=    3 err=  0.00% p95=  266.8ms top=None
INFO:root:[window 2026-09-24T10:29:15Z] SecurePay n=    3 err=  0.00% p95=  266.8ms top=None
INFO:root:[window 2026-09-24T10:29:10Z] SecurePay n=    3 err=  0.00% p95=  266.8ms top=None
INFO:root:[window 2026-09-24T10:29:05Z] SecurePay n=    3 err=  0.00% p95=  266.8ms top=None
INFO:root:[window 2026-09-24T10:29:00Z] SecurePay n=    3 err=  0.00% p95=  266.8ms top=None
INFO:root:[window 2026-09-24T10:28:55Z] SecurePay n=    3 err=  0.00% p95=  266.8ms top=None
INFO:root:[window 2026-09-24T10:29:35Z] QuickPay  n=    2 err=  0.00% p95=  140.1ms top=None
INFO:root:[window 2026-09-24T10:29:30Z] QuickPay  n=    2 err=  0.00% p95=  140.1ms top=None
INFO:root:[window 2026-09-24T10:29:25Z] QuickPay  n=    2 err=  0.00% p95=  140.1ms top=None
INFO:root:[window 2026-09-24T10:29:20Z] QuickPay  n=    2 err=  0.00% p95=  140.1ms top=None
INFO:root:[window 2026-09-24T10:29:15Z] QuickPay  n=    2 err=  0.00% p95=  140.1ms top=None
INFO:root:[window 2026-09-24T10:29:10Z] QuickPay  n=    2 err=  0.00% p95=  140.1ms top=None
INFO:root:[window 2026-09-24T10:29:05Z] QuickPay  n=    2 err=  0.00% p95=  140.1ms top=None
INFO:root:[window 2026-09-24T10:29:00Z] QuickPay  n=    2 err=  0.00% p95=  140.1ms top=None
INFO:root:[window 2026-09-24T10:28:55Z] QuickPay  n=    2 err=  0.00% p95=  140.1ms top=None
I0924 15:59:39.023388 8928557 ev_poll_posix.cc:587] FD from fork parent still in poll list: fd(7, generation: 1)
I0924 15:59:39.023449 8928557 ev_poll_posix.cc:587] FD from fork parent still in poll list: fd(14, generation: 1)
INFO:root:[window 2026-09-24T10:29:35Z] FastPay   n=    6 err=  0.00% p95=  377.3ms top=None
INFO:root:[window 2026-09-24T10:29:30Z] FastPay   n=    6 err=  0.00% p95=  377.3ms top=None
INFO:root:[window 2026-09-24T10:29:25Z] FastPay   n=    6 err=  0.00% p95=  377.3ms top=None
INFO:root:[window 2026-09-24T10:29:20Z] FastPay   n=    6 err=  0.00% p95=  377.3ms top=None
INFO:root:[window 2026-09-24T10:29:15Z] FastPay   n=    6 err=  0.00% p95=  377.3ms top=None
INFO:root:[window 2026-09-24T10:29:10Z] FastPay   n=    6 err=  0.00% p95=  377.3ms top=None
INFO:root:[window 2026-09-24T10:29:05Z] FastPay   n=    6 err=  0.00% p95=  377.3ms top=None
INFO:root:[window 2026-09-24T10:29:00Z] FastPay   n=    6 err=  0.00% p95=  377.3ms top=None
INFO:root:[window 2026-09-24T10:28:55Z] FastPay   n=    6 err=  0.00% p95=  377.3ms top=None
INFO:root:[window 2026-09-24T10:29:35Z] SecurePay n=    2 err=  0.00% p95=  275.9ms top=None
INFO:root:[window 2026-09-24T10:29:30Z] SecurePay n=    2 err=  0.00% p95=  275.9ms top=None
INFO:root:[window 2026-09-24T10:29:25Z] SecurePay n=    2 err=  0.00% p95=  275.9ms top=None
INFO:root:[window 2026-09-24T10:29:20Z] SecurePay n=    2 err=  0.00% p95=  275.9ms top=None
INFO:root:[window 2026-09-24T10:29:15Z] SecurePay n=    2 err=  0.00% p95=  275.9ms top=None
INFO:root:[window 2026-09-24T10:29:10Z] SecurePay n=    2 err=  0.00% p95=  275.9ms top=None
INFO:root:[window 2026-09-24T10:29:05Z] SecurePay n=    2 err=  0.00% p95=  275.9ms top=None
INFO:root:[window 2026-09-24T10:29:00Z] SecurePay n=    2 err=  0.00% p95=  275.9ms top=None
INFO:root:[window 2026-09-24T10:28:55Z] SecurePay n=    2 err=  0.00% p95=  275.9ms top=None
INFO:root:[window 2026-09-24T10:29:35Z] QuickPay  n=    2 err=  0.00% p95=  268.8ms top=None
INFO:root:[window 2026-09-24T10:29:30Z] QuickPay  n=    2 err=  0.00% p95=  268.8ms top=None
INFO:root:[window 2026-09-24T10:29:25Z] QuickPay  n=    2 err=  0.00% p95=  268.8ms top=None
INFO:root:[window 2026-09-24T10:29:20Z] QuickPay  n=    2 err=  0.00% p95=  268.8ms top=None
INFO:root:[window 2026-09-24T10:29:15Z] QuickPay  n=    2 err=  0.00% p95=  268.8ms top=None
INFO:root:[window 2026-09-24T10:29:10Z] QuickPay  n=    2 err=  0.00% p95=  268.8ms top=None
INFO:root:[window 2026-09-24T10:29:05Z] QuickPay  n=    2 err=  0.00% p95=  268.8ms top=None
INFO:root:[window 2026-09-24T10:29:00Z] QuickPay  n=    2 err=  0.00% p95=  268.8ms top=None
INFO:root:[window 2026-09-24T10:28:55Z] QuickPay  n=    2 err=  0.00% p95=  268.8ms top=None
INFO:root:[window 2026-09-24T10:29:40Z] SecurePay n=   64 err=  0.00% p95=  430.0ms top=None
INFO:root:[window 2026-09-24T10:29:40Z] FastPay   n=  147 err=  2.72% p95=  463.7ms top=504_TIMEOUT
INFO:root:[window 2026-09-24T10:29:40Z] QuickPay  n=   27 err=  0.00% p95=  432.5ms top=None
I0924 15:59:41.320008 8928748 ev_poll_posix.cc:587] FD from fork parent still in poll list: fd(7, generation: 1)
I0924 15:59:41.320070 8928748 ev_poll_posix.cc:587] FD from fork parent still in poll list: fd(14, generation: 1)
I0924 15:59:42.020806 8928895 ev_poll_posix.cc:587] FD from fork parent still in poll list: fd(7, generation: 1)
I0924 15:59:42.020892 8928895 ev_poll_posix.cc:587] FD from fork parent still in poll list: fd(14, generation: 1)
INFO:root:[window 2026-09-24T10:29:40Z] FastPay   n=    6 err=  0.00% p95=  365.2ms top=None
INFO:root:[window 2026-09-24T10:29:35Z] FastPay   n=    6 err=  0.00% p95=  365.2ms top=None
INFO:root:[window 2026-09-24T10:29:30Z] FastPay   n=    6 err=  0.00% p95=  365.2ms top=None
INFO:root:[window 2026-09-24T10:29:25Z] FastPay   n=    6 err=  0.00% p95=  365.2ms top=None
INFO:root:[window 2026-09-24T10:29:20Z] FastPay   n=    6 err=  0.00% p95=  365.2ms top=None
INFO:root:[window 2026-09-24T10:29:15Z] FastPay   n=    6 err=  0.00% p95=  365.2ms top=None
INFO:root:[window 2026-09-24T10:29:10Z] FastPay   n=    6 err=  0.00% p95=  365.2ms top=None
INFO:root:[window 2026-09-24T10:29:05Z] FastPay   n=    6 err=  0.00% p95=  365.2ms top=None
INFO:root:[window 2026-09-24T10:29:00Z] FastPay   n=    6 err=  0.00% p95=  365.2ms top=None
INFO:root:[window 2026-09-24T10:28:55Z] FastPay   n=    6 err=  0.00% p95=  365.2ms top=None
INFO:root:[window 2026-09-24T10:28:25Z] FastPay   n=    1 err=  0.00% p95=  340.9ms top=None
INFO:root:[window 2026-09-24T10:28:20Z] FastPay   n=    1 err=  0.00% p95=  340.9ms top=None
INFO:root:[window 2026-09-24T10:28:15Z] FastPay   n=    1 err=  0.00% p95=  340.9ms top=None
INFO:root:[window 2026-09-24T10:28:10Z] FastPay   n=    1 err=  0.00% p95=  340.9ms top=None
INFO:root:[window 2026-09-24T10:28:05Z] FastPay   n=    1 err=  0.00% p95=  340.9ms top=None
INFO:root:[window 2026-09-24T10:28:00Z] FastPay   n=    1 err=  0.00% p95=  340.9ms top=None
INFO:root:[window 2026-09-24T10:27:55Z] FastPay   n=    1 err=  0.00% p95=  340.9ms top=None
INFO:root:[window 2026-09-24T10:27:50Z] FastPay   n=    1 err=  0.00% p95=  340.9ms top=None
INFO:root:[window 2026-09-24T10:27:45Z] FastPay   n=    1 err=  0.00% p95=  340.9ms top=None
INFO:root:[window 2026-09-24T10:29:40Z] SecurePay n=    2 err=  0.00% p95=  321.6ms top=None
INFO:root:[window 2026-09-24T10:29:35Z] SecurePay n=    2 err=  0.00% p95=  321.6ms top=None
INFO:root:[window 2026-09-24T10:29:30Z] SecurePay n=    2 err=  0.00% p95=  321.6ms top=None
INFO:root:[window 2026-09-24T10:29:25Z] SecurePay n=    2 err=  0.00% p95=  321.6ms top=None
INFO:root:[window 2026-09-24T10:29:20Z] SecurePay n=    2 err=  0.00% p95=  321.6ms top=None
INFO:root:[window 2026-09-24T10:29:15Z] SecurePay n=    2 err=  0.00% p95=  321.6ms top=None
INFO:root:[window 2026-09-24T10:29:10Z] SecurePay n=    2 err=  0.00% p95=  321.6ms top=None
INFO:root:[window 2026-09-24T10:29:05Z] SecurePay n=    2 err=  0.00% p95=  321.6ms top=None
INFO:root:[window 2026-09-24T10:29:00Z] SecurePay n=    2 err=  0.00% p95=  321.6ms top=None
INFO:root:[window 2026-09-24T10:28:55Z] SecurePay n=    2 err=  0.00% p95=  321.6ms top=None
INFO:root:[window 2026-09-24T10:29:40Z] QuickPay  n=    1 err=  0.00% p95=  378.3ms top=None
INFO:root:[window 2026-09-24T10:29:35Z] QuickPay  n=    1 err=  0.00% p95=  378.3ms top=None
INFO:root:[window 2026-09-24T10:29:30Z] QuickPay  n=    1 err=  0.00% p95=  378.3ms top=None
INFO:root:[window 2026-09-24T10:29:25Z] QuickPay  n=    1 err=  0.00% p95=  378.3ms top=None
INFO:root:[window 2026-09-24T10:29:20Z] QuickPay  n=    1 err=  0.00% p95=  378.3ms top=None
INFO:root:[window 2026-09-24T10:29:15Z] QuickPay  n=    1 err=  0.00% p95=  378.3ms top=None
INFO:root:[window 2026-09-24T10:29:10Z] QuickPay  n=    1 err=  0.00% p95=  378.3ms top=None
INFO:root:[window 2026-09-24T10:29:05Z] QuickPay  n=    1 err=  0.00% p95=  378.3ms top=None
INFO:root:[window 2026-09-24T10:29:00Z] QuickPay  n=    1 err=  0.00% p95=  378.3ms top=None
INFO:root:[window 2026-09-24T10:28:55Z] QuickPay  n=    1 err=  0.00% p95=  378.3ms top=None
I0924 15:59:43.829144 8929137 ev_poll_posix.cc:587] FD from fork parent still in poll list: fd(7, generation: 1)
I0924 15:59:43.829202 8929137 ev_poll_posix.cc:587] FD from fork parent still in poll list: fd(14, generation: 1)
INFO:root:[window 2026-09-24T10:29:40Z] FastPay   n=    6 err=  0.00% p95=  347.8ms top=None
INFO:root:[window 2026-09-24T10:29:35Z] FastPay   n=    6 err=  0.00% p95=  347.8ms top=None
INFO:root:[window 2026-09-24T10:29:30Z] FastPay   n=    6 err=  0.00% p95=  347.8ms top=None
INFO:root:[window 2026-09-24T10:29:25Z] FastPay   n=    6 err=  0.00% p95=  347.8ms top=None
INFO:root:[window 2026-09-24T10:29:20Z] FastPay   n=    6 err=  0.00% p95=  347.8ms top=None
INFO:root:[window 2026-09-24T10:29:15Z] FastPay   n=    6 err=  0.00% p95=  347.8ms top=None
INFO:root:[window 2026-09-24T10:29:10Z] FastPay   n=    6 err=  0.00% p95=  347.8ms top=None
INFO:root:[window 2026-09-24T10:29:05Z] FastPay   n=    6 err=  0.00% p95=  347.8ms top=None
INFO:root:[window 2026-09-24T10:29:00Z] FastPay   n=    6 err=  0.00% p95=  347.8ms top=None
INFO:root:[window 2026-09-24T10:28:55Z] FastPay   n=    6 err=  0.00% p95=  347.8ms top=None
INFO:root:[window 2026-09-24T10:28:30Z] FastPay   n=    1 err=  0.00% p95=  267.1ms top=None
INFO:root:[window 2026-09-24T10:28:25Z] FastPay   n=    1 err=  0.00% p95=  267.1ms top=None
INFO:root:[window 2026-09-24T10:28:20Z] FastPay   n=    1 err=  0.00% p95=  267.1ms top=None
INFO:root:[window 2026-09-24T10:28:15Z] FastPay   n=    1 err=  0.00% p95=  267.1ms top=None
INFO:root:[window 2026-09-24T10:28:10Z] FastPay   n=    1 err=  0.00% p95=  267.1ms top=None
INFO:root:[window 2026-09-24T10:28:05Z] FastPay   n=    1 err=  0.00% p95=  267.1ms top=None
INFO:root:[window 2026-09-24T10:28:00Z] FastPay   n=    1 err=  0.00% p95=  267.1ms top=None
INFO:root:[window 2026-09-24T10:27:55Z] FastPay   n=    1 err=  0.00% p95=  267.1ms top=None
INFO:root:[window 2026-09-24T10:27:50Z] FastPay   n=    1 err=  0.00% p95=  267.1ms top=None
INFO:root:[window 2026-09-24T10:27:45Z] FastPay   n=    1 err=  0.00% p95=  267.1ms top=None
INFO:root:[window 2026-09-24T10:29:40Z] SecurePay n=    3 err=  0.00% p95=  336.2ms top=None
INFO:root:[window 2026-09-24T10:29:35Z] SecurePay n=    3 err=  0.00% p95=  336.2ms top=None
INFO:root:[window 2026-09-24T10:29:30Z] SecurePay n=    3 err=  0.00% p95=  336.2ms top=None
INFO:root:[window 2026-09-24T10:29:25Z] SecurePay n=    3 err=  0.00% p95=  336.2ms top=None
INFO:root:[window 2026-09-24T10:29:20Z] SecurePay n=    3 err=  0.00% p95=  336.2ms top=None
INFO:root:[window 2026-09-24T10:29:15Z] SecurePay n=    3 err=  0.00% p95=  336.2ms top=None
INFO:root:[window 2026-09-24T10:29:10Z] SecurePay n=    3 err=  0.00% p95=  336.2ms top=None
INFO:root:[window 2026-09-24T10:29:05Z] SecurePay n=    3 err=  0.00% p95=  336.2ms top=None
INFO:root:[window 2026-09-24T10:29:00Z] SecurePay n=    3 err=  0.00% p95=  336.2ms top=None
INFO:root:[window 2026-09-24T10:28:55Z] SecurePay n=    3 err=  0.00% p95=  336.2ms top=None
INFO:root:[window 2026-09-24T10:29:45Z] SecurePay n=   69 err=  0.00% p95=  430.0ms top=None
INFO:root:[window 2026-09-24T10:29:45Z] FastPay   n=  159 err=  2.52% p95=  463.7ms top=504_TIMEOUT
INFO:root:[window 2026-09-24T10:29:45Z] QuickPay  n=   28 err=  0.00% p95=  432.5ms top=None
I0924 15:59:45.624257 8929339 ev_poll_posix.cc:587] FD from fork parent still in poll list: fd(7, generation: 1)
I0924 15:59:45.624605 8929339 ev_poll_posix.cc:587] FD from fork parent still in poll list: fd(14, generation: 1)
I0924 15:59:46.146197 8929433 ev_poll_posix.cc:587] FD from fork parent still in poll list: fd(7, generation: 1)
I0924 15:59:46.146261 8929433 ev_poll_posix.cc:587] FD from fork parent still in poll list: fd(14, generation: 1)
INFO:root:[window 2026-09-24T10:29:45Z] FastPay   n=    6 err=  0.00% p95=  340.4ms top=None
INFO:root:[window 2026-09-24T10:29:40Z] FastPay   n=    6 err=  0.00% p95=  340.4ms top=None
INFO:root:[window 2026-09-24T10:29:35Z] FastPay   n=    6 err=  0.00% p95=  340.4ms top=None
INFO:root:[window 2026-09-24T10:29:30Z] FastPay   n=    6 err=  0.00% p95=  340.4ms top=None
INFO:root:[window 2026-09-24T10:29:25Z] FastPay   n=    6 err=  0.00% p95=  340.4ms top=None
INFO:root:[window 2026-09-24T10:29:20Z] FastPay   n=    6 err=  0.00% p95=  340.4ms top=None
INFO:root:[window 2026-09-24T10:29:15Z] FastPay   n=    6 err=  0.00% p95=  340.4ms top=None
INFO:root:[window 2026-09-24T10:29:10Z] FastPay   n=    6 err=  0.00% p95=  340.4ms top=None
INFO:root:[window 2026-09-24T10:29:05Z] FastPay   n=    6 err=  0.00% p95=  340.4ms top=None
INFO:root:[window 2026-09-24T10:29:00Z] FastPay   n=    6 err=  0.00% p95=  340.4ms top=None
INFO:root:[window 2026-09-24T10:28:55Z] FastPay   n=    6 err=  0.00% p95=  340.4ms top=None
INFO:root:[window 2026-09-24T10:29:45Z] QuickPay  n=    2 err=  0.00% p95=  415.7ms top=None
INFO:root:[window 2026-09-24T10:29:40Z] QuickPay  n=    2 err=  0.00% p95=  415.7ms top=None
INFO:root:[window 2026-09-24T10:29:35Z] QuickPay  n=    2 err=  0.00% p95=  415.7ms top=None
INFO:root:[window 2026-09-24T10:29:30Z] QuickPay  n=    2 err=  0.00% p95=  415.7ms top=None
INFO:root:[window 2026-09-24T10:29:25Z] QuickPay  n=    2 err=  0.00% p95=  415.7ms top=None
INFO:root:[window 2026-09-24T10:29:20Z] QuickPay  n=    2 err=  0.00% p95=  415.7ms top=None
INFO:root:[window 2026-09-24T10:29:15Z] QuickPay  n=    2 err=  0.00% p95=  415.7ms top=None
INFO:root:[window 2026-09-24T10:29:10Z] QuickPay  n=    2 err=  0.00% p95=  415.7ms top=None
INFO:root:[window 2026-09-24T10:29:05Z] QuickPay  n=    2 err=  0.00% p95=  415.7ms top=None
INFO:root:[window 2026-09-24T10:29:00Z] QuickPay  n=    2 err=  0.00% p95=  415.7ms top=None
INFO:root:[window 2026-09-24T10:28:55Z] QuickPay  n=    2 err=  0.00% p95=  415.7ms top=None
INFO:root:[window 2026-09-24T10:29:45Z] SecurePay n=    2 err= 50.00% p95=  193.7ms top=504_TIMEOUT
INFO:root:[window 2026-09-24T10:29:40Z] SecurePay n=    2 err= 50.00% p95=  193.7ms top=504_TIMEOUT
INFO:root:[window 2026-09-24T10:29:35Z] SecurePay n=    2 err= 50.00% p95=  193.7ms top=504_TIMEOUT
INFO:root:[window 2026-09-24T10:29:30Z] SecurePay n=    2 err= 50.00% p95=  193.7ms top=504_TIMEOUT
INFO:root:[window 2026-09-24T10:29:25Z] SecurePay n=    2 err= 50.00% p95=  193.7ms top=504_TIMEOUT
INFO:root:[window 2026-09-24T10:29:20Z] SecurePay n=    2 err= 50.00% p95=  193.7ms top=504_TIMEOUT
INFO:root:[window 2026-09-24T10:29:15Z] SecurePay n=    2 err= 50.00% p95=  193.7ms top=504_TIMEOUT
INFO:root:[window 2026-09-24T10:29:10Z] SecurePay n=    2 err= 50.00% p95=  193.7ms top=504_TIMEOUT
INFO:root:[window 2026-09-24T10:29:05Z] SecurePay n=    2 err= 50.00% p95=  193.7ms top=504_TIMEOUT
INFO:root:[window 2026-09-24T10:29:00Z] SecurePay n=    2 err= 50.00% p95=  193.7ms top=504_TIMEOUT
INFO:root:[window 2026-09-24T10:28:55Z] SecurePay n=    2 err= 50.00% p95=  193.7ms top=504_TIMEOUT
I0924 15:59:48.528015 8929636 ev_poll_posix.cc:587] FD from fork parent still in poll list: fd(7, generation: 1)
I0924 15:59:48.528113 8929636 ev_poll_posix.cc:587] FD from fork parent still in poll list: fd(14, generation: 1)
INFO:root:[window 2026-09-24T10:29:45Z] FastPay   n=    4 err=  0.00% p95=  330.5ms top=None
INFO:root:[window 2026-09-24T10:29:40Z] FastPay   n=    4 err=  0.00% p95=  330.5ms top=None
INFO:root:[window 2026-09-24T10:29:35Z] FastPay   n=    4 err=  0.00% p95=  330.5ms top=None
INFO:root:[window 2026-09-24T10:29:30Z] FastPay   n=    4 err=  0.00% p95=  330.5ms top=None
INFO:root:[window 2026-09-24T10:29:25Z] FastPay   n=    4 err=  0.00% p95=  330.5ms top=None
INFO:root:[window 2026-09-24T10:29:20Z] FastPay   n=    4 err=  0.00% p95=  330.5ms top=None
INFO:root:[window 2026-09-24T10:29:15Z] FastPay   n=    4 err=  0.00% p95=  330.5ms top=None
INFO:root:[window 2026-09-24T10:29:10Z] FastPay   n=    4 err=  0.00% p95=  330.5ms top=None
INFO:root:[window 2026-09-24T10:29:05Z] FastPay   n=    4 err=  0.00% p95=  330.5ms top=None
INFO:root:[window 2026-09-24T10:29:00Z] FastPay   n=    4 err=  0.00% p95=  330.5ms top=None
INFO:root:[window 2026-09-24T10:28:55Z] FastPay   n=    4 err=  0.00% p95=  330.5ms top=None
INFO:root:[window 2026-09-24T10:29:45Z] SecurePay n=    6 err=  0.00% p95=  274.0ms top=None
INFO:root:[window 2026-09-24T10:29:40Z] SecurePay n=    6 err=  0.00% p95=  274.0ms top=None
INFO:root:[window 2026-09-24T10:29:35Z] SecurePay n=    6 err=  0.00% p95=  274.0ms top=None
INFO:root:[window 2026-09-24T10:29:30Z] SecurePay n=    6 err=  0.00% p95=  274.0ms top=None
INFO:root:[window 2026-09-24T10:29:25Z] SecurePay n=    6 err=  0.00% p95=  274.0ms top=None
INFO:root:[window 2026-09-24T10:29:20Z] SecurePay n=    6 err=  0.00% p95=  274.0ms top=None
INFO:root:[window 2026-09-24T10:29:15Z] SecurePay n=    6 err=  0.00% p95=  274.0ms top=None
INFO:root:[window 2026-09-24T10:29:10Z] SecurePay n=    6 err=  0.00% p95=  274.0ms top=None
INFO:root:[window 2026-09-24T10:29:05Z] SecurePay n=    6 err=  0.00% p95=  274.0ms top=None
INFO:root:[window 2026-09-24T10:29:00Z] SecurePay n=    6 err=  0.00% p95=  274.0ms top=None
INFO:root:[window 2026-09-24T10:28:55Z] SecurePay n=    6 err=  0.00% p95=  274.0ms top=None
INFO:root:[window 2026-09-24T10:29:50Z] SecurePay n=   77 err=  1.30% p95=  445.0ms top=504_TIMEOUT
INFO:root:[window 2026-09-24T10:29:50Z] FastPay   n=  169 err=  2.37% p95=  457.4ms top=504_TIMEOUT
INFO:root:[window 2026-09-24T10:29:50Z] QuickPay  n=   30 err=  0.00% p95=  445.2ms top=None
I0924 15:59:50.348740 8929808 ev_poll_posix.cc:587] FD from fork parent still in poll list: fd(7, generation: 1)
I0924 15:59:50.348904 8929808 ev_poll_posix.cc:587] FD from fork parent still in poll list: fd(14, generation: 1)
I0924 15:59:50.966585 8929894 ev_poll_posix.cc:587] FD from fork parent still in poll list: fd(7, generation: 1)
I0924 15:59:50.966774 8929894 ev_poll_posix.cc:587] FD from fork parent still in poll list: fd(14, generation: 1)
INFO:root:[window 2026-09-24T10:29:50Z] FastPay   n=    6 err=  0.00% p95=  379.1ms top=None
INFO:root:[window 2026-09-24T10:29:45Z] FastPay   n=    6 err=  0.00% p95=  379.1ms top=None
INFO:root:[window 2026-09-24T10:29:40Z] FastPay   n=    6 err=  0.00% p95=  379.1ms top=None
INFO:root:[window 2026-09-24T10:29:35Z] FastPay   n=    6 err=  0.00% p95=  379.1ms top=None
INFO:root:[window 2026-09-24T10:29:30Z] FastPay   n=    6 err=  0.00% p95=  379.1ms top=None
INFO:root:[window 2026-09-24T10:29:25Z] FastPay   n=    6 err=  0.00% p95=  379.1ms top=None
INFO:root:[window 2026-09-24T10:29:20Z] FastPay   n=    6 err=  0.00% p95=  379.1ms top=None
INFO:root:[window 2026-09-24T10:29:15Z] FastPay   n=    6 err=  0.00% p95=  379.1ms top=None
INFO:root:[window 2026-09-24T10:29:10Z] FastPay   n=    6 err=  0.00% p95=  379.1ms top=None
INFO:root:[window 2026-09-24T10:29:05Z] FastPay   n=    6 err=  0.00% p95=  379.1ms top=None
INFO:root:[window 2026-09-24T10:29:00Z] FastPay   n=    6 err=  0.00% p95=  379.1ms top=None
INFO:root:[window 2026-09-24T10:28:55Z] FastPay   n=    6 err=  0.00% p95=  379.1ms top=None
INFO:root:[window 2026-09-24T10:29:50Z] QuickPay  n=    2 err=  0.00% p95=  211.0ms top=None
INFO:root:[window 2026-09-24T10:29:45Z] QuickPay  n=    2 err=  0.00% p95=  211.0ms top=None
INFO:root:[window 2026-09-24T10:29:40Z] QuickPay  n=    2 err=  0.00% p95=  211.0ms top=None
INFO:root:[window 2026-09-24T10:29:35Z] QuickPay  n=    2 err=  0.00% p95=  211.0ms top=None
INFO:root:[window 2026-09-24T10:29:30Z] QuickPay  n=    2 err=  0.00% p95=  211.0ms top=None
INFO:root:[window 2026-09-24T10:29:25Z] QuickPay  n=    2 err=  0.00% p95=  211.0ms top=None
INFO:root:[window 2026-09-24T10:29:20Z] QuickPay  n=    2 err=  0.00% p95=  211.0ms top=None
INFO:root:[window 2026-09-24T10:29:15Z] QuickPay  n=    2 err=  0.00% p95=  211.0ms top=None
INFO:root:[window 2026-09-24T10:29:10Z] QuickPay  n=    2 err=  0.00% p95=  211.0ms top=None
INFO:root:[window 2026-09-24T10:29:05Z] QuickPay  n=    2 err=  0.00% p95=  211.0ms top=None
INFO:root:[window 2026-09-24T10:29:00Z] QuickPay  n=    2 err=  0.00% p95=  211.0ms top=None
INFO:root:[window 2026-09-24T10:28:55Z] QuickPay  n=    2 err=  0.00% p95=  211.0ms top=None
INFO:root:[window 2026-09-24T10:29:50Z] SecurePay n=    2 err=  0.00% p95=  332.5ms top=None
INFO:root:[window 2026-09-24T10:29:45Z] SecurePay n=    2 err=  0.00% p95=  332.5ms top=None
INFO:root:[window 2026-09-24T10:29:40Z] SecurePay n=    2 err=  0.00% p95=  332.5ms top=None
INFO:root:[window 2026-09-24T10:29:35Z] SecurePay n=    2 err=  0.00% p95=  332.5ms top=None
INFO:root:[window 2026-09-24T10:29:30Z] SecurePay n=    2 err=  0.00% p95=  332.5ms top=None
INFO:root:[window 2026-09-24T10:29:25Z] SecurePay n=    2 err=  0.00% p95=  332.5ms top=None
INFO:root:[window 2026-09-24T10:29:20Z] SecurePay n=    2 err=  0.00% p95=  332.5ms top=None
INFO:root:[window 2026-09-24T10:29:15Z] SecurePay n=    2 err=  0.00% p95=  332.5ms top=None
INFO:root:[window 2026-09-24T10:29:10Z] SecurePay n=    2 err=  0.00% p95=  332.5ms top=None
INFO:root:[window 2026-09-24T10:29:05Z] SecurePay n=    2 err=  0.00% p95=  332.5ms top=None
INFO:root:[window 2026-09-24T10:29:00Z] SecurePay n=    2 err=  0.00% p95=  332.5ms top=None
INFO:root:[window 2026-09-24T10:28:55Z] SecurePay n=    2 err=  0.00% p95=  332.5ms top=None
I0924 15:59:52.971837 8930074 ev_poll_posix.cc:587] FD from fork parent still in poll list: fd(7, generation: 1)
I0924 15:59:52.971933 8930074 ev_poll_posix.cc:587] FD from fork parent still in poll list: fd(14, generation: 1)
INFO:root:[window 2026-09-24T10:29:50Z] FastPay   n=    7 err= 14.29% p95=  418.0ms top=504_TIMEOUT
INFO:root:[window 2026-09-24T10:29:45Z] FastPay   n=    7 err= 14.29% p95=  418.0ms top=504_TIMEOUT
INFO:root:[window 2026-09-24T10:29:40Z] FastPay   n=    7 err= 14.29% p95=  418.0ms top=504_TIMEOUT
INFO:root:[window 2026-09-24T10:29:35Z] FastPay   n=    7 err= 14.29% p95=  418.0ms top=504_TIMEOUT
INFO:root:[window 2026-09-24T10:29:30Z] FastPay   n=    7 err= 14.29% p95=  418.0ms top=504_TIMEOUT
INFO:root:[window 2026-09-24T10:29:25Z] FastPay   n=    7 err= 14.29% p95=  418.0ms top=504_TIMEOUT
INFO:root:[window 2026-09-24T10:29:20Z] FastPay   n=    7 err= 14.29% p95=  418.0ms top=504_TIMEOUT
INFO:root:[window 2026-09-24T10:29:15Z] FastPay   n=    7 err= 14.29% p95=  418.0ms top=504_TIMEOUT
INFO:root:[window 2026-09-24T10:29:10Z] FastPay   n=    7 err= 14.29% p95=  418.0ms top=504_TIMEOUT
INFO:root:[window 2026-09-24T10:29:05Z] FastPay   n=    7 err= 14.29% p95=  418.0ms top=504_TIMEOUT
INFO:root:[window 2026-09-24T10:29:00Z] FastPay   n=    7 err= 14.29% p95=  418.0ms top=504_TIMEOUT
INFO:root:[window 2026-09-24T10:28:55Z] FastPay   n=    7 err= 14.29% p95=  418.0ms top=504_TIMEOUT
INFO:root:[window 2026-09-24T10:29:50Z] SecurePay n=    2 err=  0.00% p95=  257.5ms top=None
INFO:root:[window 2026-09-24T10:29:45Z] SecurePay n=    2 err=  0.00% p95=  257.5ms top=None
INFO:root:[window 2026-09-24T10:29:40Z] SecurePay n=    2 err=  0.00% p95=  257.5ms top=None
INFO:root:[window 2026-09-24T10:29:35Z] SecurePay n=    2 err=  0.00% p95=  257.5ms top=None
INFO:root:[window 2026-09-24T10:29:30Z] SecurePay n=    2 err=  0.00% p95=  257.5ms top=None
INFO:root:[window 2026-09-24T10:29:25Z] SecurePay n=    2 err=  0.00% p95=  257.5ms top=None
INFO:root:[window 2026-09-24T10:29:20Z] SecurePay n=    2 err=  0.00% p95=  257.5ms top=None
INFO:root:[window 2026-09-24T10:29:15Z] SecurePay n=    2 err=  0.00% p95=  257.5ms top=None
INFO:root:[window 2026-09-24T10:29:10Z] SecurePay n=    2 err=  0.00% p95=  257.5ms top=None
INFO:root:[window 2026-09-24T10:29:05Z] SecurePay n=    2 err=  0.00% p95=  257.5ms top=None
INFO:root:[window 2026-09-24T10:29:00Z] SecurePay n=    2 err=  0.00% p95=  257.5ms top=None
INFO:root:[window 2026-09-24T10:28:55Z] SecurePay n=    2 err=  0.00% p95=  257.5ms top=None
INFO:root:[window 2026-09-24T10:29:50Z] QuickPay  n=    1 err=  0.00% p95=  270.4ms top=None
INFO:root:[window 2026-09-24T10:29:45Z] QuickPay  n=    1 err=  0.00% p95=  270.4ms top=None
INFO:root:[window 2026-09-24T10:29:40Z] QuickPay  n=    1 err=  0.00% p95=  270.4ms top=None
INFO:root:[window 2026-09-24T10:29:35Z] QuickPay  n=    1 err=  0.00% p95=  270.4ms top=None
INFO:root:[window 2026-09-24T10:29:30Z] QuickPay  n=    1 err=  0.00% p95=  270.4ms top=None
INFO:root:[window 2026-09-24T10:29:25Z] QuickPay  n=    1 err=  0.00% p95=  270.4ms top=None
INFO:root:[window 2026-09-24T10:29:20Z] QuickPay  n=    1 err=  0.00% p95=  270.4ms top=None
INFO:root:[window 2026-09-24T10:29:15Z] QuickPay  n=    1 err=  0.00% p95=  270.4ms top=None
INFO:root:[window 2026-09-24T10:29:10Z] QuickPay  n=    1 err=  0.00% p95=  270.4ms top=None
INFO:root:[window 2026-09-24T10:29:05Z] QuickPay  n=    1 err=  0.00% p95=  270.4ms top=None
INFO:root:[window 2026-09-24T10:29:00Z] QuickPay  n=    1 err=  0.00% p95=  270.4ms top=None
INFO:root:[window 2026-09-24T10:28:55Z] QuickPay  n=    1 err=  0.00% p95=  270.4ms top=None
INFO:root:[window 2026-09-24T10:29:55Z] SecurePay n=    5 err=  0.00% p95=  326.6ms top=None
INFO:root:[window 2026-09-24T10:29:55Z] FastPay   n=   13 err=  0.00% p95=  408.3ms top=None
INFO:root:[window 2026-09-24T10:29:55Z] QuickPay  n=    1 err=  0.00% p95=  354.3ms top=None
I0924 15:59:55.526858 8930345 ev_poll_posix.cc:587] FD from fork parent still in poll list: fd(7, generation: 1)
I0924 15:59:55.526944 8930345 ev_poll_posix.cc:587] FD from fork parent still in poll list: fd(14, generation: 1)
I0924 15:59:56.020625 8930491 ev_poll_posix.cc:587] FD from fork parent still in poll list: fd(7, generation: 1)
I0924 15:59:56.020735 8930491 ev_poll_posix.cc:587] FD from fork parent still in poll list: fd(14, generation: 1)
INFO:root:[window 2026-09-24T10:29:50Z] FastPay   n=    9 err=  0.00% p95=  348.0ms top=None
INFO:root:[window 2026-09-24T10:29:45Z] FastPay   n=    9 err=  0.00% p95=  348.0ms top=None
INFO:root:[window 2026-09-24T10:29:40Z] FastPay   n=    9 err=  0.00% p95=  348.0ms top=None
INFO:root:[window 2026-09-24T10:29:35Z] FastPay   n=    9 err=  0.00% p95=  348.0ms top=None
INFO:root:[window 2026-09-24T10:29:30Z] FastPay   n=    9 err=  0.00% p95=  348.0ms top=None
INFO:root:[window 2026-09-24T10:29:25Z] FastPay   n=    9 err=  0.00% p95=  348.0ms top=None
INFO:root:[window 2026-09-24T10:29:20Z] FastPay   n=    9 err=  0.00% p95=  348.0ms top=None
INFO:root:[window 2026-09-24T10:29:15Z] FastPay   n=    9 err=  0.00% p95=  348.0ms top=None
INFO:root:[window 2026-09-24T10:29:10Z] FastPay   n=    9 err=  0.00% p95=  348.0ms top=None
INFO:root:[window 2026-09-24T10:29:05Z] FastPay   n=    9 err=  0.00% p95=  348.0ms top=None
INFO:root:[window 2026-09-24T10:29:00Z] FastPay   n=    9 err=  0.00% p95=  348.0ms top=None
INFO:root:[window 2026-09-24T10:28:55Z] FastPay   n=    9 err=  0.00% p95=  348.0ms top=None
INFO:root:[window 2026-09-24T10:29:50Z] SecurePay n=    1 err=  0.00% p95=  315.3ms top=None
INFO:root:[window 2026-09-24T10:29:45Z] SecurePay n=    1 err=  0.00% p95=  315.3ms top=None
INFO:root:[window 2026-09-24T10:29:40Z] SecurePay n=    1 err=  0.00% p95=  315.3ms top=None
INFO:root:[window 2026-09-24T10:29:35Z] SecurePay n=    1 err=  0.00% p95=  315.3ms top=None
INFO:root:[window 2026-09-24T10:29:30Z] SecurePay n=    1 err=  0.00% p95=  315.3ms top=None
INFO:root:[window 2026-09-24T10:29:25Z] SecurePay n=    1 err=  0.00% p95=  315.3ms top=None
INFO:root:[window 2026-09-24T10:29:20Z] SecurePay n=    1 err=  0.00% p95=  315.3ms top=None
INFO:root:[window 2026-09-24T10:29:15Z] SecurePay n=    1 err=  0.00% p95=  315.3ms top=None
INFO:root:[window 2026-09-24T10:29:10Z] SecurePay n=    1 err=  0.00% p95=  315.3ms top=None
INFO:root:[window 2026-09-24T10:29:05Z] SecurePay n=    1 err=  0.00% p95=  315.3ms top=None
INFO:root:[window 2026-09-24T10:29:00Z] SecurePay n=    1 err=  0.00% p95=  315.3ms top=None
INFO:root:[window 2026-09-24T10:28:55Z] SecurePay n=    1 err=  0.00% p95=  315.3ms top=None
I0924 15:59:57.794099 8930660 ev_poll_posix.cc:587] FD from fork parent still in poll list: fd(7, generation: 1)
I0924 15:59:57.794168 8930660 ev_poll_posix.cc:587] FD from fork parent still in poll list: fd(14, generation: 1)
INFO:root:[window 2026-09-24T10:29:50Z] FastPay   n=    6 err=  0.00% p95=  371.6ms top=None
INFO:root:[window 2026-09-24T10:29:45Z] FastPay   n=    6 err=  0.00% p95=  371.6ms top=None
INFO:root:[window 2026-09-24T10:29:40Z] FastPay   n=    6 err=  0.00% p95=  371.6ms top=None
INFO:root:[window 2026-09-24T10:29:35Z] FastPay   n=    6 err=  0.00% p95=  371.6ms top=None
INFO:root:[window 2026-09-24T10:29:30Z] FastPay   n=    6 err=  0.00% p95=  371.6ms top=None
INFO:root:[window 2026-09-24T10:29:25Z] FastPay   n=    6 err=  0.00% p95=  371.6ms top=None
INFO:root:[window 2026-09-24T10:29:20Z] FastPay   n=    6 err=  0.00% p95=  371.6ms top=None
INFO:root:[window 2026-09-24T10:29:15Z] FastPay   n=    6 err=  0.00% p95=  371.6ms top=None
INFO:root:[window 2026-09-24T10:29:10Z] FastPay   n=    6 err=  0.00% p95=  371.6ms top=None
INFO:root:[window 2026-09-24T10:29:05Z] FastPay   n=    6 err=  0.00% p95=  371.6ms top=None
INFO:root:[window 2026-09-24T10:29:00Z] FastPay   n=    6 err=  0.00% p95=  371.6ms top=None
INFO:root:[window 2026-09-24T10:28:55Z] FastPay   n=    6 err=  0.00% p95=  371.6ms top=None
INFO:root:[window 2026-09-24T10:29:50Z] SecurePay n=    3 err=  0.00% p95=  289.4ms top=None
INFO:root:[window 2026-09-24T10:29:45Z] SecurePay n=    3 err=  0.00% p95=  289.4ms top=None
INFO:root:[window 2026-09-24T10:29:40Z] SecurePay n=    3 err=  0.00% p95=  289.4ms top=None
INFO:root:[window 2026-09-24T10:29:35Z] SecurePay n=    3 err=  0.00% p95=  289.4ms top=None
INFO:root:[window 2026-09-24T10:29:30Z] SecurePay n=    3 err=  0.00% p95=  289.4ms top=None
INFO:root:[window 2026-09-24T10:29:25Z] SecurePay n=    3 err=  0.00% p95=  289.4ms top=None
INFO:root:[window 2026-09-24T10:29:20Z] SecurePay n=    3 err=  0.00% p95=  289.4ms top=None
INFO:root:[window 2026-09-24T10:29:15Z] SecurePay n=    3 err=  0.00% p95=  289.4ms top=None
INFO:root:[window 2026-09-24T10:29:10Z] SecurePay n=    3 err=  0.00% p95=  289.4ms top=None
INFO:root:[window 2026-09-24T10:29:05Z] SecurePay n=    3 err=  0.00% p95=  289.4ms top=None
INFO:root:[window 2026-09-24T10:29:00Z] SecurePay n=    3 err=  0.00% p95=  289.4ms top=None
INFO:root:[window 2026-09-24T10:28:55Z] SecurePay n=    3 err=  0.00% p95=  289.4ms top=None
INFO:root:[window 2026-09-24T10:29:50Z] QuickPay  n=    1 err=  0.00% p95=  279.3ms top=None
INFO:root:[window 2026-09-24T10:29:45Z] QuickPay  n=    1 err=  0.00% p95=  279.3ms top=None
INFO:root:[window 2026-09-24T10:29:40Z] QuickPay  n=    1 err=  0.00% p95=  279.3ms top=None
INFO:root:[window 2026-09-24T10:29:35Z] QuickPay  n=    1 err=  0.00% p95=  279.3ms top=None
INFO:root:[window 2026-09-24T10:29:30Z] QuickPay  n=    1 err=  0.00% p95=  279.3ms top=None
INFO:root:[window 2026-09-24T10:29:25Z] QuickPay  n=    1 err=  0.00% p95=  279.3ms top=None
INFO:root:[window 2026-09-24T10:29:20Z] QuickPay  n=    1 err=  0.00% p95=  279.3ms top=None
INFO:root:[window 2026-09-24T10:29:15Z] QuickPay  n=    1 err=  0.00% p95=  279.3ms top=None
INFO:root:[window 2026-09-24T10:29:10Z] QuickPay  n=    1 err=  0.00% p95=  279.3ms top=None
INFO:root:[window 2026-09-24T10:29:05Z] QuickPay  n=    1 err=  0.00% p95=  279.3ms top=None
INFO:root:[window 2026-09-24T10:29:00Z] QuickPay  n=    1 err=  0.00% p95=  279.3ms top=None
INFO:root:[window 2026-09-24T10:28:55Z] QuickPay  n=    1 err=  0.00% p95=  279.3ms top=None
I0924 15:59:59.808858 8930835 ev_poll_posix.cc:587] FD from fork parent still in poll list: fd(7, generation: 1)
I0924 15:59:59.808933 8930835 ev_poll_posix.cc:587] FD from fork parent still in poll list: fd(14, generation: 1)
INFO:root:[window 2026-09-24T10:29:50Z] SecurePay n=    5 err=  0.00% p95=  286.0ms top=None
INFO:root:[window 2026-09-24T10:29:45Z] SecurePay n=    5 err=  0.00% p95=  286.0ms top=None
INFO:root:[window 2026-09-24T10:29:40Z] SecurePay n=    5 err=  0.00% p95=  286.0ms top=None
INFO:root:[window 2026-09-24T10:29:35Z] SecurePay n=    5 err=  0.00% p95=  286.0ms top=None
INFO:root:[window 2026-09-24T10:29:30Z] SecurePay n=    5 err=  0.00% p95=  286.0ms top=None
INFO:root:[window 2026-09-24T10:29:25Z] SecurePay n=    5 err=  0.00% p95=  286.0ms top=None
INFO:root:[window 2026-09-24T10:29:20Z] SecurePay n=    5 err=  0.00% p95=  286.0ms top=None
INFO:root:[window 2026-09-24T10:29:15Z] SecurePay n=    5 err=  0.00% p95=  286.0ms top=None
INFO:root:[window 2026-09-24T10:29:10Z] SecurePay n=    5 err=  0.00% p95=  286.0ms top=None
INFO:root:[window 2026-09-24T10:29:05Z] SecurePay n=    5 err=  0.00% p95=  286.0ms top=None
INFO:root:[window 2026-09-24T10:29:00Z] SecurePay n=    5 err=  0.00% p95=  286.0ms top=None
INFO:root:[window 2026-09-24T10:28:55Z] SecurePay n=    5 err=  0.00% p95=  286.0ms top=None
INFO:root:[window 2026-09-24T10:29:50Z] FastPay   n=    5 err=  0.00% p95=  295.8ms top=None
INFO:root:[window 2026-09-24T10:29:45Z] FastPay   n=    5 err=  0.00% p95=  295.8ms top=None
INFO:root:[window 2026-09-24T10:29:40Z] FastPay   n=    5 err=  0.00% p95=  295.8ms top=None
INFO:root:[window 2026-09-24T10:29:35Z] FastPay   n=    5 err=  0.00% p95=  295.8ms top=None
INFO:root:[window 2026-09-24T10:29:30Z] FastPay   n=    5 err=  0.00% p95=  295.8ms top=None
INFO:root:[window 2026-09-24T10:29:25Z] FastPay   n=    5 err=  0.00% p95=  295.8ms top=None
INFO:root:[window 2026-09-24T10:29:20Z] FastPay   n=    5 err=  0.00% p95=  295.8ms top=None
INFO:root:[window 2026-09-24T10:29:15Z] FastPay   n=    5 err=  0.00% p95=  295.8ms top=None
INFO:root:[window 2026-09-24T10:29:10Z] FastPay   n=    5 err=  0.00% p95=  295.8ms top=None
INFO:root:[window 2026-09-24T10:29:05Z] FastPay   n=    5 err=  0.00% p95=  295.8ms top=None
INFO:root:[window 2026-09-24T10:29:00Z] FastPay   n=    5 err=  0.00% p95=  295.8ms top=None
INFO:root:[window 2026-09-24T10:28:55Z] FastPay   n=    5 err=  0.00% p95=  295.8ms top=None
INFO:root:[window 2026-09-24T10:30:00Z] SecurePay n=    3 err=  0.00% p95=  273.5ms top=None
INFO:root:[window 2026-09-24T10:30:00Z] FastPay   n=    5 err=  0.00% p95=  360.8ms top=None
INFO:root:[window 2026-09-24T10:30:00Z] QuickPay  n=    1 err=  0.00% p95=  354.3ms top=None
I0924 16:00:02.177809 8931052 ev_poll_posix.cc:587] FD from fork parent still in poll list: fd(7, generation: 1)
I0924 16:00:02.177963 8931052 ev_poll_posix.cc:587] FD from fork parent still in poll list: fd(14, generation: 1)
I0924 16:00:02.680046 8931148 ev_poll_posix.cc:587] FD from fork parent still in poll list: fd(7, generation: 1)
I0924 16:00:02.680102 8931148 ev_poll_posix.cc:587] FD from fork parent still in poll list: fd(14, generation: 1)
INFO:root:[window 2026-09-24T10:29:50Z] FastPay   n=    7 err=  0.00% p95=  363.3ms top=None
INFO:root:[window 2026-09-24T10:29:45Z] FastPay   n=    7 err=  0.00% p95=  363.3ms top=None
INFO:root:[window 2026-09-24T10:29:40Z] FastPay   n=    7 err=  0.00% p95=  363.3ms top=None
INFO:root:[window 2026-09-24T10:29:35Z] FastPay   n=    7 err=  0.00% p95=  363.3ms top=None
INFO:root:[window 2026-09-24T10:29:30Z] FastPay   n=    7 err=  0.00% p95=  363.3ms top=None
INFO:root:[window 2026-09-24T10:29:25Z] FastPay   n=    7 err=  0.00% p95=  363.3ms top=None
INFO:root:[window 2026-09-24T10:29:20Z] FastPay   n=    7 err=  0.00% p95=  363.3ms top=None
INFO:root:[window 2026-09-24T10:29:15Z] FastPay   n=    7 err=  0.00% p95=  363.3ms top=None
INFO:root:[window 2026-09-24T10:29:10Z] FastPay   n=    7 err=  0.00% p95=  363.3ms top=None
INFO:root:[window 2026-09-24T10:29:05Z] FastPay   n=    7 err=  0.00% p95=  363.3ms top=None
INFO:root:[window 2026-09-24T10:29:00Z] FastPay   n=    7 err=  0.00% p95=  363.3ms top=None
INFO:root:[window 2026-09-24T10:28:55Z] FastPay   n=    7 err=  0.00% p95=  363.3ms top=None
INFO:root:[window 2026-09-24T10:29:50Z] SecurePay n=    3 err=  0.00% p95=  257.7ms top=None
INFO:root:[window 2026-09-24T10:29:45Z] SecurePay n=    3 err=  0.00% p95=  257.7ms top=None
INFO:root:[window 2026-09-24T10:29:40Z] SecurePay n=    3 err=  0.00% p95=  257.7ms top=None
INFO:root:[window 2026-09-24T10:29:35Z] SecurePay n=    3 err=  0.00% p95=  257.7ms top=None
INFO:root:[window 2026-09-24T10:29:30Z] SecurePay n=    3 err=  0.00% p95=  257.7ms top=None
INFO:root:[window 2026-09-24T10:29:25Z] SecurePay n=    3 err=  0.00% p95=  257.7ms top=None
INFO:root:[window 2026-09-24T10:29:20Z] SecurePay n=    3 err=  0.00% p95=  257.7ms top=None
INFO:root:[window 2026-09-24T10:29:15Z] SecurePay n=    3 err=  0.00% p95=  257.7ms top=None
INFO:root:[window 2026-09-24T10:29:10Z] SecurePay n=    3 err=  0.00% p95=  257.7ms top=None
INFO:root:[window 2026-09-24T10:29:05Z] SecurePay n=    3 err=  0.00% p95=  257.7ms top=None
INFO:root:[window 2026-09-24T10:29:00Z] SecurePay n=    3 err=  0.00% p95=  257.7ms top=None
INFO:root:[window 2026-09-24T10:28:55Z] SecurePay n=    3 err=  0.00% p95=  257.7ms top=None
I0924 16:00:04.394001 8931336 ev_poll_posix.cc:587] FD from fork parent still in poll list: fd(7, generation: 1)
I0924 16:00:04.394079 8931336 ev_poll_posix.cc:587] FD from fork parent still in poll list: fd(14, generation: 1)
INFO:root:[window 2026-09-24T10:29:50Z] SecurePay n=    2 err=  0.00% p95=  400.1ms top=None
INFO:root:[window 2026-09-24T10:29:45Z] SecurePay n=    2 err=  0.00% p95=  400.1ms top=None
INFO:root:[window 2026-09-24T10:29:40Z] SecurePay n=    2 err=  0.00% p95=  400.1ms top=None
INFO:root:[window 2026-09-24T10:29:35Z] SecurePay n=    2 err=  0.00% p95=  400.1ms top=None
INFO:root:[window 2026-09-24T10:29:30Z] SecurePay n=    2 err=  0.00% p95=  400.1ms top=None
INFO:root:[window 2026-09-24T10:29:25Z] SecurePay n=    2 err=  0.00% p95=  400.1ms top=None
INFO:root:[window 2026-09-24T10:29:20Z] SecurePay n=    2 err=  0.00% p95=  400.1ms top=None
INFO:root:[window 2026-09-24T10:29:15Z] SecurePay n=    2 err=  0.00% p95=  400.1ms top=None
INFO:root:[window 2026-09-24T10:29:10Z] SecurePay n=    2 err=  0.00% p95=  400.1ms top=None
INFO:root:[window 2026-09-24T10:29:05Z] SecurePay n=    2 err=  0.00% p95=  400.1ms top=None
INFO:root:[window 2026-09-24T10:29:00Z] SecurePay n=    2 err=  0.00% p95=  400.1ms top=None
INFO:root:[window 2026-09-24T10:28:55Z] SecurePay n=    2 err=  0.00% p95=  400.1ms top=None
INFO:root:[window 2026-09-24T10:29:50Z] FastPay   n=    6 err=  0.00% p95=  364.8ms top=None
INFO:root:[window 2026-09-24T10:29:45Z] FastPay   n=    6 err=  0.00% p95=  364.8ms top=None
INFO:root:[window 2026-09-24T10:29:40Z] FastPay   n=    6 err=  0.00% p95=  364.8ms top=None
INFO:root:[window 2026-09-24T10:29:35Z] FastPay   n=    6 err=  0.00% p95=  364.8ms top=None
INFO:root:[window 2026-09-24T10:29:30Z] FastPay   n=    6 err=  0.00% p95=  364.8ms top=None
INFO:root:[window 2026-09-24T10:29:25Z] FastPay   n=    6 err=  0.00% p95=  364.8ms top=None
INFO:root:[window 2026-09-24T10:29:20Z] FastPay   n=    6 err=  0.00% p95=  364.8ms top=None
INFO:root:[window 2026-09-24T10:29:15Z] FastPay   n=    6 err=  0.00% p95=  364.8ms top=None
INFO:root:[window 2026-09-24T10:29:10Z] FastPay   n=    6 err=  0.00% p95=  364.8ms top=None
INFO:root:[window 2026-09-24T10:29:05Z] FastPay   n=    6 err=  0.00% p95=  364.8ms top=None
INFO:root:[window 2026-09-24T10:29:00Z] FastPay   n=    6 err=  0.00% p95=  364.8ms top=None
INFO:root:[window 2026-09-24T10:28:55Z] FastPay   n=    6 err=  0.00% p95=  364.8ms top=None
INFO:root:[window 2026-09-24T10:28:25Z] FastPay   n=    1 err=  0.00% p95=  293.6ms top=None
INFO:root:[window 2026-09-24T10:28:20Z] FastPay   n=    1 err=  0.00% p95=  293.6ms top=None
INFO:root:[window 2026-09-24T10:28:15Z] FastPay   n=    1 err=  0.00% p95=  293.6ms top=None
INFO:root:[window 2026-09-24T10:28:10Z] FastPay   n=    1 err=  0.00% p95=  293.6ms top=None
INFO:root:[window 2026-09-24T10:28:05Z] FastPay   n=    1 err=  0.00% p95=  293.6ms top=None
INFO:root:[window 2026-09-24T10:29:50Z] QuickPay  n=    1 err=  0.00% p95=  332.4ms top=None
INFO:root:[window 2026-09-24T10:29:45Z] QuickPay  n=    1 err=  0.00% p95=  332.4ms top=None
INFO:root:[window 2026-09-24T10:29:40Z] QuickPay  n=    1 err=  0.00% p95=  332.4ms top=None
INFO:root:[window 2026-09-24T10:29:35Z] QuickPay  n=    1 err=  0.00% p95=  332.4ms top=None
INFO:root:[window 2026-09-24T10:29:30Z] QuickPay  n=    1 err=  0.00% p95=  332.4ms top=None
INFO:root:[window 2026-09-24T10:29:25Z] QuickPay  n=    1 err=  0.00% p95=  332.4ms top=None
INFO:root:[window 2026-09-24T10:29:20Z] QuickPay  n=    1 err=  0.00% p95=  332.4ms top=None
INFO:root:[window 2026-09-24T10:29:15Z] QuickPay  n=    1 err=  0.00% p95=  332.4ms top=None
INFO:root:[window 2026-09-24T10:29:10Z] QuickPay  n=    1 err=  0.00% p95=  332.4ms top=None
INFO:root:[window 2026-09-24T10:29:05Z] QuickPay  n=    1 err=  0.00% p95=  332.4ms top=None
INFO:root:[window 2026-09-24T10:29:00Z] QuickPay  n=    1 err=  0.00% p95=  332.4ms top=None
INFO:root:[window 2026-09-24T10:28:55Z] QuickPay  n=    1 err=  0.00% p95=  332.4ms top=None
I0924 16:00:06.266338 8931529 ev_poll_posix.cc:587] FD from fork parent still in poll list: fd(7, generation: 1)
I0924 16:00:06.266548 8931529 ev_poll_posix.cc:587] FD from fork parent still in poll list: fd(14, generation: 1)
INFO:root:[window 2026-09-24T10:29:50Z] FastPay   n=    7 err=  0.00% p95=  345.2ms top=None
INFO:root:[window 2026-09-24T10:29:45Z] FastPay   n=    7 err=  0.00% p95=  345.2ms top=None
INFO:root:[window 2026-09-24T10:29:40Z] FastPay   n=    7 err=  0.00% p95=  345.2ms top=None
INFO:root:[window 2026-09-24T10:29:35Z] FastPay   n=    7 err=  0.00% p95=  345.2ms top=None
INFO:root:[window 2026-09-24T10:29:30Z] FastPay   n=    7 err=  0.00% p95=  345.2ms top=None
INFO:root:[window 2026-09-24T10:29:25Z] FastPay   n=    7 err=  0.00% p95=  345.2ms top=None
INFO:root:[window 2026-09-24T10:29:20Z] FastPay   n=    7 err=  0.00% p95=  345.2ms top=None
INFO:root:[window 2026-09-24T10:29:15Z] FastPay   n=    7 err=  0.00% p95=  345.2ms top=None
INFO:root:[window 2026-09-24T10:29:10Z] FastPay   n=    7 err=  0.00% p95=  345.2ms top=None
INFO:root:[window 2026-09-24T10:29:05Z] FastPay   n=    7 err=  0.00% p95=  345.2ms top=None
INFO:root:[window 2026-09-24T10:29:00Z] FastPay   n=    7 err=  0.00% p95=  345.2ms top=None
INFO:root:[window 2026-09-24T10:28:55Z] FastPay   n=    6 err=  0.00% p95=  345.2ms top=None
INFO:root:[window 2026-09-24T10:29:55Z] FastPay   n=    1 err=  0.00% p95=  302.9ms top=None
INFO:root:[window 2026-09-24T10:29:50Z] SecurePay n=    1 err=  0.00% p95=  389.6ms top=None
INFO:root:[window 2026-09-24T10:29:45Z] SecurePay n=    1 err=  0.00% p95=  389.6ms top=None
INFO:root:[window 2026-09-24T10:29:40Z] SecurePay n=    1 err=  0.00% p95=  389.6ms top=None
INFO:root:[window 2026-09-24T10:29:35Z] SecurePay n=    1 err=  0.00% p95=  389.6ms top=None
INFO:root:[window 2026-09-24T10:29:30Z] SecurePay n=    1 err=  0.00% p95=  389.6ms top=None
INFO:root:[window 2026-09-24T10:29:25Z] SecurePay n=    1 err=  0.00% p95=  389.6ms top=None
INFO:root:[window 2026-09-24T10:29:20Z] SecurePay n=    1 err=  0.00% p95=  389.6ms top=None
INFO:root:[window 2026-09-24T10:29:15Z] SecurePay n=    1 err=  0.00% p95=  389.6ms top=None
INFO:root:[window 2026-09-24T10:29:10Z] SecurePay n=    1 err=  0.00% p95=  389.6ms top=None
INFO:root:[window 2026-09-24T10:29:05Z] SecurePay n=    1 err=  0.00% p95=  389.6ms top=None
INFO:root:[window 2026-09-24T10:29:00Z] SecurePay n=    1 err=  0.00% p95=  389.6ms top=None
INFO:root:[window 2026-09-24T10:28:55Z] SecurePay n=    1 err=  0.00% p95=  389.6ms top=None
INFO:root:[window 2026-09-24T10:29:50Z] QuickPay  n=    2 err=  0.00% p95=  143.4ms top=None
INFO:root:[window 2026-09-24T10:29:45Z] QuickPay  n=    2 err=  0.00% p95=  143.4ms top=None
INFO:root:[window 2026-09-24T10:29:40Z] QuickPay  n=    2 err=  0.00% p95=  143.4ms top=None
INFO:root:[window 2026-09-24T10:29:35Z] QuickPay  n=    2 err=  0.00% p95=  143.4ms top=None
INFO:root:[window 2026-09-24T10:29:30Z] QuickPay  n=    2 err=  0.00% p95=  143.4ms top=None
INFO:root:[window 2026-09-24T10:29:25Z] QuickPay  n=    2 err=  0.00% p95=  143.4ms top=None
INFO:root:[window 2026-09-24T10:29:20Z] QuickPay  n=    2 err=  0.00% p95=  143.4ms top=None
INFO:root:[window 2026-09-24T10:29:15Z] QuickPay  n=    2 err=  0.00% p95=  143.4ms top=None
INFO:root:[window 2026-09-24T10:29:10Z] QuickPay  n=    2 err=  0.00% p95=  143.4ms top=None
INFO:root:[window 2026-09-24T10:29:05Z] QuickPay  n=    2 err=  0.00% p95=  143.4ms top=None
INFO:root:[window 2026-09-24T10:29:00Z] QuickPay  n=    2 err=  0.00% p95=  143.4ms top=None
INFO:root:[window 2026-09-24T10:28:55Z] QuickPay  n=    1 err=  0.00% p95=  143.4ms top=None
INFO:root:[window 2026-09-24T10:29:55Z] QuickPay  n=    1 err=  0.00% p95=  264.2ms top=None
I0924 16:00:08.786516 8931679 ev_poll_posix.cc:587] FD from fork parent still in poll list: fd(7, generation: 1)
I0924 16:00:08.786583 8931679 ev_poll_posix.cc:587] FD from fork parent still in poll list: fd(14, generation: 1)
INFO:root:[window 2026-09-24T10:29:50Z] SecurePay n=    3 err=  0.00% p95=  296.6ms top=None
INFO:root:[window 2026-09-24T10:29:45Z] SecurePay n=    3 err=  0.00% p95=  296.6ms top=None
INFO:root:[window 2026-09-24T10:29:40Z] SecurePay n=    3 err=  0.00% p95=  296.6ms top=None
INFO:root:[window 2026-09-24T10:29:35Z] SecurePay n=    3 err=  0.00% p95=  296.6ms top=None
INFO:root:[window 2026-09-24T10:29:30Z] SecurePay n=    3 err=  0.00% p95=  296.6ms top=None
INFO:root:[window 2026-09-24T10:29:25Z] SecurePay n=    3 err=  0.00% p95=  296.6ms top=None
INFO:root:[window 2026-09-24T10:29:20Z] SecurePay n=    3 err=  0.00% p95=  296.6ms top=None
INFO:root:[window 2026-09-24T10:29:15Z] SecurePay n=    3 err=  0.00% p95=  296.6ms top=None
INFO:root:[window 2026-09-24T10:29:10Z] SecurePay n=    3 err=  0.00% p95=  296.6ms top=None
INFO:root:[window 2026-09-24T10:29:05Z] SecurePay n=    3 err=  0.00% p95=  296.6ms top=None
INFO:root:[window 2026-09-24T10:29:00Z] SecurePay n=    3 err=  0.00% p95=  296.6ms top=None
INFO:root:[window 2026-09-24T10:28:55Z] SecurePay n=    3 err=  0.00% p95=  296.6ms top=None
INFO:root:[window 2026-09-24T10:29:50Z] FastPay   n=    6 err=  0.00% p95=  384.1ms top=None
INFO:root:[window 2026-09-24T10:29:45Z] FastPay   n=    6 err=  0.00% p95=  384.1ms top=None
INFO:root:[window 2026-09-24T10:29:40Z] FastPay   n=    6 err=  0.00% p95=  384.1ms top=None
INFO:root:[window 2026-09-24T10:29:35Z] FastPay   n=    6 err=  0.00% p95=  384.1ms top=None
INFO:root:[window 2026-09-24T10:29:30Z] FastPay   n=    6 err=  0.00% p95=  384.1ms top=None
INFO:root:[window 2026-09-24T10:29:25Z] FastPay   n=    6 err=  0.00% p95=  384.1ms top=None
INFO:root:[window 2026-09-24T10:29:20Z] FastPay   n=    6 err=  0.00% p95=  384.1ms top=None
INFO:root:[window 2026-09-24T10:29:15Z] FastPay   n=    6 err=  0.00% p95=  384.1ms top=None
INFO:root:[window 2026-09-24T10:29:10Z] FastPay   n=    6 err=  0.00% p95=  384.1ms top=None
INFO:root:[window 2026-09-24T10:29:05Z] FastPay   n=    6 err=  0.00% p95=  384.1ms top=None
INFO:root:[window 2026-09-24T10:29:00Z] FastPay   n=    6 err=  0.00% p95=  384.1ms top=None
INFO:root:[window 2026-09-24T10:28:55Z] FastPay   n=    6 err=  0.00% p95=  384.1ms top=None
INFO:root:[window 2026-09-24T10:29:50Z] QuickPay  n=    1 err=  0.00% p95=  384.9ms top=None
INFO:root:[window 2026-09-24T10:29:45Z] QuickPay  n=    1 err=  0.00% p95=  384.9ms top=None
INFO:root:[window 2026-09-24T10:29:40Z] QuickPay  n=    1 err=  0.00% p95=  384.9ms top=None
INFO:root:[window 2026-09-24T10:29:35Z] QuickPay  n=    1 err=  0.00% p95=  384.9ms top=None
INFO:root:[window 2026-09-24T10:29:30Z] QuickPay  n=    1 err=  0.00% p95=  384.9ms top=None
INFO:root:[window 2026-09-24T10:29:25Z] QuickPay  n=    1 err=  0.00% p95=  384.9ms top=None
INFO:root:[window 2026-09-24T10:29:20Z] QuickPay  n=    1 err=  0.00% p95=  384.9ms top=None
INFO:root:[window 2026-09-24T10:29:15Z] QuickPay  n=    1 err=  0.00% p95=  384.9ms top=None
INFO:root:[window 2026-09-24T10:29:10Z] QuickPay  n=    1 err=  0.00% p95=  384.9ms top=None
INFO:root:[window 2026-09-24T10:29:05Z] QuickPay  n=    1 err=  0.00% p95=  384.9ms top=None
INFO:root:[window 2026-09-24T10:29:00Z] QuickPay  n=    1 err=  0.00% p95=  384.9ms top=None
INFO:root:[window 2026-09-24T10:28:55Z] QuickPay  n=    1 err=  0.00% p95=  384.9ms top=None
I0924 16:00:10.505344 8931942 ev_poll_posix.cc:587] FD from fork parent still in poll list: fd(7, generation: 1)
I0924 16:00:10.505434 8931942 ev_poll_posix.cc:587] FD from fork parent still in poll list: fd(14, generation: 1)
INFO:root:[window 2026-09-24T10:29:50Z] FastPay   n=    9 err=  0.00% p95=  368.0ms top=None
INFO:root:[window 2026-09-24T10:29:45Z] FastPay   n=    9 err=  0.00% p95=  368.0ms top=None
INFO:root:[window 2026-09-24T10:29:40Z] FastPay   n=    9 err=  0.00% p95=  368.0ms top=None
INFO:root:[window 2026-09-24T10:29:35Z] FastPay   n=    9 err=  0.00% p95=  368.0ms top=None
INFO:root:[window 2026-09-24T10:29:30Z] FastPay   n=    9 err=  0.00% p95=  368.0ms top=None
INFO:root:[window 2026-09-24T10:29:25Z] FastPay   n=    9 err=  0.00% p95=  368.0ms top=None
INFO:root:[window 2026-09-24T10:29:20Z] FastPay   n=    9 err=  0.00% p95=  368.0ms top=None
INFO:root:[window 2026-09-24T10:29:15Z] FastPay   n=    9 err=  0.00% p95=  368.0ms top=None
INFO:root:[window 2026-09-24T10:29:10Z] FastPay   n=    9 err=  0.00% p95=  368.0ms top=None
INFO:root:[window 2026-09-24T10:29:05Z] FastPay   n=    9 err=  0.00% p95=  368.0ms top=None
INFO:root:[window 2026-09-24T10:29:00Z] FastPay   n=    9 err=  0.00% p95=  368.0ms top=None
INFO:root:[window 2026-09-24T10:28:55Z] FastPay   n=    9 err=  0.00% p95=  368.0ms top=None
INFO:root:[window 2026-09-24T10:29:50Z] SecurePay n=    1 err=  0.00% p95=  360.8ms top=None
INFO:root:[window 2026-09-24T10:29:45Z] SecurePay n=    1 err=  0.00% p95=  360.8ms top=None
INFO:root:[window 2026-09-24T10:29:40Z] SecurePay n=    1 err=  0.00% p95=  360.8ms top=None
INFO:root:[window 2026-09-24T10:29:35Z] SecurePay n=    1 err=  0.00% p95=  360.8ms top=None
INFO:root:[window 2026-09-24T10:29:30Z] SecurePay n=    1 err=  0.00% p95=  360.8ms top=None
INFO:root:[window 2026-09-24T10:29:25Z] SecurePay n=    1 err=  0.00% p95=  360.8ms top=None
INFO:root:[window 2026-09-24T10:29:20Z] SecurePay n=    1 err=  0.00% p95=  360.8ms top=None
INFO:root:[window 2026-09-24T10:29:15Z] SecurePay n=    1 err=  0.00% p95=  360.8ms top=None
INFO:root:[window 2026-09-24T10:29:10Z] SecurePay n=    1 err=  0.00% p95=  360.8ms top=None
INFO:root:[window 2026-09-24T10:29:05Z] SecurePay n=    1 err=  0.00% p95=  360.8ms top=None
INFO:root:[window 2026-09-24T10:29:00Z] SecurePay n=    1 err=  0.00% p95=  360.8ms top=None
INFO:root:[window 2026-09-24T10:28:55Z] SecurePay n=    1 err=  0.00% p95=  360.8ms top=None
I0924 16:00:12.206144 8932123 ev_poll_posix.cc:587] FD from fork parent still in poll list: fd(7, generation: 1)
I0924 16:00:12.206200 8932123 ev_poll_posix.cc:587] FD from fork parent still in poll list: fd(14, generation: 1)
INFO:root:[window 2026-09-24T10:29:55Z] FastPay   n=    7 err=  0.00% p95=  388.7ms top=None
INFO:root:[window 2026-09-24T10:29:50Z] FastPay   n=    7 err=  0.00% p95=  388.7ms top=None
INFO:root:[window 2026-09-24T10:29:45Z] FastPay   n=    7 err=  0.00% p95=  388.7ms top=None
INFO:root:[window 2026-09-24T10:29:40Z] FastPay   n=    7 err=  0.00% p95=  388.7ms top=None
INFO:root:[window 2026-09-24T10:29:35Z] FastPay   n=    7 err=  0.00% p95=  388.7ms top=None
INFO:root:[window 2026-09-24T10:29:30Z] FastPay   n=    7 err=  0.00% p95=  388.7ms top=None
INFO:root:[window 2026-09-24T10:29:25Z] FastPay   n=    7 err=  0.00% p95=  388.7ms top=None
INFO:root:[window 2026-09-24T10:29:20Z] FastPay   n=    7 err=  0.00% p95=  388.7ms top=None
INFO:root:[window 2026-09-24T10:29:15Z] FastPay   n=    7 err=  0.00% p95=  388.7ms top=None
INFO:root:[window 2026-09-24T10:29:10Z] FastPay   n=    7 err=  0.00% p95=  388.7ms top=None
INFO:root:[window 2026-09-24T10:29:05Z] FastPay   n=    7 err=  0.00% p95=  388.7ms top=None
INFO:root:[window 2026-09-24T10:29:00Z] FastPay   n=    7 err=  0.00% p95=  388.7ms top=None
INFO:root:[window 2026-09-24T10:29:55Z] SecurePay n=    2 err=  0.00% p95=  267.8ms top=None
INFO:root:[window 2026-09-24T10:29:50Z] SecurePay n=    2 err=  0.00% p95=  267.8ms top=None
INFO:root:[window 2026-09-24T10:29:45Z] SecurePay n=    2 err=  0.00% p95=  267.8ms top=None
INFO:root:[window 2026-09-24T10:29:40Z] SecurePay n=    2 err=  0.00% p95=  267.8ms top=None
INFO:root:[window 2026-09-24T10:29:35Z] SecurePay n=    2 err=  0.00% p95=  267.8ms top=None
INFO:root:[window 2026-09-24T10:29:30Z] SecurePay n=    2 err=  0.00% p95=  267.8ms top=None
INFO:root:[window 2026-09-24T10:29:25Z] SecurePay n=    2 err=  0.00% p95=  267.8ms top=None
INFO:root:[window 2026-09-24T10:29:20Z] SecurePay n=    2 err=  0.00% p95=  267.8ms top=None
INFO:root:[window 2026-09-24T10:29:15Z] SecurePay n=    2 err=  0.00% p95=  267.8ms top=None
INFO:root:[window 2026-09-24T10:29:10Z] SecurePay n=    2 err=  0.00% p95=  267.8ms top=None
INFO:root:[window 2026-09-24T10:29:05Z] SecurePay n=    2 err=  0.00% p95=  267.8ms top=None
INFO:root:[window 2026-09-24T10:29:00Z] SecurePay n=    2 err=  0.00% p95=  267.8ms top=None
INFO:root:[window 2026-09-24T10:29:55Z] QuickPay  n=    1 err=  0.00% p95=  293.0ms top=None
INFO:root:[window 2026-09-24T10:29:50Z] QuickPay  n=    1 err=  0.00% p95=  293.0ms top=None
INFO:root:[window 2026-09-24T10:29:45Z] QuickPay  n=    1 err=  0.00% p95=  293.0ms top=None
INFO:root:[window 2026-09-24T10:29:40Z] QuickPay  n=    1 err=  0.00% p95=  293.0ms top=None
INFO:root:[window 2026-09-24T10:29:35Z] QuickPay  n=    1 err=  0.00% p95=  293.0ms top=None
INFO:root:[window 2026-09-24T10:29:30Z] QuickPay  n=    1 err=  0.00% p95=  293.0ms top=None
INFO:root:[window 2026-09-24T10:29:25Z] QuickPay  n=    1 err=  0.00% p95=  293.0ms top=None
INFO:root:[window 2026-09-24T10:29:20Z] QuickPay  n=    1 err=  0.00% p95=  293.0ms top=None
INFO:root:[window 2026-09-24T10:29:15Z] QuickPay  n=    1 err=  0.00% p95=  293.0ms top=None
INFO:root:[window 2026-09-24T10:29:10Z] QuickPay  n=    1 err=  0.00% p95=  293.0ms top=None
INFO:root:[window 2026-09-24T10:29:05Z] QuickPay  n=    1 err=  0.00% p95=  293.0ms top=None
INFO:root:[window 2026-09-24T10:29:00Z] QuickPay  n=    1 err=  0.00% p95=  293.0ms top=None
I0924 16:00:13.957685 8932245 ev_poll_posix.cc:587] FD from fork parent still in poll list: fd(7, generation: 1)
I0924 16:00:13.957767 8932245 ev_poll_posix.cc:587] FD from fork parent still in poll list: fd(14, generation: 1)
INFO:root:[window 2026-09-24T10:29:50Z] FastPay   n=    5 err=  0.00% p95=  314.5ms top=None
INFO:root:[window 2026-09-24T10:29:45Z] FastPay   n=    5 err=  0.00% p95=  314.5ms top=None
INFO:root:[window 2026-09-24T10:29:40Z] FastPay   n=    5 err=  0.00% p95=  314.5ms top=None
INFO:root:[window 2026-09-24T10:29:35Z] FastPay   n=    5 err=  0.00% p95=  314.5ms top=None
INFO:root:[window 2026-09-24T10:29:30Z] FastPay   n=    5 err=  0.00% p95=  314.5ms top=None
INFO:root:[window 2026-09-24T10:29:25Z] FastPay   n=    5 err=  0.00% p95=  314.5ms top=None
INFO:root:[window 2026-09-24T10:29:20Z] FastPay   n=    5 err=  0.00% p95=  314.5ms top=None
INFO:root:[window 2026-09-24T10:29:15Z] FastPay   n=    5 err=  0.00% p95=  314.5ms top=None
INFO:root:[window 2026-09-24T10:29:10Z] FastPay   n=    5 err=  0.00% p95=  314.5ms top=None
INFO:root:[window 2026-09-24T10:29:05Z] FastPay   n=    5 err=  0.00% p95=  314.5ms top=None
INFO:root:[window 2026-09-24T10:29:00Z] FastPay   n=    5 err=  0.00% p95=  314.5ms top=None
INFO:root:[window 2026-09-24T10:28:55Z] FastPay   n=    5 err=  0.00% p95=  314.5ms top=None
INFO:root:[window 2026-09-24T10:29:50Z] SecurePay n=    3 err=  0.00% p95=  326.6ms top=None
INFO:root:[window 2026-09-24T10:29:45Z] SecurePay n=    3 err=  0.00% p95=  326.6ms top=None
INFO:root:[window 2026-09-24T10:29:40Z] SecurePay n=    3 err=  0.00% p95=  326.6ms top=None
INFO:root:[window 2026-09-24T10:29:35Z] SecurePay n=    3 err=  0.00% p95=  326.6ms top=None
INFO:root:[window 2026-09-24T10:29:30Z] SecurePay n=    3 err=  0.00% p95=  326.6ms top=None
INFO:root:[window 2026-09-24T10:29:25Z] SecurePay n=    3 err=  0.00% p95=  326.6ms top=None
INFO:root:[window 2026-09-24T10:29:20Z] SecurePay n=    3 err=  0.00% p95=  326.6ms top=None
INFO:root:[window 2026-09-24T10:29:15Z] SecurePay n=    3 err=  0.00% p95=  326.6ms top=None
INFO:root:[window 2026-09-24T10:29:10Z] SecurePay n=    3 err=  0.00% p95=  326.6ms top=None
INFO:root:[window 2026-09-24T10:29:05Z] SecurePay n=    3 err=  0.00% p95=  326.6ms top=None
INFO:root:[window 2026-09-24T10:29:00Z] SecurePay n=    3 err=  0.00% p95=  326.6ms top=None
INFO:root:[window 2026-09-24T10:28:55Z] SecurePay n=    3 err=  0.00% p95=  326.6ms top=None
INFO:root:[window 2026-09-24T10:28:45Z] SecurePay n=    1 err=  0.00% p95=  417.8ms top=None
INFO:root:[window 2026-09-24T10:28:40Z] SecurePay n=    1 err=  0.00% p95=  417.8ms top=None
INFO:root:[window 2026-09-24T10:28:35Z] SecurePay n=    1 err=  0.00% p95=  417.8ms top=None
INFO:root:[window 2026-09-24T10:28:30Z] SecurePay n=    1 err=  0.00% p95=  417.8ms top=None
INFO:root:[window 2026-09-24T10:28:25Z] SecurePay n=    1 err=  0.00% p95=  417.8ms top=None
INFO:root:[window 2026-09-24T10:28:20Z] SecurePay n=    1 err=  0.00% p95=  417.8ms top=None
INFO:root:[window 2026-09-24T10:28:15Z] SecurePay n=    1 err=  0.00% p95=  417.8ms top=None
INFO:root:[window 2026-09-24T10:29:50Z] QuickPay  n=    1 err=  0.00% p95=  226.3ms top=None
INFO:root:[window 2026-09-24T10:29:45Z] QuickPay  n=    1 err=  0.00% p95=  226.3ms top=None
INFO:root:[window 2026-09-24T10:29:40Z] QuickPay  n=    1 err=  0.00% p95=  226.3ms top=None
INFO:root:[window 2026-09-24T10:29:35Z] QuickPay  n=    1 err=  0.00% p95=  226.3ms top=None
INFO:root:[window 2026-09-24T10:29:30Z] QuickPay  n=    1 err=  0.00% p95=  226.3ms top=None
INFO:root:[window 2026-09-24T10:29:25Z] QuickPay  n=    1 err=  0.00% p95=  226.3ms top=None
INFO:root:[window 2026-09-24T10:29:20Z] QuickPay  n=    1 err=  0.00% p95=  226.3ms top=None
INFO:root:[window 2026-09-24T10:29:15Z] QuickPay  n=    1 err=  0.00% p95=  226.3ms top=None
INFO:root:[window 2026-09-24T10:29:10Z] QuickPay  n=    1 err=  0.00% p95=  226.3ms top=None
INFO:root:[window 2026-09-24T10:29:05Z] QuickPay  n=    1 err=  0.00% p95=  226.3ms top=None
INFO:root:[window 2026-09-24T10:29:00Z] QuickPay  n=    1 err=  0.00% p95=  226.3ms top=None
INFO:root:[window 2026-09-24T10:28:55Z] QuickPay  n=    1 err=  0.00% p95=  226.3ms top=None
I0924 16:00:16.256719 8932491 ev_poll_posix.cc:587] FD from fork parent still in poll list: fd(7, generation: 1)
I0924 16:00:16.256782 8932491 ev_poll_posix.cc:587] FD from fork parent still in poll list: fd(14, generation: 1)
INFO:root:[window 2026-09-24T10:29:50Z] FastPay   n=    8 err=  0.00% p95=  370.9ms top=None
INFO:root:[window 2026-09-24T10:29:45Z] FastPay   n=    8 err=  0.00% p95=  370.9ms top=None
INFO:root:[window 2026-09-24T10:29:40Z] FastPay   n=    8 err=  0.00% p95=  370.9ms top=None
INFO:root:[window 2026-09-24T10:29:35Z] FastPay   n=    8 err=  0.00% p95=  370.9ms top=None
INFO:root:[window 2026-09-24T10:29:30Z] FastPay   n=    8 err=  0.00% p95=  370.9ms top=None
INFO:root:[window 2026-09-24T10:29:25Z] FastPay   n=    8 err=  0.00% p95=  370.9ms top=None
INFO:root:[window 2026-09-24T10:29:20Z] FastPay   n=    8 err=  0.00% p95=  370.9ms top=None
INFO:root:[window 2026-09-24T10:29:15Z] FastPay   n=    8 err=  0.00% p95=  370.9ms top=None
INFO:root:[window 2026-09-24T10:29:10Z] FastPay   n=    8 err=  0.00% p95=  370.9ms top=None
INFO:root:[window 2026-09-24T10:29:05Z] FastPay   n=    8 err=  0.00% p95=  370.9ms top=None
INFO:root:[window 2026-09-24T10:29:00Z] FastPay   n=    8 err=  0.00% p95=  370.9ms top=None
INFO:root:[window 2026-09-24T10:28:55Z] FastPay   n=    8 err=  0.00% p95=  370.9ms top=None
INFO:root:[window 2026-09-24T10:29:50Z] QuickPay  n=    1 err=  0.00% p95=  234.7ms top=None
INFO:root:[window 2026-09-24T10:29:45Z] QuickPay  n=    1 err=  0.00% p95=  234.7ms top=None
INFO:root:[window 2026-09-24T10:29:40Z] QuickPay  n=    1 err=  0.00% p95=  234.7ms top=None
INFO:root:[window 2026-09-24T10:29:35Z] QuickPay  n=    1 err=  0.00% p95=  234.7ms top=None
INFO:root:[window 2026-09-24T10:29:30Z] QuickPay  n=    1 err=  0.00% p95=  234.7ms top=None
INFO:root:[window 2026-09-24T10:29:25Z] QuickPay  n=    1 err=  0.00% p95=  234.7ms top=None
INFO:root:[window 2026-09-24T10:29:20Z] QuickPay  n=    1 err=  0.00% p95=  234.7ms top=None
INFO:root:[window 2026-09-24T10:29:15Z] QuickPay  n=    1 err=  0.00% p95=  234.7ms top=None
INFO:root:[window 2026-09-24T10:29:10Z] QuickPay  n=    1 err=  0.00% p95=  234.7ms top=None
INFO:root:[window 2026-09-24T10:29:05Z] QuickPay  n=    1 err=  0.00% p95=  234.7ms top=None
INFO:root:[window 2026-09-24T10:29:00Z] QuickPay  n=    1 err=  0.00% p95=  234.7ms top=None
INFO:root:[window 2026-09-24T10:28:55Z] QuickPay  n=    1 err=  0.00% p95=  234.7ms top=None
INFO:root:[window 2026-09-24T10:28:25Z] SecurePay n=    1 err=  0.00% p95=  287.0ms top=None
INFO:root:[window 2026-09-24T10:28:20Z] SecurePay n=    1 err=  0.00% p95=  287.0ms top=None
I0924 16:00:18.043459 8932639 ev_poll_posix.cc:587] FD from fork parent still in poll list: fd(7, generation: 1)
I0924 16:00:18.043524 8932639 ev_poll_posix.cc:587] FD from fork parent still in poll list: fd(14, generation: 1)
INFO:root:[window 2026-09-24T10:29:50Z] QuickPay  n=    2 err=  0.00% p95=  136.8ms top=None
INFO:root:[window 2026-09-24T10:29:45Z] QuickPay  n=    2 err=  0.00% p95=  136.8ms top=None
INFO:root:[window 2026-09-24T10:29:40Z] QuickPay  n=    2 err=  0.00% p95=  136.8ms top=None
INFO:root:[window 2026-09-24T10:29:35Z] QuickPay  n=    2 err=  0.00% p95=  136.8ms top=None
INFO:root:[window 2026-09-24T10:29:30Z] QuickPay  n=    2 err=  0.00% p95=  136.8ms top=None
INFO:root:[window 2026-09-24T10:29:25Z] QuickPay  n=    2 err=  0.00% p95=  136.8ms top=None
INFO:root:[window 2026-09-24T10:29:20Z] QuickPay  n=    2 err=  0.00% p95=  136.8ms top=None
INFO:root:[window 2026-09-24T10:29:15Z] QuickPay  n=    2 err=  0.00% p95=  136.8ms top=None
INFO:root:[window 2026-09-24T10:29:10Z] QuickPay  n=    2 err=  0.00% p95=  136.8ms top=None
INFO:root:[window 2026-09-24T10:29:05Z] QuickPay  n=    2 err=  0.00% p95=  136.8ms top=None
INFO:root:[window 2026-09-24T10:29:00Z] QuickPay  n=    2 err=  0.00% p95=  136.8ms top=None
INFO:root:[window 2026-09-24T10:28:55Z] QuickPay  n=    2 err=  0.00% p95=  136.8ms top=None
INFO:root:[window 2026-09-24T10:29:50Z] SecurePay n=    2 err=  0.00% p95=  288.8ms top=None
INFO:root:[window 2026-09-24T10:29:45Z] SecurePay n=    2 err=  0.00% p95=  288.8ms top=None
INFO:root:[window 2026-09-24T10:29:40Z] SecurePay n=    2 err=  0.00% p95=  288.8ms top=None
INFO:root:[window 2026-09-24T10:29:35Z] SecurePay n=    2 err=  0.00% p95=  288.8ms top=None
INFO:root:[window 2026-09-24T10:29:30Z] SecurePay n=    2 err=  0.00% p95=  288.8ms top=None
INFO:root:[window 2026-09-24T10:29:25Z] SecurePay n=    2 err=  0.00% p95=  288.8ms top=None
INFO:root:[window 2026-09-24T10:29:20Z] SecurePay n=    2 err=  0.00% p95=  288.8ms top=None
INFO:root:[window 2026-09-24T10:29:15Z] SecurePay n=    2 err=  0.00% p95=  288.8ms top=None
INFO:root:[window 2026-09-24T10:29:10Z] SecurePay n=    2 err=  0.00% p95=  288.8ms top=None
INFO:root:[window 2026-09-24T10:29:05Z] SecurePay n=    2 err=  0.00% p95=  288.8ms top=None
INFO:root:[window 2026-09-24T10:29:00Z] SecurePay n=    2 err=  0.00% p95=  288.8ms top=None
INFO:root:[window 2026-09-24T10:28:55Z] SecurePay n=    2 err=  0.00% p95=  288.8ms top=None
INFO:root:[window 2026-09-24T10:29:50Z] FastPay   n=    6 err=  0.00% p95=  329.0ms top=None
INFO:root:[window 2026-09-24T10:29:45Z] FastPay   n=    6 err=  0.00% p95=  329.0ms top=None
INFO:root:[window 2026-09-24T10:29:40Z] FastPay   n=    6 err=  0.00% p95=  329.0ms top=None
INFO:root:[window 2026-09-24T10:29:35Z] FastPay   n=    6 err=  0.00% p95=  329.0ms top=None
INFO:root:[window 2026-09-24T10:29:30Z] FastPay   n=    6 err=  0.00% p95=  329.0ms top=None
INFO:root:[window 2026-09-24T10:29:25Z] FastPay   n=    6 err=  0.00% p95=  329.0ms top=None
INFO:root:[window 2026-09-24T10:29:20Z] FastPay   n=    6 err=  0.00% p95=  329.0ms top=None
INFO:root:[window 2026-09-24T10:29:15Z] FastPay   n=    6 err=  0.00% p95=  329.0ms top=None
INFO:root:[window 2026-09-24T10:29:10Z] FastPay   n=    6 err=  0.00% p95=  329.0ms top=None
INFO:root:[window 2026-09-24T10:29:05Z] FastPay   n=    6 err=  0.00% p95=  329.0ms top=None
INFO:root:[window 2026-09-24T10:29:00Z] FastPay   n=    6 err=  0.00% p95=  329.0ms top=None
INFO:root:[window 2026-09-24T10:28:55Z] FastPay   n=    6 err=  0.00% p95=  329.0ms top=None
I0924 16:00:19.803685 8932810 ev_poll_posix.cc:587] FD from fork parent still in poll list: fd(7, generation: 1)
I0924 16:00:19.803760 8932810 ev_poll_posix.cc:587] FD from fork parent still in poll list: fd(14, generation: 1)
INFO:root:[window 2026-09-24T10:29:50Z] FastPay   n=    8 err=  0.00% p95=  309.8ms top=None
INFO:root:[window 2026-09-24T10:29:45Z] FastPay   n=    8 err=  0.00% p95=  309.8ms top=None
INFO:root:[window 2026-09-24T10:29:40Z] FastPay   n=    8 err=  0.00% p95=  309.8ms top=None
INFO:root:[window 2026-09-24T10:29:35Z] FastPay   n=    8 err=  0.00% p95=  309.8ms top=None
INFO:root:[window 2026-09-24T10:29:30Z] FastPay   n=    8 err=  0.00% p95=  309.8ms top=None
INFO:root:[window 2026-09-24T10:29:25Z] FastPay   n=    8 err=  0.00% p95=  309.8ms top=None
INFO:root:[window 2026-09-24T10:29:20Z] FastPay   n=    8 err=  0.00% p95=  309.8ms top=None
INFO:root:[window 2026-09-24T10:29:15Z] FastPay   n=    8 err=  0.00% p95=  309.8ms top=None
INFO:root:[window 2026-09-24T10:29:10Z] FastPay   n=    8 err=  0.00% p95=  309.8ms top=None
INFO:root:[window 2026-09-24T10:29:05Z] FastPay   n=    8 err=  0.00% p95=  309.8ms top=None
INFO:root:[window 2026-09-24T10:29:00Z] FastPay   n=    8 err=  0.00% p95=  309.8ms top=None
INFO:root:[window 2026-09-24T10:28:55Z] FastPay   n=    8 err=  0.00% p95=  309.8ms top=None
INFO:root:[window 2026-09-24T10:28:35Z] FastPay   n=    1 err=  0.00% p95=  187.8ms top=None
INFO:root:[window 2026-09-24T10:28:30Z] FastPay   n=    1 err=  0.00% p95=  187.8ms top=None
INFO:root:[window 2026-09-24T10:28:25Z] FastPay   n=    1 err=  0.00% p95=  187.8ms top=None
INFO:root:[window 2026-09-24T10:28:20Z] FastPay   n=    1 err=  0.00% p95=  187.8ms top=None
INFO:root:[window 2026-09-24T10:29:50Z] SecurePay n=    1 err=  0.00% p95=  396.0ms top=None
INFO:root:[window 2026-09-24T10:29:45Z] SecurePay n=    1 err=  0.00% p95=  396.0ms top=None
INFO:root:[window 2026-09-24T10:29:40Z] SecurePay n=    1 err=  0.00% p95=  396.0ms top=None
INFO:root:[window 2026-09-24T10:29:35Z] SecurePay n=    1 err=  0.00% p95=  396.0ms top=None
INFO:root:[window 2026-09-24T10:29:30Z] SecurePay n=    1 err=  0.00% p95=  396.0ms top=None
INFO:root:[window 2026-09-24T10:29:25Z] SecurePay n=    1 err=  0.00% p95=  396.0ms top=None
INFO:root:[window 2026-09-24T10:29:20Z] SecurePay n=    1 err=  0.00% p95=  396.0ms top=None
INFO:root:[window 2026-09-24T10:29:15Z] SecurePay n=    1 err=  0.00% p95=  396.0ms top=None
INFO:root:[window 2026-09-24T10:29:10Z] SecurePay n=    1 err=  0.00% p95=  396.0ms top=None
INFO:root:[window 2026-09-24T10:29:05Z] SecurePay n=    1 err=  0.00% p95=  396.0ms top=None
INFO:root:[window 2026-09-24T10:29:00Z] SecurePay n=    1 err=  0.00% p95=  396.0ms top=None
INFO:root:[window 2026-09-24T10:28:55Z] SecurePay n=    1 err=  0.00% p95=  396.0ms top=None
I0924 16:00:21.570943 8932973 ev_poll_posix.cc:587] FD from fork parent still in poll list: fd(7, generation: 1)
I0924 16:00:21.571008 8932973 ev_poll_posix.cc:587] FD from fork parent still in poll list: fd(14, generation: 1)
INFO:root:[window 2026-09-24T10:29:55Z] SecurePay n=    5 err=  0.00% p95=  237.9ms top=None
INFO:root:[window 2026-09-24T10:29:50Z] SecurePay n=    5 err=  0.00% p95=  237.9ms top=None
INFO:root:[window 2026-09-24T10:29:45Z] SecurePay n=    5 err=  0.00% p95=  237.9ms top=None
INFO:root:[window 2026-09-24T10:29:40Z] SecurePay n=    5 err=  0.00% p95=  237.9ms top=None
INFO:root:[window 2026-09-24T10:29:35Z] SecurePay n=    5 err=  0.00% p95=  237.9ms top=None
INFO:root:[window 2026-09-24T10:29:30Z] SecurePay n=    5 err=  0.00% p95=  237.9ms top=None
INFO:root:[window 2026-09-24T10:29:25Z] SecurePay n=    5 err=  0.00% p95=  237.9ms top=None
INFO:root:[window 2026-09-24T10:29:20Z] SecurePay n=    5 err=  0.00% p95=  237.9ms top=None
INFO:root:[window 2026-09-24T10:29:15Z] SecurePay n=    5 err=  0.00% p95=  237.9ms top=None
INFO:root:[window 2026-09-24T10:29:10Z] SecurePay n=    5 err=  0.00% p95=  237.9ms top=None
INFO:root:[window 2026-09-24T10:29:05Z] SecurePay n=    5 err=  0.00% p95=  237.9ms top=None
INFO:root:[window 2026-09-24T10:29:00Z] SecurePay n=    5 err=  0.00% p95=  237.9ms top=None
INFO:root:[window 2026-09-24T10:29:55Z] FastPay   n=    5 err=  0.00% p95=  338.1ms top=None
INFO:root:[window 2026-09-24T10:29:50Z] FastPay   n=    5 err=  0.00% p95=  338.1ms top=None
INFO:root:[window 2026-09-24T10:29:45Z] FastPay   n=    5 err=  0.00% p95=  338.1ms top=None
INFO:root:[window 2026-09-24T10:29:40Z] FastPay   n=    5 err=  0.00% p95=  338.1ms top=None
INFO:root:[window 2026-09-24T10:29:35Z] FastPay   n=    5 err=  0.00% p95=  338.1ms top=None
INFO:root:[window 2026-09-24T10:29:30Z] FastPay   n=    5 err=  0.00% p95=  338.1ms top=None
INFO:root:[window 2026-09-24T10:29:25Z] FastPay   n=    5 err=  0.00% p95=  338.1ms top=None
INFO:root:[window 2026-09-24T10:29:20Z] FastPay   n=    5 err=  0.00% p95=  338.1ms top=None
INFO:root:[window 2026-09-24T10:29:15Z] FastPay   n=    5 err=  0.00% p95=  338.1ms top=None
INFO:root:[window 2026-09-24T10:29:10Z] FastPay   n=    5 err=  0.00% p95=  338.1ms top=None
INFO:root:[window 2026-09-24T10:29:05Z] FastPay   n=    5 err=  0.00% p95=  338.1ms top=None
INFO:root:[window 2026-09-24T10:29:00Z] FastPay   n=    5 err=  0.00% p95=  338.1ms top=None
I0924 16:00:23.888258 8933146 ev_poll_posix.cc:587] FD from fork parent still in poll list: fd(7, generation: 1)
I0924 16:00:23.888322 8933146 ev_poll_posix.cc:587] FD from fork parent still in poll list: fd(14, generation: 1)
INFO:root:[window 2026-09-24T10:29:50Z] SecurePay n=    4 err=  0.00% p95=  320.4ms top=None
INFO:root:[window 2026-09-24T10:29:45Z] SecurePay n=    4 err=  0.00% p95=  320.4ms top=None
INFO:root:[window 2026-09-24T10:29:40Z] SecurePay n=    4 err=  0.00% p95=  320.4ms top=None
INFO:root:[window 2026-09-24T10:29:35Z] SecurePay n=    4 err=  0.00% p95=  320.4ms top=None
INFO:root:[window 2026-09-24T10:29:30Z] SecurePay n=    4 err=  0.00% p95=  320.4ms top=None
INFO:root:[window 2026-09-24T10:29:25Z] SecurePay n=    4 err=  0.00% p95=  320.4ms top=None
INFO:root:[window 2026-09-24T10:29:20Z] SecurePay n=    4 err=  0.00% p95=  320.4ms top=None
INFO:root:[window 2026-09-24T10:29:15Z] SecurePay n=    4 err=  0.00% p95=  320.4ms top=None
INFO:root:[window 2026-09-24T10:29:10Z] SecurePay n=    4 err=  0.00% p95=  320.4ms top=None
INFO:root:[window 2026-09-24T10:29:05Z] SecurePay n=    4 err=  0.00% p95=  320.4ms top=None
INFO:root:[window 2026-09-24T10:29:00Z] SecurePay n=    4 err=  0.00% p95=  320.4ms top=None
INFO:root:[window 2026-09-24T10:28:55Z] SecurePay n=    4 err=  0.00% p95=  320.4ms top=None
INFO:root:[window 2026-09-24T10:29:50Z] QuickPay  n=    1 err=  0.00% p95=  213.9ms top=None
INFO:root:[window 2026-09-24T10:29:45Z] QuickPay  n=    1 err=  0.00% p95=  213.9ms top=None
INFO:root:[window 2026-09-24T10:29:40Z] QuickPay  n=    1 err=  0.00% p95=  213.9ms top=None
INFO:root:[window 2026-09-24T10:29:35Z] QuickPay  n=    1 err=  0.00% p95=  213.9ms top=None
INFO:root:[window 2026-09-24T10:29:30Z] QuickPay  n=    1 err=  0.00% p95=  213.9ms top=None
INFO:root:[window 2026-09-24T10:29:25Z] QuickPay  n=    1 err=  0.00% p95=  213.9ms top=None
INFO:root:[window 2026-09-24T10:29:20Z] QuickPay  n=    1 err=  0.00% p95=  213.9ms top=None
INFO:root:[window 2026-09-24T10:29:15Z] QuickPay  n=    1 err=  0.00% p95=  213.9ms top=None
INFO:root:[window 2026-09-24T10:29:10Z] QuickPay  n=    1 err=  0.00% p95=  213.9ms top=None
INFO:root:[window 2026-09-24T10:29:05Z] QuickPay  n=    1 err=  0.00% p95=  213.9ms top=None
INFO:root:[window 2026-09-24T10:29:00Z] QuickPay  n=    1 err=  0.00% p95=  213.9ms top=None
INFO:root:[window 2026-09-24T10:28:55Z] QuickPay  n=    1 err=  0.00% p95=  213.9ms top=None
INFO:root:[window 2026-09-24T10:29:50Z] FastPay   n=    5 err=  0.00% p95=  451.5ms top=None
INFO:root:[window 2026-09-24T10:29:45Z] FastPay   n=    5 err=  0.00% p95=  451.5ms top=None
INFO:root:[window 2026-09-24T10:29:40Z] FastPay   n=    5 err=  0.00% p95=  451.5ms top=None
INFO:root:[window 2026-09-24T10:29:35Z] FastPay   n=    5 err=  0.00% p95=  451.5ms top=None
INFO:root:[window 2026-09-24T10:29:30Z] FastPay   n=    5 err=  0.00% p95=  451.5ms top=None
INFO:root:[window 2026-09-24T10:29:25Z] FastPay   n=    5 err=  0.00% p95=  451.5ms top=None
INFO:root:[window 2026-09-24T10:29:20Z] FastPay   n=    5 err=  0.00% p95=  451.5ms top=None
INFO:root:[window 2026-09-24T10:29:15Z] FastPay   n=    5 err=  0.00% p95=  451.5ms top=None
INFO:root:[window 2026-09-24T10:29:10Z] FastPay   n=    5 err=  0.00% p95=  451.5ms top=None
INFO:root:[window 2026-09-24T10:29:05Z] FastPay   n=    5 err=  0.00% p95=  451.5ms top=None
INFO:root:[window 2026-09-24T10:29:00Z] FastPay   n=    5 err=  0.00% p95=  451.5ms top=None
INFO:root:[window 2026-09-24T10:28:55Z] FastPay   n=    5 err=  0.00% p95=  451.5ms top=None
I0924 16:00:25.694581 8933371 ev_poll_posix.cc:587] FD from fork parent still in poll list: fd(7, generation: 1)
I0924 16:00:25.694669 8933371 ev_poll_posix.cc:587] FD from fork parent still in poll list: fd(14, generation: 1)
INFO:root:[window 2026-09-24T10:29:50Z] FastPay   n=    8 err=  0.00% p95=  325.1ms top=None
INFO:root:[window 2026-09-24T10:29:45Z] FastPay   n=    8 err=  0.00% p95=  325.1ms top=None
INFO:root:[window 2026-09-24T10:29:40Z] FastPay   n=    8 err=  0.00% p95=  325.1ms top=None
INFO:root:[window 2026-09-24T10:29:35Z] FastPay   n=    8 err=  0.00% p95=  325.1ms top=None
INFO:root:[window 2026-09-24T10:29:30Z] FastPay   n=    8 err=  0.00% p95=  325.1ms top=None
INFO:root:[window 2026-09-24T10:29:25Z] FastPay   n=    8 err=  0.00% p95=  325.1ms top=None
INFO:root:[window 2026-09-24T10:29:20Z] FastPay   n=    8 err=  0.00% p95=  325.1ms top=None
INFO:root:[window 2026-09-24T10:29:15Z] FastPay   n=    8 err=  0.00% p95=  325.1ms top=None
INFO:root:[window 2026-09-24T10:29:10Z] FastPay   n=    8 err=  0.00% p95=  325.1ms top=None
INFO:root:[window 2026-09-24T10:29:05Z] FastPay   n=    8 err=  0.00% p95=  325.1ms top=None
INFO:root:[window 2026-09-24T10:29:00Z] FastPay   n=    8 err=  0.00% p95=  325.1ms top=None
INFO:root:[window 2026-09-24T10:28:55Z] FastPay   n=    8 err=  0.00% p95=  325.1ms top=None
INFO:root:[window 2026-09-24T10:29:50Z] QuickPay  n=    1 err=  0.00% p95=  332.4ms top=None
INFO:root:[window 2026-09-24T10:29:45Z] QuickPay  n=    1 err=  0.00% p95=  332.4ms top=None
INFO:root:[window 2026-09-24T10:29:40Z] QuickPay  n=    1 err=  0.00% p95=  332.4ms top=None
INFO:root:[window 2026-09-24T10:29:35Z] QuickPay  n=    1 err=  0.00% p95=  332.4ms top=None
INFO:root:[window 2026-09-24T10:29:30Z] QuickPay  n=    1 err=  0.00% p95=  332.4ms top=None
INFO:root:[window 2026-09-24T10:29:25Z] QuickPay  n=    1 err=  0.00% p95=  332.4ms top=None
INFO:root:[window 2026-09-24T10:29:20Z] QuickPay  n=    1 err=  0.00% p95=  332.4ms top=None
INFO:root:[window 2026-09-24T10:29:15Z] QuickPay  n=    1 err=  0.00% p95=  332.4ms top=None
INFO:root:[window 2026-09-24T10:29:10Z] QuickPay  n=    1 err=  0.00% p95=  332.4ms top=None
INFO:root:[window 2026-09-24T10:29:05Z] QuickPay  n=    1 err=  0.00% p95=  332.4ms top=None
INFO:root:[window 2026-09-24T10:29:00Z] QuickPay  n=    1 err=  0.00% p95=  332.4ms top=None
INFO:root:[window 2026-09-24T10:28:55Z] QuickPay  n=    1 err=  0.00% p95=  332.4ms top=None
INFO:root:[window 2026-09-24T10:29:50Z] SecurePay n=    1 err=  0.00% p95=  362.2ms top=None
INFO:root:[window 2026-09-24T10:29:45Z] SecurePay n=    1 err=  0.00% p95=  362.2ms top=None
INFO:root:[window 2026-09-24T10:29:40Z] SecurePay n=    1 err=  0.00% p95=  362.2ms top=None
INFO:root:[window 2026-09-24T10:29:35Z] SecurePay n=    1 err=  0.00% p95=  362.2ms top=None
INFO:root:[window 2026-09-24T10:29:30Z] SecurePay n=    1 err=  0.00% p95=  362.2ms top=None
INFO:root:[window 2026-09-24T10:29:25Z] SecurePay n=    1 err=  0.00% p95=  362.2ms top=None
INFO:root:[window 2026-09-24T10:29:20Z] SecurePay n=    1 err=  0.00% p95=  362.2ms top=None
INFO:root:[window 2026-09-24T10:29:15Z] SecurePay n=    1 err=  0.00% p95=  362.2ms top=None
INFO:root:[window 2026-09-24T10:29:10Z] SecurePay n=    1 err=  0.00% p95=  362.2ms top=None
INFO:root:[window 2026-09-24T10:29:05Z] SecurePay n=    1 err=  0.00% p95=  362.2ms top=None
INFO:root:[window 2026-09-24T10:29:00Z] SecurePay n=    1 err=  0.00% p95=  362.2ms top=None
INFO:root:[window 2026-09-24T10:28:55Z] SecurePay n=    1 err=  0.00% p95=  362.2ms top=None
I0924 16:00:27.496519 8933530 ev_poll_posix.cc:587] FD from fork parent still in poll list: fd(7, generation: 1)
I0924 16:00:27.496649 8933530 ev_poll_posix.cc:587] FD from fork parent still in poll list: fd(14, generation: 1)
INFO:root:[window 2026-09-24T10:30:25Z] FastPay   n=    7 err=  0.00% p95=  278.9ms top=None
INFO:root:[window 2026-09-24T10:30:20Z] FastPay   n=    7 err=  0.00% p95=  278.9ms top=None
INFO:root:[window 2026-09-24T10:30:15Z] FastPay   n=    7 err=  0.00% p95=  278.9ms top=None
INFO:root:[window 2026-09-24T10:30:10Z] FastPay   n=    7 err=  0.00% p95=  278.9ms top=None
INFO:root:[window 2026-09-24T10:30:05Z] FastPay   n=    7 err=  0.00% p95=  278.9ms top=None
INFO:root:[window 2026-09-24T10:30:00Z] FastPay   n=    7 err=  0.00% p95=  278.9ms top=None
INFO:root:[window 2026-09-24T10:29:55Z] FastPay   n=    7 err=  0.00% p95=  278.9ms top=None
INFO:root:[window 2026-09-24T10:29:50Z] FastPay   n=    7 err=  0.00% p95=  278.9ms top=None
INFO:root:[window 2026-09-24T10:29:45Z] FastPay   n=    7 err=  0.00% p95=  278.9ms top=None
INFO:root:[window 2026-09-24T10:30:25Z] SecurePay n=    3 err=  0.00% p95=  362.6ms top=None
INFO:root:[window 2026-09-24T10:30:20Z] SecurePay n=    3 err=  0.00% p95=  362.6ms top=None
INFO:root:[window 2026-09-24T10:30:15Z] SecurePay n=    3 err=  0.00% p95=  362.6ms top=None
INFO:root:[window 2026-09-24T10:30:10Z] SecurePay n=    3 err=  0.00% p95=  362.6ms top=None
INFO:root:[window 2026-09-24T10:30:05Z] SecurePay n=    3 err=  0.00% p95=  362.6ms top=None
INFO:root:[window 2026-09-24T10:30:00Z] SecurePay n=    3 err=  0.00% p95=  362.6ms top=None
INFO:root:[window 2026-09-24T10:29:55Z] SecurePay n=    3 err=  0.00% p95=  362.6ms top=None
INFO:root:[window 2026-09-24T10:29:50Z] SecurePay n=    3 err=  0.00% p95=  362.6ms top=None
INFO:root:[window 2026-09-24T10:29:45Z] SecurePay n=    3 err=  0.00% p95=  362.6ms top=None
I0924 16:00:29.295185 8933748 ev_poll_posix.cc:587] FD from fork parent still in poll list: fd(7, generation: 1)
I0924 16:00:29.295242 8933748 ev_poll_posix.cc:587] FD from fork parent still in poll list: fd(14, generation: 1)
INFO:root:[window 2026-09-24T10:29:55Z] FastPay   n=    7 err=  0.00% p95=  391.8ms top=None
INFO:root:[window 2026-09-24T10:29:50Z] FastPay   n=    7 err=  0.00% p95=  391.8ms top=None
INFO:root:[window 2026-09-24T10:29:45Z] FastPay   n=    7 err=  0.00% p95=  391.8ms top=None
INFO:root:[window 2026-09-24T10:29:40Z] FastPay   n=    7 err=  0.00% p95=  391.8ms top=None
INFO:root:[window 2026-09-24T10:29:35Z] FastPay   n=    7 err=  0.00% p95=  391.8ms top=None
INFO:root:[window 2026-09-24T10:29:30Z] FastPay   n=    1 err=  0.00% p95=  391.8ms top=None
INFO:root:[window 2026-09-24T10:29:25Z] FastPay   n=    1 err=  0.00% p95=  391.8ms top=None
INFO:root:[window 2026-09-24T10:29:20Z] FastPay   n=    1 err=  0.00% p95=  391.8ms top=None
INFO:root:[window 2026-09-24T10:29:15Z] FastPay   n=    1 err=  0.00% p95=  391.8ms top=None
INFO:root:[window 2026-09-24T10:29:10Z] FastPay   n=    1 err=  0.00% p95=  391.8ms top=None
INFO:root:[window 2026-09-24T10:29:05Z] FastPay   n=    1 err=  0.00% p95=  391.8ms top=None
INFO:root:[window 2026-09-24T10:29:00Z] FastPay   n=    1 err=  0.00% p95=  391.8ms top=None
INFO:root:[window 2026-09-24T10:30:25Z] FastPay   n=    6 err=  0.00% p95=  363.6ms top=None
INFO:root:[window 2026-09-24T10:30:20Z] FastPay   n=    6 err=  0.00% p95=  363.6ms top=None
INFO:root:[window 2026-09-24T10:30:15Z] FastPay   n=    6 err=  0.00% p95=  363.6ms top=None
INFO:root:[window 2026-09-24T10:30:10Z] FastPay   n=    6 err=  0.00% p95=  363.6ms top=None
INFO:root:[window 2026-09-24T10:30:05Z] FastPay   n=    6 err=  0.00% p95=  363.6ms top=None
INFO:root:[window 2026-09-24T10:30:00Z] FastPay   n=    6 err=  0.00% p95=  363.6ms top=None
INFO:root:[window 2026-09-24T10:29:55Z] SecurePay n=    3 err=  0.00% p95=  294.2ms top=None
INFO:root:[window 2026-09-24T10:29:50Z] SecurePay n=    3 err=  0.00% p95=  294.2ms top=None
INFO:root:[window 2026-09-24T10:29:45Z] SecurePay n=    3 err=  0.00% p95=  294.2ms top=None
INFO:root:[window 2026-09-24T10:29:40Z] SecurePay n=    3 err=  0.00% p95=  294.2ms top=None
INFO:root:[window 2026-09-24T10:29:35Z] SecurePay n=    3 err=  0.00% p95=  294.2ms top=None
INFO:root:[window 2026-09-24T10:29:30Z] SecurePay n=    2 err=  0.00% p95=  123.7ms top=None
INFO:root:[window 2026-09-24T10:29:25Z] SecurePay n=    2 err=  0.00% p95=  123.7ms top=None
INFO:root:[window 2026-09-24T10:29:20Z] SecurePay n=    2 err=  0.00% p95=  123.7ms top=None
INFO:root:[window 2026-09-24T10:29:15Z] SecurePay n=    2 err=  0.00% p95=  123.7ms top=None
INFO:root:[window 2026-09-24T10:29:10Z] SecurePay n=    2 err=  0.00% p95=  123.7ms top=None
INFO:root:[window 2026-09-24T10:29:05Z] SecurePay n=    2 err=  0.00% p95=  123.7ms top=None
INFO:root:[window 2026-09-24T10:29:00Z] SecurePay n=    2 err=  0.00% p95=  123.7ms top=None
INFO:root:[window 2026-09-24T10:30:25Z] SecurePay n=    1 err=  0.00% p95=  383.2ms top=None
INFO:root:[window 2026-09-24T10:30:20Z] SecurePay n=    1 err=  0.00% p95=  383.2ms top=None
INFO:root:[window 2026-09-24T10:30:15Z] SecurePay n=    1 err=  0.00% p95=  383.2ms top=None
INFO:root:[window 2026-09-24T10:30:10Z] SecurePay n=    1 err=  0.00% p95=  383.2ms top=None
INFO:root:[window 2026-09-24T10:30:05Z] SecurePay n=    1 err=  0.00% p95=  383.2ms top=None
INFO:root:[window 2026-09-24T10:30:00Z] SecurePay n=    1 err=  0.00% p95=  383.2ms top=None
INFO:root:[window 2026-09-24T10:30:30Z] SecurePay n=    4 err=  0.00% p95=  383.2ms top=None
INFO:root:[window 2026-09-24T10:30:30Z] FastPay   n=   13 err=  0.00% p95=  363.6ms top=None
I0924 16:00:31.610964 8933972 ev_poll_posix.cc:587] FD from fork parent still in poll list: fd(7, generation: 1)
I0924 16:00:31.611003 8933972 ev_poll_posix.cc:587] FD from fork parent still in poll list: fd(14, generation: 1)
I0924 16:00:32.187209 8934064 ev_poll_posix.cc:587] FD from fork parent still in poll list: fd(7, generation: 1)
I0924 16:00:32.187310 8934064 ev_poll_posix.cc:587] FD from fork parent still in poll list: fd(14, generation: 1)
INFO:root:[window 2026-09-24T10:29:50Z] FastPay   n=    6 err=  0.00% p95=  308.3ms top=None
INFO:root:[window 2026-09-24T10:29:45Z] FastPay   n=    6 err=  0.00% p95=  308.3ms top=None
INFO:root:[window 2026-09-24T10:29:40Z] FastPay   n=    6 err=  0.00% p95=  308.3ms top=None
INFO:root:[window 2026-09-24T10:29:35Z] FastPay   n=    6 err=  0.00% p95=  308.3ms top=None
INFO:root:[window 2026-09-24T10:29:30Z] FastPay   n=    6 err=  0.00% p95=  308.3ms top=None
INFO:root:[window 2026-09-24T10:29:25Z] FastPay   n=    6 err=  0.00% p95=  308.3ms top=None
INFO:root:[window 2026-09-24T10:29:20Z] FastPay   n=    6 err=  0.00% p95=  308.3ms top=None
INFO:root:[window 2026-09-24T10:29:15Z] FastPay   n=    6 err=  0.00% p95=  308.3ms top=None
INFO:root:[window 2026-09-24T10:29:10Z] FastPay   n=    6 err=  0.00% p95=  308.3ms top=None
INFO:root:[window 2026-09-24T10:29:05Z] FastPay   n=    6 err=  0.00% p95=  308.3ms top=None
INFO:root:[window 2026-09-24T10:29:00Z] FastPay   n=    6 err=  0.00% p95=  308.3ms top=None
INFO:root:[window 2026-09-24T10:28:55Z] FastPay   n=    6 err=  0.00% p95=  308.3ms top=None
INFO:root:[window 2026-09-24T10:29:50Z] SecurePay n=    3 err=  0.00% p95=  266.9ms top=None
INFO:root:[window 2026-09-24T10:29:45Z] SecurePay n=    3 err=  0.00% p95=  266.9ms top=None
INFO:root:[window 2026-09-24T10:29:40Z] SecurePay n=    3 err=  0.00% p95=  266.9ms top=None
INFO:root:[window 2026-09-24T10:29:35Z] SecurePay n=    3 err=  0.00% p95=  266.9ms top=None
INFO:root:[window 2026-09-24T10:29:30Z] SecurePay n=    3 err=  0.00% p95=  266.9ms top=None
INFO:root:[window 2026-09-24T10:29:25Z] SecurePay n=    3 err=  0.00% p95=  266.9ms top=None
INFO:root:[window 2026-09-24T10:29:20Z] SecurePay n=    3 err=  0.00% p95=  266.9ms top=None
INFO:root:[window 2026-09-24T10:29:15Z] SecurePay n=    3 err=  0.00% p95=  266.9ms top=None
INFO:root:[window 2026-09-24T10:29:10Z] SecurePay n=    3 err=  0.00% p95=  266.9ms top=None
INFO:root:[window 2026-09-24T10:29:05Z] SecurePay n=    3 err=  0.00% p95=  266.9ms top=None
INFO:root:[window 2026-09-24T10:29:00Z] SecurePay n=    3 err=  0.00% p95=  266.9ms top=None
INFO:root:[window 2026-09-24T10:28:55Z] SecurePay n=    3 err=  0.00% p95=  266.9ms top=None
INFO:root:[window 2026-09-24T10:29:50Z] QuickPay  n=    1 err=  0.00% p95=  200.1ms top=None
INFO:root:[window 2026-09-24T10:29:45Z] QuickPay  n=    1 err=  0.00% p95=  200.1ms top=None
INFO:root:[window 2026-09-24T10:29:40Z] QuickPay  n=    1 err=  0.00% p95=  200.1ms top=None
INFO:root:[window 2026-09-24T10:29:35Z] QuickPay  n=    1 err=  0.00% p95=  200.1ms top=None
INFO:root:[window 2026-09-24T10:29:30Z] QuickPay  n=    1 err=  0.00% p95=  200.1ms top=None
INFO:root:[window 2026-09-24T10:29:25Z] QuickPay  n=    1 err=  0.00% p95=  200.1ms top=None
INFO:root:[window 2026-09-24T10:29:20Z] QuickPay  n=    1 err=  0.00% p95=  200.1ms top=None
INFO:root:[window 2026-09-24T10:29:15Z] QuickPay  n=    1 err=  0.00% p95=  200.1ms top=None
INFO:root:[window 2026-09-24T10:29:10Z] QuickPay  n=    1 err=  0.00% p95=  200.1ms top=None
INFO:root:[window 2026-09-24T10:29:05Z] QuickPay  n=    1 err=  0.00% p95=  200.1ms top=None
INFO:root:[window 2026-09-24T10:29:00Z] QuickPay  n=    1 err=  0.00% p95=  200.1ms top=None
INFO:root:[window 2026-09-24T10:28:55Z] QuickPay  n=    1 err=  0.00% p95=  200.1ms top=None
I0924 16:00:34.232997 8934230 ev_poll_posix.cc:587] FD from fork parent still in poll list: fd(7, generation: 1)
I0924 16:00:34.233259 8934230 ev_poll_posix.cc:587] FD from fork parent still in poll list: fd(14, generation: 1)
INFO:root:[window 2026-09-24T10:29:50Z] FastPay   n=    7 err=  0.00% p95=  349.8ms top=None
INFO:root:[window 2026-09-24T10:29:45Z] FastPay   n=    7 err=  0.00% p95=  349.8ms top=None
INFO:root:[window 2026-09-24T10:29:40Z] FastPay   n=    7 err=  0.00% p95=  349.8ms top=None
INFO:root:[window 2026-09-24T10:29:35Z] FastPay   n=    7 err=  0.00% p95=  349.8ms top=None
INFO:root:[window 2026-09-24T10:29:30Z] FastPay   n=    7 err=  0.00% p95=  349.8ms top=None
INFO:root:[window 2026-09-24T10:29:25Z] FastPay   n=    7 err=  0.00% p95=  349.8ms top=None
INFO:root:[window 2026-09-24T10:29:20Z] FastPay   n=    7 err=  0.00% p95=  349.8ms top=None
INFO:root:[window 2026-09-24T10:29:15Z] FastPay   n=    7 err=  0.00% p95=  349.8ms top=None
INFO:root:[window 2026-09-24T10:29:10Z] FastPay   n=    7 err=  0.00% p95=  349.8ms top=None
INFO:root:[window 2026-09-24T10:29:05Z] FastPay   n=    7 err=  0.00% p95=  349.8ms top=None
INFO:root:[window 2026-09-24T10:29:00Z] FastPay   n=    7 err=  0.00% p95=  349.8ms top=None
INFO:root:[window 2026-09-24T10:28:55Z] FastPay   n=    7 err=  0.00% p95=  349.8ms top=None
INFO:root:[window 2026-09-24T10:29:50Z] QuickPay  n=    1 err=  0.00% p95=  277.4ms top=None
INFO:root:[window 2026-09-24T10:29:45Z] QuickPay  n=    1 err=  0.00% p95=  277.4ms top=None
INFO:root:[window 2026-09-24T10:29:40Z] QuickPay  n=    1 err=  0.00% p95=  277.4ms top=None
INFO:root:[window 2026-09-24T10:29:35Z] QuickPay  n=    1 err=  0.00% p95=  277.4ms top=None
INFO:root:[window 2026-09-24T10:29:30Z] QuickPay  n=    1 err=  0.00% p95=  277.4ms top=None
INFO:root:[window 2026-09-24T10:29:25Z] QuickPay  n=    1 err=  0.00% p95=  277.4ms top=None
INFO:root:[window 2026-09-24T10:29:20Z] QuickPay  n=    1 err=  0.00% p95=  277.4ms top=None
INFO:root:[window 2026-09-24T10:29:15Z] QuickPay  n=    1 err=  0.00% p95=  277.4ms top=None
INFO:root:[window 2026-09-24T10:29:10Z] QuickPay  n=    1 err=  0.00% p95=  277.4ms top=None
INFO:root:[window 2026-09-24T10:29:05Z] QuickPay  n=    1 err=  0.00% p95=  277.4ms top=None
INFO:root:[window 2026-09-24T10:29:00Z] QuickPay  n=    1 err=  0.00% p95=  277.4ms top=None
INFO:root:[window 2026-09-24T10:28:55Z] QuickPay  n=    1 err=  0.00% p95=  277.4ms top=None
INFO:root:[window 2026-09-24T10:29:50Z] SecurePay n=    2 err=  0.00% p95=  228.5ms top=None
INFO:root:[window 2026-09-24T10:29:45Z] SecurePay n=    2 err=  0.00% p95=  228.5ms top=None
INFO:root:[window 2026-09-24T10:29:40Z] SecurePay n=    2 err=  0.00% p95=  228.5ms top=None
INFO:root:[window 2026-09-24T10:29:35Z] SecurePay n=    2 err=  0.00% p95=  228.5ms top=None
INFO:root:[window 2026-09-24T10:29:30Z] SecurePay n=    2 err=  0.00% p95=  228.5ms top=None
INFO:root:[window 2026-09-24T10:29:25Z] SecurePay n=    2 err=  0.00% p95=  228.5ms top=None
INFO:root:[window 2026-09-24T10:29:20Z] SecurePay n=    2 err=  0.00% p95=  228.5ms top=None
INFO:root:[window 2026-09-24T10:29:15Z] SecurePay n=    2 err=  0.00% p95=  228.5ms top=None
INFO:root:[window 2026-09-24T10:29:10Z] SecurePay n=    2 err=  0.00% p95=  228.5ms top=None
INFO:root:[window 2026-09-24T10:29:05Z] SecurePay n=    2 err=  0.00% p95=  228.5ms top=None
INFO:root:[window 2026-09-24T10:29:00Z] SecurePay n=    2 err=  0.00% p95=  228.5ms top=None
INFO:root:[window 2026-09-24T10:28:55Z] SecurePay n=    2 err=  0.00% p95=  228.5ms top=None
INFO:root:[window 2026-09-24T10:30:35Z] SecurePay n=    3 err=  0.00% p95=  362.6ms top=None
INFO:root:[window 2026-09-24T10:30:35Z] FastPay   n=    7 err=  0.00% p95=  278.9ms top=None
I0924 16:00:36.025827 8934415 ev_poll_posix.cc:587] FD from fork parent still in poll list: fd(7, generation: 1)
I0924 16:00:36.025890 8934415 ev_poll_posix.cc:587] FD from fork parent still in poll list: fd(14, generation: 1)
I0924 16:00:36.586452 8934544 ev_poll_posix.cc:587] FD from fork parent still in poll list: fd(7, generation: 1)
I0924 16:00:36.586553 8934544 ev_poll_posix.cc:587] FD from fork parent still in poll list: fd(14, generation: 1)
INFO:root:[window 2026-09-24T10:30:35Z] FastPay   n=    4 err=100.00% p95= 4138.2ms top=504_TIMEOUT
INFO:root:[window 2026-09-24T10:30:35Z] SecurePay n=    4 err=  0.00% p95=  295.6ms top=None
INFO:root:[window 2026-09-24T10:30:35Z] QuickPay  n=    2 err=  0.00% p95=  245.8ms top=None
I0924 16:00:38.188431 8934661 ev_poll_posix.cc:587] FD from fork parent still in poll list: fd(7, generation: 1)
I0924 16:00:38.188493 8934661 ev_poll_posix.cc:587] FD from fork parent still in poll list: fd(14, generation: 1)
INFO:root:[window 2026-09-24T10:30:35Z] FastPay   n=    7 err= 71.43% p95= 3599.7ms top=502_BAD_GATEWAY
INFO:root:[window 2026-09-24T10:30:35Z] SecurePay n=    3 err=  0.00% p95=  320.2ms top=None
I0924 16:00:39.059547 8934808 ev_poll_posix.cc:587] FD from fork parent still in poll list: fd(7, generation: 1)
I0924 16:00:39.059640 8934808 ev_poll_posix.cc:587] FD from fork parent still in poll list: fd(14, generation: 1)
INFO:root:[window 2026-09-24T10:30:35Z] QuickPay  n=    2 err=  0.00% p95=  357.5ms top=None
INFO:root:[window 2026-09-24T10:30:35Z] FastPay   n=    3 err=100.00% p95= 4083.1ms top=504_TIMEOUT
INFO:root:[window 2026-09-24T10:30:35Z] SecurePay n=    5 err=  0.00% p95=  268.2ms top=None
I0924 16:00:39.907140 8934902 ev_poll_posix.cc:587] FD from fork parent still in poll list: fd(7, generation: 1)
I0924 16:00:39.907208 8934902 ev_poll_posix.cc:587] FD from fork parent still in poll list: fd(14, generation: 1)
INFO:root:[window 2026-09-24T10:30:40Z] SecurePay n=   17 err=  0.00% p95=  371.9ms top=None
INFO:root:[window 2026-09-24T10:30:40Z] FastPay   n=   29 err= 62.07% p95= 5181.3ms top=504_TIMEOUT
INFO:root:[window 2026-09-24T10:30:40Z] QuickPay  n=    4 err=  0.00% p95=  357.5ms top=None
I0924 16:00:40.706674 8935056 ev_poll_posix.cc:587] FD from fork parent still in poll list: fd(7, generation: 1)
I0924 16:00:40.707289 8935056 ev_poll_posix.cc:587] FD from fork parent still in poll list: fd(14, generation: 1)
INFO:root:[window 2026-09-24T10:29:55Z] FastPay   n=    5 err=  0.00% p95=  343.5ms top=None
INFO:root:[window 2026-09-24T10:29:50Z] FastPay   n=    5 err=  0.00% p95=  343.5ms top=None
INFO:root:[window 2026-09-24T10:29:45Z] FastPay   n=    5 err=  0.00% p95=  343.5ms top=None
INFO:root:[window 2026-09-24T10:29:40Z] FastPay   n=    5 err=  0.00% p95=  343.5ms top=None
INFO:root:[window 2026-09-24T10:29:35Z] FastPay   n=    5 err=  0.00% p95=  343.5ms top=None
INFO:root:[window 2026-09-24T10:29:30Z] FastPay   n=    5 err=  0.00% p95=  343.5ms top=None
INFO:root:[window 2026-09-24T10:29:25Z] FastPay   n=    5 err=  0.00% p95=  343.5ms top=None
INFO:root:[window 2026-09-24T10:29:20Z] FastPay   n=    5 err=  0.00% p95=  343.5ms top=None
INFO:root:[window 2026-09-24T10:29:15Z] FastPay   n=    5 err=  0.00% p95=  343.5ms top=None
INFO:root:[window 2026-09-24T10:29:10Z] FastPay   n=    5 err=  0.00% p95=  343.5ms top=None
INFO:root:[window 2026-09-24T10:29:05Z] FastPay   n=    5 err=  0.00% p95=  343.5ms top=None
INFO:root:[window 2026-09-24T10:29:00Z] FastPay   n=    5 err=  0.00% p95=  343.5ms top=None
INFO:root:[window 2026-09-24T10:29:55Z] SecurePay n=    3 err=  0.00% p95=  383.7ms top=None
INFO:root:[window 2026-09-24T10:29:50Z] SecurePay n=    3 err=  0.00% p95=  383.7ms top=None
INFO:root:[window 2026-09-24T10:29:45Z] SecurePay n=    3 err=  0.00% p95=  383.7ms top=None
INFO:root:[window 2026-09-24T10:29:40Z] SecurePay n=    3 err=  0.00% p95=  383.7ms top=None
INFO:root:[window 2026-09-24T10:29:35Z] SecurePay n=    3 err=  0.00% p95=  383.7ms top=None
INFO:root:[window 2026-09-24T10:29:30Z] SecurePay n=    3 err=  0.00% p95=  383.7ms top=None
INFO:root:[window 2026-09-24T10:29:25Z] SecurePay n=    3 err=  0.00% p95=  383.7ms top=None
INFO:root:[window 2026-09-24T10:29:20Z] SecurePay n=    3 err=  0.00% p95=  383.7ms top=None
INFO:root:[window 2026-09-24T10:29:15Z] SecurePay n=    3 err=  0.00% p95=  383.7ms top=None
INFO:root:[window 2026-09-24T10:29:10Z] SecurePay n=    2 err=  0.00% p95=  243.8ms top=None
INFO:root:[window 2026-09-24T10:29:05Z] SecurePay n=    2 err=  0.00% p95=  243.8ms top=None
INFO:root:[window 2026-09-24T10:29:00Z] SecurePay n=    2 err=  0.00% p95=  243.8ms top=None
INFO:root:[window 2026-09-24T10:28:50Z] SecurePay n=    1 err=  0.00% p95=  287.4ms top=None
INFO:root:[window 2026-09-24T10:28:45Z] SecurePay n=    1 err=  0.00% p95=  287.4ms top=None
INFO:root:[window 2026-09-24T10:30:10Z] SecurePay n=    1 err=  0.00% p95=  383.7ms top=None
INFO:root:[window 2026-09-24T10:30:05Z] SecurePay n=    1 err=  0.00% p95=  383.7ms top=None
INFO:root:[window 2026-09-24T10:30:00Z] SecurePay n=    1 err=  0.00% p95=  383.7ms top=None
INFO:root:[window 2026-09-24T10:30:10Z] QuickPay  n=    1 err=  0.00% p95=  293.8ms top=None
INFO:root:[window 2026-09-24T10:30:05Z] QuickPay  n=    1 err=  0.00% p95=  293.8ms top=None
INFO:root:[window 2026-09-24T10:30:00Z] QuickPay  n=    1 err=  0.00% p95=  293.8ms top=None
INFO:root:[window 2026-09-24T10:29:55Z] QuickPay  n=    1 err=  0.00% p95=  293.8ms top=None
INFO:root:[window 2026-09-24T10:29:50Z] QuickPay  n=    1 err=  0.00% p95=  293.8ms top=None
INFO:root:[window 2026-09-24T10:29:45Z] QuickPay  n=    1 err=  0.00% p95=  293.8ms top=None
INFO:root:[window 2026-09-24T10:29:40Z] QuickPay  n=    1 err=  0.00% p95=  293.8ms top=None
INFO:root:[window 2026-09-24T10:29:35Z] QuickPay  n=    1 err=  0.00% p95=  293.8ms top=None
INFO:root:[window 2026-09-24T10:29:30Z] QuickPay  n=    1 err=  0.00% p95=  293.8ms top=None
INFO:root:[window 2026-09-24T10:29:25Z] QuickPay  n=    1 err=  0.00% p95=  293.8ms top=None
INFO:root:[window 2026-09-24T10:29:20Z] QuickPay  n=    1 err=  0.00% p95=  293.8ms top=None
INFO:root:[window 2026-09-24T10:29:15Z] QuickPay  n=    1 err=  0.00% p95=  293.8ms top=None
I0924 16:00:42.018419 8935151 ev_poll_posix.cc:587] FD from fork parent still in poll list: fd(7, generation: 1)
I0924 16:00:42.018494 8935151 ev_poll_posix.cc:587] FD from fork parent still in poll list: fd(14, generation: 1)
INFO:root:[window 2026-09-24T10:29:50Z] FastPay   n=    7 err=  0.00% p95=  367.1ms top=None
INFO:root:[window 2026-09-24T10:29:45Z] FastPay   n=    7 err=  0.00% p95=  367.1ms top=None
INFO:root:[window 2026-09-24T10:29:40Z] FastPay   n=    7 err=  0.00% p95=  367.1ms top=None
INFO:root:[window 2026-09-24T10:29:35Z] FastPay   n=    7 err=  0.00% p95=  367.1ms top=None
INFO:root:[window 2026-09-24T10:29:30Z] FastPay   n=    7 err=  0.00% p95=  367.1ms top=None
INFO:root:[window 2026-09-24T10:29:25Z] FastPay   n=    7 err=  0.00% p95=  367.1ms top=None
INFO:root:[window 2026-09-24T10:29:20Z] FastPay   n=    7 err=  0.00% p95=  367.1ms top=None
INFO:root:[window 2026-09-24T10:29:15Z] FastPay   n=    7 err=  0.00% p95=  367.1ms top=None
INFO:root:[window 2026-09-24T10:29:10Z] FastPay   n=    7 err=  0.00% p95=  367.1ms top=None
INFO:root:[window 2026-09-24T10:29:05Z] FastPay   n=    7 err=  0.00% p95=  367.1ms top=None
INFO:root:[window 2026-09-24T10:29:00Z] FastPay   n=    7 err=  0.00% p95=  367.1ms top=None
INFO:root:[window 2026-09-24T10:28:55Z] FastPay   n=    7 err=  0.00% p95=  367.1ms top=None
INFO:root:[window 2026-09-24T10:29:50Z] SecurePay n=    3 err= 33.33% p95=  250.6ms top=502_BAD_GATEWAY
INFO:root:[window 2026-09-24T10:29:45Z] SecurePay n=    3 err= 33.33% p95=  250.6ms top=502_BAD_GATEWAY
INFO:root:[window 2026-09-24T10:29:40Z] SecurePay n=    3 err= 33.33% p95=  250.6ms top=502_BAD_GATEWAY
INFO:root:[window 2026-09-24T10:29:35Z] SecurePay n=    3 err= 33.33% p95=  250.6ms top=502_BAD_GATEWAY
INFO:root:[window 2026-09-24T10:29:30Z] SecurePay n=    3 err= 33.33% p95=  250.6ms top=502_BAD_GATEWAY
INFO:root:[window 2026-09-24T10:29:25Z] SecurePay n=    3 err= 33.33% p95=  250.6ms top=502_BAD_GATEWAY
INFO:root:[window 2026-09-24T10:29:20Z] SecurePay n=    3 err= 33.33% p95=  250.6ms top=502_BAD_GATEWAY
INFO:root:[window 2026-09-24T10:29:15Z] SecurePay n=    3 err= 33.33% p95=  250.6ms top=502_BAD_GATEWAY
INFO:root:[window 2026-09-24T10:29:10Z] SecurePay n=    3 err= 33.33% p95=  250.6ms top=502_BAD_GATEWAY
INFO:root:[window 2026-09-24T10:29:05Z] SecurePay n=    3 err= 33.33% p95=  250.6ms top=502_BAD_GATEWAY
INFO:root:[window 2026-09-24T10:29:00Z] SecurePay n=    3 err= 33.33% p95=  250.6ms top=502_BAD_GATEWAY
INFO:root:[window 2026-09-24T10:28:55Z] SecurePay n=    3 err= 33.33% p95=  250.6ms top=502_BAD_GATEWAY
I0924 16:00:42.842277 8935321 ev_poll_posix.cc:587] FD from fork parent still in poll list: fd(7, generation: 1)
I0924 16:00:42.842349 8935321 ev_poll_posix.cc:587] FD from fork parent still in poll list: fd(14, generation: 1)
INFO:root:[window 2026-09-24T10:29:50Z] SecurePay n=    3 err=  0.00% p95=  225.7ms top=None
INFO:root:[window 2026-09-24T10:29:45Z] SecurePay n=    3 err=  0.00% p95=  225.7ms top=None
INFO:root:[window 2026-09-24T10:29:40Z] SecurePay n=    3 err=  0.00% p95=  225.7ms top=None
INFO:root:[window 2026-09-24T10:29:35Z] SecurePay n=    3 err=  0.00% p95=  225.7ms top=None
INFO:root:[window 2026-09-24T10:29:30Z] SecurePay n=    3 err=  0.00% p95=  225.7ms top=None
INFO:root:[window 2026-09-24T10:29:25Z] SecurePay n=    3 err=  0.00% p95=  225.7ms top=None
INFO:root:[window 2026-09-24T10:29:20Z] SecurePay n=    3 err=  0.00% p95=  225.7ms top=None
INFO:root:[window 2026-09-24T10:29:15Z] SecurePay n=    3 err=  0.00% p95=  225.7ms top=None
INFO:root:[window 2026-09-24T10:29:10Z] SecurePay n=    3 err=  0.00% p95=  225.7ms top=None
INFO:root:[window 2026-09-24T10:29:05Z] SecurePay n=    3 err=  0.00% p95=  225.7ms top=None
INFO:root:[window 2026-09-24T10:29:00Z] SecurePay n=    3 err=  0.00% p95=  225.7ms top=None
INFO:root:[window 2026-09-24T10:28:55Z] SecurePay n=    3 err=  0.00% p95=  225.7ms top=None
INFO:root:[window 2026-09-24T10:29:50Z] FastPay   n=    7 err=  0.00% p95=  324.2ms top=None
INFO:root:[window 2026-09-24T10:29:45Z] FastPay   n=    7 err=  0.00% p95=  324.2ms top=None
INFO:root:[window 2026-09-24T10:29:40Z] FastPay   n=    7 err=  0.00% p95=  324.2ms top=None
INFO:root:[window 2026-09-24T10:29:35Z] FastPay   n=    7 err=  0.00% p95=  324.2ms top=None
INFO:root:[window 2026-09-24T10:29:30Z] FastPay   n=    7 err=  0.00% p95=  324.2ms top=None
INFO:root:[window 2026-09-24T10:29:25Z] FastPay   n=    7 err=  0.00% p95=  324.2ms top=None
INFO:root:[window 2026-09-24T10:29:20Z] FastPay   n=    7 err=  0.00% p95=  324.2ms top=None
INFO:root:[window 2026-09-24T10:29:15Z] FastPay   n=    7 err=  0.00% p95=  324.2ms top=None
INFO:root:[window 2026-09-24T10:29:10Z] FastPay   n=    7 err=  0.00% p95=  324.2ms top=None
INFO:root:[window 2026-09-24T10:29:05Z] FastPay   n=    7 err=  0.00% p95=  324.2ms top=None
INFO:root:[window 2026-09-24T10:29:00Z] FastPay   n=    7 err=  0.00% p95=  324.2ms top=None
INFO:root:[window 2026-09-24T10:28:55Z] FastPay   n=    7 err=  0.00% p95=  324.2ms top=None
I0924 16:00:43.604014 8935410 ev_poll_posix.cc:587] FD from fork parent still in poll list: fd(7, generation: 1)
I0924 16:00:43.604095 8935410 ev_poll_posix.cc:587] FD from fork parent still in poll list: fd(14, generation: 1)
INFO:root:[window 2026-09-24T10:29:50Z] QuickPay  n=    2 err=  0.00% p95=  279.0ms top=None
INFO:root:[window 2026-09-24T10:29:45Z] QuickPay  n=    2 err=  0.00% p95=  279.0ms top=None
INFO:root:[window 2026-09-24T10:29:40Z] QuickPay  n=    2 err=  0.00% p95=  279.0ms top=None
INFO:root:[window 2026-09-24T10:29:35Z] QuickPay  n=    2 err=  0.00% p95=  279.0ms top=None
INFO:root:[window 2026-09-24T10:29:30Z] QuickPay  n=    2 err=  0.00% p95=  279.0ms top=None
INFO:root:[window 2026-09-24T10:29:25Z] QuickPay  n=    2 err=  0.00% p95=  279.0ms top=None
INFO:root:[window 2026-09-24T10:29:20Z] QuickPay  n=    2 err=  0.00% p95=  279.0ms top=None
INFO:root:[window 2026-09-24T10:29:15Z] QuickPay  n=    2 err=  0.00% p95=  279.0ms top=None
INFO:root:[window 2026-09-24T10:29:10Z] QuickPay  n=    2 err=  0.00% p95=  279.0ms top=None
INFO:root:[window 2026-09-24T10:29:05Z] QuickPay  n=    2 err=  0.00% p95=  279.0ms top=None
INFO:root:[window 2026-09-24T10:29:00Z] QuickPay  n=    2 err=  0.00% p95=  279.0ms top=None
INFO:root:[window 2026-09-24T10:28:55Z] QuickPay  n=    2 err=  0.00% p95=  279.0ms top=None
INFO:root:[window 2026-09-24T10:29:50Z] FastPay   n=    6 err=  0.00% p95=  283.1ms top=None
INFO:root:[window 2026-09-24T10:29:45Z] FastPay   n=    6 err=  0.00% p95=  283.1ms top=None
INFO:root:[window 2026-09-24T10:29:40Z] FastPay   n=    6 err=  0.00% p95=  283.1ms top=None
INFO:root:[window 2026-09-24T10:29:35Z] FastPay   n=    6 err=  0.00% p95=  283.1ms top=None
INFO:root:[window 2026-09-24T10:29:30Z] FastPay   n=    6 err=  0.00% p95=  283.1ms top=None
INFO:root:[window 2026-09-24T10:29:25Z] FastPay   n=    6 err=  0.00% p95=  283.1ms top=None
INFO:root:[window 2026-09-24T10:29:20Z] FastPay   n=    6 err=  0.00% p95=  283.1ms top=None
INFO:root:[window 2026-09-24T10:29:15Z] FastPay   n=    6 err=  0.00% p95=  283.1ms top=None
INFO:root:[window 2026-09-24T10:29:10Z] FastPay   n=    6 err=  0.00% p95=  283.1ms top=None
INFO:root:[window 2026-09-24T10:29:05Z] FastPay   n=    6 err=  0.00% p95=  283.1ms top=None
INFO:root:[window 2026-09-24T10:29:00Z] FastPay   n=    6 err=  0.00% p95=  283.1ms top=None
INFO:root:[window 2026-09-24T10:28:55Z] FastPay   n=    6 err=  0.00% p95=  283.1ms top=None
INFO:root:[window 2026-09-24T10:29:50Z] SecurePay n=    2 err=  0.00% p95=  245.9ms top=None
INFO:root:[window 2026-09-24T10:29:45Z] SecurePay n=    2 err=  0.00% p95=  245.9ms top=None
INFO:root:[window 2026-09-24T10:29:40Z] SecurePay n=    2 err=  0.00% p95=  245.9ms top=None
INFO:root:[window 2026-09-24T10:29:35Z] SecurePay n=    2 err=  0.00% p95=  245.9ms top=None
INFO:root:[window 2026-09-24T10:29:30Z] SecurePay n=    2 err=  0.00% p95=  245.9ms top=None
INFO:root:[window 2026-09-24T10:29:25Z] SecurePay n=    2 err=  0.00% p95=  245.9ms top=None
INFO:root:[window 2026-09-24T10:29:20Z] SecurePay n=    2 err=  0.00% p95=  245.9ms top=None
INFO:root:[window 2026-09-24T10:29:15Z] SecurePay n=    2 err=  0.00% p95=  245.9ms top=None
INFO:root:[window 2026-09-24T10:29:10Z] SecurePay n=    2 err=  0.00% p95=  245.9ms top=None
INFO:root:[window 2026-09-24T10:29:05Z] SecurePay n=    2 err=  0.00% p95=  245.9ms top=None
INFO:root:[window 2026-09-24T10:29:00Z] SecurePay n=    2 err=  0.00% p95=  245.9ms top=None
INFO:root:[window 2026-09-24T10:28:55Z] SecurePay n=    2 err=  0.00% p95=  245.9ms top=None
I0924 16:00:44.421570 8935552 ev_poll_posix.cc:587] FD from fork parent still in poll list: fd(7, generation: 1)
I0924 16:00:44.421766 8935552 ev_poll_posix.cc:587] FD from fork parent still in poll list: fd(14, generation: 1)
