INFO:root:Missing pipeline option (runner). Executing pipeline using the default runner: DirectRunner.
INFO:apache_beam.runners.direct.direct_runner:Running pipeline with PrismRunner.
INFO:apache_beam.runners.worker.worker_pool_main:Listening for workers at localhost:52143
INFO:apache_beam.runners.portability.prism_runner:Using cached prism binary/zip from /Users/sharathravichandran/.apache_beam/cache/prism/bin/apache_beam-v2.76.0-prism-darwin-arm64.zip for https://github.com/apache/beam/releases/download/v2.76.0/apache_beam-v2.76.0-prism-darwin-arm64.zip
INFO:apache_beam.runners.portability.prism_runner:Using cached prism binary from /Users/sharathravichandran/.apache_beam/cache/prism/bin/apache_beam-v2.76.0-prism-darwin-arm64 for /Users/sharathravichandran/.apache_beam/cache/prism/bin/apache_beam-v2.76.0-prism-darwin-arm64.zip
INFO:apache_beam.runners.portability.prism_runner:Prism binary path resolved to: /Users/sharathravichandran/.apache_beam/cache/prism/bin/apache_beam-v2.76.0-prism-darwin-arm64
WARNING:apache_beam.utils.subprocess_server:Really starting service at localhost:52144 with cmd: ('/Users/sharathravichandran/.apache_beam/cache/prism/bin/apache_beam-v2.76.0-prism-darwin-arm64', '--job_port', '52144', '--log_level', 'info', '--log_kind', 'json', '--serve_http=false')
I0924 17:31:06.426264 9268468 fork_posix.cc:71] Other threads are currently calling into gRPC, skipping fork() handlers
INFO:PrismJobServer:I0924 17:31:06.429030 9268664 ev_poll_posix.cc:587] FD from fork parent still in poll list: fd(5, generation: 1)
INFO:PrismRunner:Serving JobManagement (endpoint='localhost:52144')
WARNING:PrismRunner:unknown transform, with payload (urn='beam:transform:pubsub_read:v1', name='ReadPubSub/Read', payload='Eklwcm9qZWN0cy9wcm9qZWN0LWRmNGVhNGM2LWNlYjMtNDJiNy05NzAvc3Vic2NyaXB0aW9ucy9wYXltZW50LWV2ZW50cy1iZWFtGghldmVudF9tcw==')
ERROR:PrismRunner:unable to run job (cause='unimplemented features', jobname='job', errors='unsupported feature "PTransform.Spec.Urn" set with value beam:transform:pubsub_read:v1 ReadPubSub/Read')
ERROR:PrismRunner:job failed (job={'key': 'job-001', 'name': 'job'}, 
error:
found 1 uses of features unimplemented in prism in job job:
unsupported feature "PTransform.Spec.Urn" set with value beam:transform:pubsub_read:v1 ReadPubSub/Read)
INFO:apache_beam.runners.direct.direct_runner:Exception with PrismRunner:
 <_InactiveRpcError of RPC that terminated with:
	status = StatusCode.UNKNOWN
	details = "found 1 uses of features unimplemented in prism in job job:
unsupported feature "PTransform.Spec.Urn" set with value beam:transform:pubsub_read:v1 ReadPubSub/Read"
	debug_error_string = "UNKNOWN:found 1 uses of features unimplemented in prism in job job:
unsupported feature "PTransform.Spec.Urn" set with value beam:transform:pubsub_read:v1 ReadPubSub/Read"
>

INFO:apache_beam.runners.direct.direct_runner:Falling back to DirectRunner
INFO:apache_beam.runners.direct.direct_runner:Running pipeline with DirectRunner.
I0924 17:31:07.398137 9268839 fork_posix.cc:71] Other threads are currently calling into gRPC, skipping fork() handlers
INFO:root:[window 2026-09-24T12:00:00Z] FastPay   n=    1 err=  0.00% p95=  214.2ms top=None
INFO:root:[window 2026-09-24T12:00:05Z] QuickPay  n=    1 err=  0.00% p95=  272.7ms top=None
INFO:root:[window 2026-09-24T12:00:05Z] FastPay   n=    1 err=  0.00% p95=  214.2ms top=None
INFO:root:[window 2026-09-24T12:00:10Z] QuickPay  n=    1 err=  0.00% p95=  272.7ms top=None
INFO:root:[window 2026-09-24T12:00:10Z] FastPay   n=    1 err=  0.00% p95=  214.2ms top=None
INFO:root:[window 2026-09-24T12:00:15Z] QuickPay  n=    1 err=  0.00% p95=  272.7ms top=None
INFO:root:[window 2026-09-24T12:00:15Z] FastPay   n=    1 err=  0.00% p95=  214.2ms top=None
INFO:root:[window 2026-09-24T12:00:20Z] QuickPay  n=    1 err=  0.00% p95=  272.7ms top=None
INFO:root:[window 2026-09-24T12:00:20Z] FastPay   n=    1 err=  0.00% p95=  214.2ms top=None
INFO:root:[window 2026-09-24T12:00:25Z] QuickPay  n=    1 err=  0.00% p95=  272.7ms top=None
INFO:root:[window 2026-09-24T12:00:25Z] FastPay   n=    1 err=  0.00% p95=  214.2ms top=None
INFO:root:[window 2026-09-24T12:00:30Z] QuickPay  n=    1 err=  0.00% p95=  272.7ms top=None
INFO:root:[window 2026-09-24T12:00:30Z] FastPay   n=    1 err=  0.00% p95=  214.2ms top=None
INFO:root:[window 2026-09-24T12:00:35Z] QuickPay  n=    1 err=  0.00% p95=  272.7ms top=None
INFO:root:[window 2026-09-24T12:00:35Z] FastPay   n=    1 err=  0.00% p95=  214.2ms top=None
INFO:root:[window 2026-09-24T12:00:40Z] QuickPay  n=    1 err=  0.00% p95=  272.7ms top=None
INFO:root:[window 2026-09-24T12:00:40Z] FastPay   n=    1 err=  0.00% p95=  214.2ms top=None
INFO:root:[window 2026-09-24T12:00:45Z] QuickPay  n=    1 err=  0.00% p95=  272.7ms top=None
INFO:root:[window 2026-09-24T12:00:45Z] FastPay   n=    1 err=  0.00% p95=  214.2ms top=None
INFO:root:[window 2026-09-24T12:00:50Z] QuickPay  n=    1 err=  0.00% p95=  272.7ms top=None
INFO:root:[window 2026-09-24T12:00:50Z] FastPay   n=    1 err=  0.00% p95=  214.2ms top=None
INFO:root:[window 2026-09-24T12:00:55Z] QuickPay  n=    1 err=  0.00% p95=  272.7ms top=None
INFO:root:[window 2026-09-24T12:00:55Z] FastPay   n=    1 err=  0.00% p95=  214.2ms top=None
INFO:root:[window 2026-09-24T12:01:00Z] QuickPay  n=    1 err=  0.00% p95=  272.7ms top=None
I0924 17:31:24.393210 9269998 ev_poll_posix.cc:587] FD from fork parent still in poll list: fd(7, generation: 1)
I0924 17:31:24.393320 9269998 ev_poll_posix.cc:587] FD from fork parent still in poll list: fd(3, generation: 1)
INFO:root:[window 2026-09-24T12:01:25Z] QuickPay  n=   19 err=  5.26% p95=  434.7ms top=502_BAD_GATEWAY
INFO:root:[window 2026-09-24T12:01:25Z] FastPay   n=  142 err=  0.70% p95=  397.4ms top=504_TIMEOUT
INFO:root:[window 2026-09-24T12:01:25Z] SecurePay n=   54 err=  1.85% p95=  433.7ms top=504_TIMEOUT
I0924 17:31:26.440882 9270182 ev_poll_posix.cc:587] FD from fork parent still in poll list: fd(7, generation: 1)
INFO:root:[window 2026-09-24T12:01:25Z] SecurePay n=   13 err=  0.00% p95=  387.0ms top=None
INFO:root:[window 2026-09-24T12:01:25Z] FastPay   n=   31 err=  0.00% p95=  385.0ms top=None
INFO:root:[window 2026-09-24T12:01:25Z] QuickPay  n=    5 err=  0.00% p95=  285.3ms top=None
I0924 17:31:28.424278 9270368 ev_poll_posix.cc:587] FD from fork parent still in poll list: fd(7, generation: 1)
I0924 17:31:28.424321 9270368 ev_poll_posix.cc:587] FD from fork parent still in poll list: fd(3, generation: 1)
INFO:root:[window 2026-09-24T12:01:30Z] QuickPay  n=   34 err=  2.94% p95=  430.4ms top=502_BAD_GATEWAY
INFO:root:[window 2026-09-24T12:01:30Z] FastPay   n=  254 err=  0.39% p95=  412.6ms top=504_TIMEOUT
INFO:root:[window 2026-09-24T12:01:30Z] SecurePay n=   96 err=  2.08% p95=  439.8ms top=504_TIMEOUT
I0924 17:31:30.897683 9270597 ev_poll_posix.cc:587] FD from fork parent still in poll list: fd(7, generation: 1)
I0924 17:31:30.897793 9270597 ev_poll_posix.cc:587] FD from fork parent still in poll list: fd(3, generation: 1)
INFO:root:[window 2026-09-24T12:01:30Z] FastPay   n=   47 err=  2.13% p95=  421.6ms top=504_TIMEOUT
INFO:root:[window 2026-09-24T12:01:25Z] FastPay   n=   24 err=  4.17% p95=  367.8ms top=504_TIMEOUT
INFO:root:[window 2026-09-24T12:01:30Z] QuickPay  n=   12 err=  0.00% p95=  333.3ms top=None
INFO:root:[window 2026-09-24T12:01:25Z] QuickPay  n=    8 err=  0.00% p95=  329.8ms top=None
INFO:root:[window 2026-09-24T12:01:30Z] SecurePay n=   25 err=  0.00% p95=  432.7ms top=None
INFO:root:[window 2026-09-24T12:01:25Z] SecurePay n=   18 err=  0.00% p95=  424.2ms top=None
I0924 17:31:32.839106 9270780 ev_poll_posix.cc:587] FD from fork parent still in poll list: fd(7, generation: 1)
I0924 17:31:32.839155 9270780 ev_poll_posix.cc:587] FD from fork parent still in poll list: fd(3, generation: 1)
INFO:root:[window 2026-09-24T12:01:30Z] FastPay   n=    9 err=  0.00% p95=  381.7ms top=None
INFO:root:[window 2026-09-24T12:01:25Z] FastPay   n=    9 err=  0.00% p95=  381.7ms top=None
INFO:root:[window 2026-09-24T12:01:30Z] SecurePay n=    3 err=  0.00% p95=  266.3ms top=None
INFO:root:[window 2026-09-24T12:01:25Z] SecurePay n=    3 err=  0.00% p95=  266.3ms top=None
INFO:root:[window 2026-09-24T12:01:30Z] QuickPay  n=    5 err=  0.00% p95=  344.1ms top=None
INFO:root:[window 2026-09-24T12:01:25Z] QuickPay  n=    5 err=  0.00% p95=  344.1ms top=None
I0924 17:31:34.396717 9271061 ev_poll_posix.cc:587] FD from fork parent still in poll list: fd(7, generation: 1)
I0924 17:31:34.396766 9271061 ev_poll_posix.cc:587] FD from fork parent still in poll list: fd(3, generation: 1)
INFO:root:[window 2026-09-24T12:01:30Z] SecurePay n=   24 err=  8.33% p95=  505.1ms top=502_BAD_GATEWAY
INFO:root:[window 2026-09-24T12:01:25Z] SecurePay n=    8 err= 12.50% p95=  377.2ms top=502_BAD_GATEWAY
INFO:root:[window 2026-09-24T12:01:30Z] QuickPay  n=    8 err= 12.50% p95=  439.4ms top=504_TIMEOUT
INFO:root:[window 2026-09-24T12:01:25Z] QuickPay  n=    4 err=  0.00% p95=  429.4ms top=None
INFO:root:[window 2026-09-24T12:01:30Z] FastPay   n=   39 err=  0.00% p95=  398.3ms top=None
INFO:root:[window 2026-09-24T12:01:25Z] FastPay   n=   19 err=  0.00% p95=  435.1ms top=None
INFO:root:[window 2026-09-24T12:01:35Z] QuickPay  n=   63 err=  3.17% p95=  434.7ms top=504_TIMEOUT
INFO:root:[window 2026-09-24T12:01:35Z] FastPay   n=  362 err=  0.83% p95=  418.3ms top=504_TIMEOUT
INFO:root:[window 2026-09-24T12:01:35Z] SecurePay n=  159 err=  3.14% p95=  472.6ms top=504_TIMEOUT
I0924 17:31:36.354725 9271291 ev_poll_posix.cc:587] FD from fork parent still in poll list: fd(7, generation: 1)
I0924 17:31:36.354779 9271291 ev_poll_posix.cc:587] FD from fork parent still in poll list: fd(3, generation: 1)
I0924 17:31:36.841106 9271389 ev_poll_posix.cc:587] FD from fork parent still in poll list: fd(7, generation: 1)
I0924 17:31:36.841156 9271389 ev_poll_posix.cc:587] FD from fork parent still in poll list: fd(3, generation: 1)
INFO:root:[window 2026-09-24T12:01:35Z] FastPay   n=   22 err=  0.00% p95=  435.2ms top=None
INFO:root:[window 2026-09-24T12:01:30Z] FastPay   n=   22 err=  0.00% p95=  435.2ms top=None
INFO:root:[window 2026-09-24T12:01:25Z] FastPay   n=   22 err=  0.00% p95=  435.2ms top=None
INFO:root:[window 2026-09-24T12:01:35Z] SecurePay n=   15 err=  0.00% p95=  342.4ms top=None
INFO:root:[window 2026-09-24T12:01:30Z] SecurePay n=   15 err=  0.00% p95=  342.4ms top=None
INFO:root:[window 2026-09-24T12:01:25Z] SecurePay n=   15 err=  0.00% p95=  342.4ms top=None
INFO:root:[window 2026-09-24T12:01:35Z] QuickPay  n=    3 err=  0.00% p95=  326.1ms top=None
INFO:root:[window 2026-09-24T12:01:30Z] QuickPay  n=    3 err=  0.00% p95=  326.1ms top=None
INFO:root:[window 2026-09-24T12:01:25Z] QuickPay  n=    3 err=  0.00% p95=  326.1ms top=None
I0924 17:31:39.172049 9271633 ev_poll_posix.cc:587] FD from fork parent still in poll list: fd(7, generation: 1)
I0924 17:31:39.172095 9271633 ev_poll_posix.cc:587] FD from fork parent still in poll list: fd(3, generation: 1)
INFO:root:[window 2026-09-24T12:01:35Z] SecurePay n=   27 err=  0.00% p95=  416.6ms top=None
INFO:root:[window 2026-09-24T12:01:30Z] SecurePay n=   19 err=  0.00% p95=  423.7ms top=None
INFO:root:[window 2026-09-24T12:01:25Z] SecurePay n=   10 err=  0.00% p95=  423.7ms top=None
INFO:root:[window 2026-09-24T12:01:20Z] SecurePay n=    1 err=  0.00% p95=  309.0ms top=None
INFO:root:[window 2026-09-24T12:01:15Z] SecurePay n=    1 err=  0.00% p95=  309.0ms top=None
INFO:root:[window 2026-09-24T12:01:10Z] SecurePay n=    1 err=  0.00% p95=  309.0ms top=None
INFO:root:[window 2026-09-24T12:01:05Z] SecurePay n=    1 err=  0.00% p95=  309.0ms top=None
INFO:root:[window 2026-09-24T12:01:00Z] SecurePay n=    1 err=  0.00% p95=  309.0ms top=None
INFO:root:[window 2026-09-24T12:00:55Z] SecurePay n=    1 err=  0.00% p95=  309.0ms top=None
INFO:root:[window 2026-09-24T12:00:50Z] SecurePay n=    1 err=  0.00% p95=  309.0ms top=None
INFO:root:[window 2026-09-24T12:00:45Z] SecurePay n=    1 err=  0.00% p95=  309.0ms top=None
INFO:root:[window 2026-09-24T12:00:40Z] SecurePay n=    1 err=  0.00% p95=  309.0ms top=None
INFO:root:[window 2026-09-24T12:00:35Z] SecurePay n=    1 err=  0.00% p95=  309.0ms top=None
INFO:root:[window 2026-09-24T12:01:35Z] FastPay   n=   38 err=  0.00% p95=  432.9ms top=None
INFO:root:[window 2026-09-24T12:01:30Z] FastPay   n=   29 err=  0.00% p95=  421.0ms top=None
INFO:root:[window 2026-09-24T12:01:25Z] FastPay   n=    4 err=  0.00% p95=  363.0ms top=None
INFO:root:[window 2026-09-24T12:01:15Z] FastPay   n=    1 err=  0.00% p95=  418.7ms top=None
INFO:root:[window 2026-09-24T12:01:10Z] FastPay   n=    1 err=  0.00% p95=  418.7ms top=None
INFO:root:[window 2026-09-24T12:01:05Z] FastPay   n=    1 err=  0.00% p95=  418.7ms top=None
INFO:root:[window 2026-09-24T12:01:00Z] FastPay   n=    1 err=  0.00% p95=  418.7ms top=None
INFO:root:[window 2026-09-24T12:00:55Z] FastPay   n=    1 err=  0.00% p95=  418.7ms top=None
INFO:root:[window 2026-09-24T12:00:50Z] FastPay   n=    1 err=  0.00% p95=  418.7ms top=None
INFO:root:[window 2026-09-24T12:00:45Z] FastPay   n=    1 err=  0.00% p95=  418.7ms top=None
INFO:root:[window 2026-09-24T12:00:40Z] FastPay   n=    1 err=  0.00% p95=  418.7ms top=None
INFO:root:[window 2026-09-24T12:00:35Z] FastPay   n=    1 err=  0.00% p95=  418.7ms top=None
INFO:root:[window 2026-09-24T12:00:30Z] FastPay   n=    1 err=  0.00% p95=  418.7ms top=None
INFO:root:[window 2026-09-24T12:00:25Z] FastPay   n=    1 err=  0.00% p95=  418.7ms top=None
INFO:root:[window 2026-09-24T12:00:20Z] FastPay   n=    1 err=  0.00% p95=  418.7ms top=None
INFO:root:[window 2026-09-24T12:01:35Z] QuickPay  n=    7 err=  0.00% p95=  368.3ms top=None
INFO:root:[window 2026-09-24T12:01:30Z] QuickPay  n=    6 err=  0.00% p95=  368.3ms top=None
INFO:root:[window 2026-09-24T12:01:25Z] QuickPay  n=    1 err=  0.00% p95=  186.2ms top=None
INFO:root:[window 2026-09-24T12:01:40Z] QuickPay  n=   73 err=  2.74% p95=  434.7ms top=504_TIMEOUT
INFO:root:[window 2026-09-24T12:01:40Z] FastPay   n=  422 err=  0.71% p95=  428.2ms top=504_TIMEOUT
INFO:root:[window 2026-09-24T12:01:40Z] SecurePay n=  201 err=  2.49% p95=  453.3ms top=504_TIMEOUT
I0924 17:31:41.065844 9271814 ev_poll_posix.cc:587] FD from fork parent still in poll list: fd(7, generation: 1)
I0924 17:31:41.065973 9271814 ev_poll_posix.cc:587] FD from fork parent still in poll list: fd(3, generation: 1)
I0924 17:31:41.541126 9271910 ev_poll_posix.cc:587] FD from fork parent still in poll list: fd(7, generation: 1)
I0924 17:31:41.541174 9271910 ev_poll_posix.cc:587] FD from fork parent still in poll list: fd(3, generation: 1)
INFO:root:[window 2026-09-24T12:01:40Z] SecurePay n=    9 err=  0.00% p95=  321.7ms top=None
INFO:root:[window 2026-09-24T12:01:35Z] SecurePay n=    9 err=  0.00% p95=  321.7ms top=None
INFO:root:[window 2026-09-24T12:01:30Z] SecurePay n=    9 err=  0.00% p95=  321.7ms top=None
INFO:root:[window 2026-09-24T12:01:25Z] SecurePay n=    9 err=  0.00% p95=  321.7ms top=None
INFO:root:[window 2026-09-24T12:01:40Z] FastPay   n=   28 err=  0.00% p95=  396.5ms top=None
INFO:root:[window 2026-09-24T12:01:35Z] FastPay   n=   28 err=  0.00% p95=  396.5ms top=None
INFO:root:[window 2026-09-24T12:01:30Z] FastPay   n=   28 err=  0.00% p95=  396.5ms top=None
INFO:root:[window 2026-09-24T12:01:25Z] FastPay   n=   28 err=  0.00% p95=  396.5ms top=None
INFO:root:[window 2026-09-24T12:01:15Z] FastPay   n=    1 err=  0.00% p95=  395.9ms top=None
INFO:root:[window 2026-09-24T12:01:10Z] FastPay   n=    1 err=  0.00% p95=  395.9ms top=None
INFO:root:[window 2026-09-24T12:01:05Z] FastPay   n=    1 err=  0.00% p95=  395.9ms top=None
INFO:root:[window 2026-09-24T12:01:00Z] FastPay   n=    1 err=  0.00% p95=  395.9ms top=None
INFO:root:[window 2026-09-24T12:00:55Z] FastPay   n=    1 err=  0.00% p95=  395.9ms top=None
INFO:root:[window 2026-09-24T12:00:50Z] FastPay   n=    1 err=  0.00% p95=  395.9ms top=None
INFO:root:[window 2026-09-24T12:00:45Z] FastPay   n=    1 err=  0.00% p95=  395.9ms top=None
INFO:root:[window 2026-09-24T12:00:40Z] FastPay   n=    1 err=  0.00% p95=  395.9ms top=None
INFO:root:[window 2026-09-24T12:00:35Z] FastPay   n=    1 err=  0.00% p95=  395.9ms top=None
INFO:root:[window 2026-09-24T12:00:30Z] FastPay   n=    1 err=  0.00% p95=  395.9ms top=None
INFO:root:[window 2026-09-24T12:00:25Z] FastPay   n=    1 err=  0.00% p95=  395.9ms top=None
INFO:root:[window 2026-09-24T12:00:20Z] FastPay   n=    1 err=  0.00% p95=  395.9ms top=None
INFO:root:[window 2026-09-24T12:01:40Z] QuickPay  n=    1 err=  0.00% p95=  350.9ms top=None
INFO:root:[window 2026-09-24T12:01:35Z] QuickPay  n=    1 err=  0.00% p95=  350.9ms top=None
INFO:root:[window 2026-09-24T12:01:30Z] QuickPay  n=    1 err=  0.00% p95=  350.9ms top=None
INFO:root:[window 2026-09-24T12:01:25Z] QuickPay  n=    1 err=  0.00% p95=  350.9ms top=None
INFO:root:[window 2026-09-24T12:01:10Z] QuickPay  n=    1 err=  0.00% p95=  180.2ms top=None
INFO:root:[window 2026-09-24T12:01:05Z] QuickPay  n=    1 err=  0.00% p95=  180.2ms top=None
INFO:root:[window 2026-09-24T12:01:00Z] QuickPay  n=    1 err=  0.00% p95=  180.2ms top=None
INFO:root:[window 2026-09-24T12:00:55Z] QuickPay  n=    1 err=  0.00% p95=  180.2ms top=None
INFO:root:[window 2026-09-24T12:00:50Z] QuickPay  n=    1 err=  0.00% p95=  180.2ms top=None
INFO:root:[window 2026-09-24T12:00:45Z] QuickPay  n=    1 err=  0.00% p95=  180.2ms top=None
INFO:root:[window 2026-09-24T12:00:40Z] QuickPay  n=    1 err=  0.00% p95=  180.2ms top=None
INFO:root:[window 2026-09-24T12:00:35Z] QuickPay  n=    1 err=  0.00% p95=  180.2ms top=None
INFO:root:[window 2026-09-24T12:00:30Z] QuickPay  n=    1 err=  0.00% p95=  180.2ms top=None
INFO:root:[window 2026-09-24T12:00:25Z] QuickPay  n=    1 err=  0.00% p95=  180.2ms top=None
INFO:root:[window 2026-09-24T12:00:20Z] QuickPay  n=    1 err=  0.00% p95=  180.2ms top=None
INFO:root:[window 2026-09-24T12:00:15Z] QuickPay  n=    1 err=  0.00% p95=  180.2ms top=None
I0924 17:31:44.000440 9272292 ev_poll_posix.cc:587] FD from fork parent still in poll list: fd(7, generation: 1)
I0924 17:31:44.000505 9272292 ev_poll_posix.cc:587] FD from fork parent still in poll list: fd(3, generation: 1)
INFO:root:[window 2026-09-24T12:01:40Z] FastPay   n=   55 err=  0.00% p95=  386.8ms top=None
INFO:root:[window 2026-09-24T12:01:35Z] FastPay   n=   55 err=  0.00% p95=  386.8ms top=None
INFO:root:[window 2026-09-24T12:01:30Z] FastPay   n=   39 err=  0.00% p95=  393.8ms top=None
INFO:root:[window 2026-09-24T12:01:25Z] FastPay   n=   10 err=  0.00% p95=  360.9ms top=None
INFO:root:[window 2026-09-24T12:01:40Z] SecurePay n=   15 err=  0.00% p95=  401.2ms top=None
INFO:root:[window 2026-09-24T12:01:35Z] SecurePay n=   15 err=  0.00% p95=  401.2ms top=None
INFO:root:[window 2026-09-24T12:01:30Z] SecurePay n=   13 err=  0.00% p95=  401.2ms top=None
INFO:root:[window 2026-09-24T12:01:25Z] SecurePay n=    4 err=  0.00% p95=  380.4ms top=None
INFO:root:[window 2026-09-24T12:01:40Z] QuickPay  n=    4 err=  0.00% p95=  353.7ms top=None
INFO:root:[window 2026-09-24T12:01:35Z] QuickPay  n=    4 err=  0.00% p95=  353.7ms top=None
INFO:root:[window 2026-09-24T12:01:30Z] QuickPay  n=    2 err=  0.00% p95=  206.5ms top=None
I0924 17:31:44.981199 9272477 ev_poll_posix.cc:587] FD from fork parent still in poll list: fd(7, generation: 1)
I0924 17:31:44.981282 9272477 ev_poll_posix.cc:587] FD from fork parent still in poll list: fd(3, generation: 1)
INFO:root:[window 2026-09-24T12:01:40Z] SecurePay n=   11 err=  0.00% p95=  396.1ms top=None
INFO:root:[window 2026-09-24T12:01:35Z] SecurePay n=   11 err=  0.00% p95=  396.1ms top=None
INFO:root:[window 2026-09-24T12:01:30Z] SecurePay n=   11 err=  0.00% p95=  396.1ms top=None
INFO:root:[window 2026-09-24T12:01:25Z] SecurePay n=   11 err=  0.00% p95=  396.1ms top=None
INFO:root:[window 2026-09-24T12:01:40Z] FastPay   n=   18 err=  0.00% p95=  410.7ms top=None
INFO:root:[window 2026-09-24T12:01:35Z] FastPay   n=   18 err=  0.00% p95=  410.7ms top=None
INFO:root:[window 2026-09-24T12:01:30Z] FastPay   n=   18 err=  0.00% p95=  410.7ms top=None
INFO:root:[window 2026-09-24T12:01:25Z] FastPay   n=   18 err=  0.00% p95=  410.7ms top=None
INFO:root:[window 2026-09-24T12:01:45Z] QuickPay  n=   78 err=  2.56% p95=  434.7ms top=504_TIMEOUT
INFO:root:[window 2026-09-24T12:01:45Z] FastPay   n=  523 err=  0.57% p95=  422.6ms top=504_TIMEOUT
INFO:root:[window 2026-09-24T12:01:45Z] SecurePay n=  236 err=  2.12% p95=  452.6ms top=504_TIMEOUT
I0924 17:31:47.399956 9272737 ev_poll_posix.cc:587] FD from fork parent still in poll list: fd(7, generation: 1)
I0924 17:31:47.400002 9272737 ev_poll_posix.cc:587] FD from fork parent still in poll list: fd(3, generation: 1)
I0924 17:31:48.021294 9272837 ev_poll_posix.cc:587] FD from fork parent still in poll list: fd(7, generation: 1)
I0924 17:31:48.021501 9272837 ev_poll_posix.cc:587] FD from fork parent still in poll list: fd(3, generation: 1)
INFO:root:[window 2026-09-24T12:01:45Z] FastPay   n=   48 err=  0.00% p95=  447.7ms top=None
INFO:root:[window 2026-09-24T12:01:40Z] FastPay   n=   48 err=  0.00% p95=  447.7ms top=None
INFO:root:[window 2026-09-24T12:01:35Z] FastPay   n=   48 err=  0.00% p95=  447.7ms top=None
INFO:root:[window 2026-09-24T12:01:30Z] FastPay   n=   40 err=  0.00% p95=  447.7ms top=None
INFO:root:[window 2026-09-24T12:01:25Z] FastPay   n=   18 err=  0.00% p95=  447.7ms top=None
INFO:root:[window 2026-09-24T12:01:45Z] SecurePay n=   28 err=  0.00% p95=  409.7ms top=None
INFO:root:[window 2026-09-24T12:01:40Z] SecurePay n=   28 err=  0.00% p95=  409.7ms top=None
INFO:root:[window 2026-09-24T12:01:35Z] SecurePay n=   28 err=  0.00% p95=  409.7ms top=None
INFO:root:[window 2026-09-24T12:01:30Z] SecurePay n=   19 err=  0.00% p95=  409.8ms top=None
INFO:root:[window 2026-09-24T12:01:25Z] SecurePay n=    6 err=  0.00% p95=  371.4ms top=None
INFO:root:[window 2026-09-24T12:01:10Z] SecurePay n=    1 err=  0.00% p95=  317.6ms top=None
INFO:root:[window 2026-09-24T12:01:05Z] SecurePay n=    1 err=  0.00% p95=  317.6ms top=None
INFO:root:[window 2026-09-24T12:01:00Z] SecurePay n=    1 err=  0.00% p95=  317.6ms top=None
INFO:root:[window 2026-09-24T12:00:55Z] SecurePay n=    1 err=  0.00% p95=  317.6ms top=None
INFO:root:[window 2026-09-24T12:00:50Z] SecurePay n=    1 err=  0.00% p95=  317.6ms top=None
INFO:root:[window 2026-09-24T12:00:45Z] SecurePay n=    1 err=  0.00% p95=  317.6ms top=None
INFO:root:[window 2026-09-24T12:00:40Z] SecurePay n=    1 err=  0.00% p95=  317.6ms top=None
INFO:root:[window 2026-09-24T12:00:35Z] SecurePay n=    1 err=  0.00% p95=  317.6ms top=None
INFO:root:[window 2026-09-24T12:00:30Z] SecurePay n=    1 err=  0.00% p95=  317.6ms top=None
INFO:root:[window 2026-09-24T12:00:25Z] SecurePay n=    1 err=  0.00% p95=  317.6ms top=None
INFO:root:[window 2026-09-24T12:00:20Z] SecurePay n=    1 err=  0.00% p95=  317.6ms top=None
INFO:root:[window 2026-09-24T12:00:15Z] SecurePay n=    1 err=  0.00% p95=  317.6ms top=None
INFO:root:[window 2026-09-24T12:01:45Z] QuickPay  n=    8 err=  0.00% p95=  372.6ms top=None
INFO:root:[window 2026-09-24T12:01:40Z] QuickPay  n=    8 err=  0.00% p95=  372.6ms top=None
INFO:root:[window 2026-09-24T12:01:35Z] QuickPay  n=    8 err=  0.00% p95=  372.6ms top=None
INFO:root:[window 2026-09-24T12:01:30Z] QuickPay  n=    6 err=  0.00% p95=  372.6ms top=None
INFO:root:[window 2026-09-24T12:01:25Z] QuickPay  n=    1 err=  0.00% p95=  334.1ms top=None
I0924 17:31:49.939952 9273043 ev_poll_posix.cc:587] FD from fork parent still in poll list: fd(7, generation: 1)
I0924 17:31:49.940023 9273043 ev_poll_posix.cc:587] FD from fork parent still in poll list: fd(3, generation: 1)
INFO:root:[window 2026-09-24T12:01:45Z] FastPay   n=   14 err=  0.00% p95=  373.5ms top=None
INFO:root:[window 2026-09-24T12:01:40Z] FastPay   n=   14 err=  0.00% p95=  373.5ms top=None
INFO:root:[window 2026-09-24T12:01:35Z] FastPay   n=    4 err=  0.00% p95=  273.6ms top=None
INFO:root:[window 2026-09-24T12:01:30Z] FastPay   n=    4 err=  0.00% p95=  273.6ms top=None
INFO:root:[window 2026-09-24T12:01:25Z] FastPay   n=    4 err=  0.00% p95=  273.6ms top=None
INFO:root:[window 2026-09-24T12:01:45Z] SecurePay n=    9 err=  0.00% p95=  400.9ms top=None
INFO:root:[window 2026-09-24T12:01:40Z] SecurePay n=    9 err=  0.00% p95=  400.9ms top=None
INFO:root:[window 2026-09-24T12:01:35Z] SecurePay n=    3 err=  0.00% p95=  303.0ms top=None
INFO:root:[window 2026-09-24T12:01:30Z] SecurePay n=    3 err=  0.00% p95=  303.0ms top=None
INFO:root:[window 2026-09-24T12:01:25Z] SecurePay n=    3 err=  0.00% p95=  303.0ms top=None
INFO:root:[window 2026-09-24T12:01:45Z] QuickPay  n=    2 err=  0.00% p95=  309.3ms top=None
INFO:root:[window 2026-09-24T12:01:40Z] QuickPay  n=    2 err=  0.00% p95=  309.3ms top=None
INFO:root:[window 2026-09-24T12:01:50Z] QuickPay  n=   88 err=  2.27% p95=  434.7ms top=504_TIMEOUT
INFO:root:[window 2026-09-24T12:01:50Z] FastPay   n=  585 err=  0.51% p95=  430.6ms top=504_TIMEOUT
INFO:root:[window 2026-09-24T12:01:50Z] SecurePay n=  273 err=  1.83% p95=  452.6ms top=504_TIMEOUT
I0924 17:31:51.394261 9273221 ev_poll_posix.cc:587] FD from fork parent still in poll list: fd(7, generation: 1)
I0924 17:31:51.394316 9273221 ev_poll_posix.cc:587] FD from fork parent still in poll list: fd(3, generation: 1)
I0924 17:31:51.861066 9273321 ev_poll_posix.cc:587] FD from fork parent still in poll list: fd(7, generation: 1)
I0924 17:31:51.861115 9273321 ev_poll_posix.cc:587] FD from fork parent still in poll list: fd(3, generation: 1)
INFO:root:[window 2026-09-24T12:01:50Z] FastPay   n=   70 err=  0.00% p95=  427.0ms top=None
INFO:root:[window 2026-09-24T12:01:45Z] FastPay   n=   70 err=  0.00% p95=  427.0ms top=None
INFO:root:[window 2026-09-24T12:01:40Z] FastPay   n=   70 err=  0.00% p95=  427.0ms top=None
INFO:root:[window 2026-09-24T12:01:35Z] FastPay   n=   43 err=  0.00% p95=  392.6ms top=None
INFO:root:[window 2026-09-24T12:01:30Z] FastPay   n=   35 err=  0.00% p95=  393.2ms top=None
INFO:root:[window 2026-09-24T12:01:25Z] FastPay   n=   19 err=  0.00% p95=  393.2ms top=None
INFO:root:[window 2026-09-24T12:01:15Z] FastPay   n=    1 err=  0.00% p95=  263.5ms top=None
INFO:root:[window 2026-09-24T12:01:10Z] FastPay   n=    1 err=  0.00% p95=  263.5ms top=None
INFO:root:[window 2026-09-24T12:01:05Z] FastPay   n=    1 err=  0.00% p95=  263.5ms top=None
INFO:root:[window 2026-09-24T12:01:00Z] FastPay   n=    1 err=  0.00% p95=  263.5ms top=None
INFO:root:[window 2026-09-24T12:00:55Z] FastPay   n=    1 err=  0.00% p95=  263.5ms top=None
INFO:root:[window 2026-09-24T12:00:50Z] FastPay   n=    1 err=  0.00% p95=  263.5ms top=None
INFO:root:[window 2026-09-24T12:00:45Z] FastPay   n=    1 err=  0.00% p95=  263.5ms top=None
INFO:root:[window 2026-09-24T12:00:40Z] FastPay   n=    1 err=  0.00% p95=  263.5ms top=None
INFO:root:[window 2026-09-24T12:00:35Z] FastPay   n=    1 err=  0.00% p95=  263.5ms top=None
INFO:root:[window 2026-09-24T12:00:30Z] FastPay   n=    1 err=  0.00% p95=  263.5ms top=None
INFO:root:[window 2026-09-24T12:00:25Z] FastPay   n=    1 err=  0.00% p95=  263.5ms top=None
INFO:root:[window 2026-09-24T12:00:20Z] FastPay   n=    1 err=  0.00% p95=  263.5ms top=None
INFO:root:[window 2026-09-24T12:01:50Z] SecurePay n=   29 err=  3.45% p95=  426.4ms top=502_BAD_GATEWAY
INFO:root:[window 2026-09-24T12:01:45Z] SecurePay n=   29 err=  3.45% p95=  426.4ms top=502_BAD_GATEWAY
INFO:root:[window 2026-09-24T12:01:40Z] SecurePay n=   29 err=  3.45% p95=  426.4ms top=502_BAD_GATEWAY
INFO:root:[window 2026-09-24T12:01:35Z] SecurePay n=   23 err=  4.35% p95=  426.4ms top=502_BAD_GATEWAY
INFO:root:[window 2026-09-24T12:01:30Z] SecurePay n=   19 err=  5.26% p95=  435.8ms top=502_BAD_GATEWAY
INFO:root:[window 2026-09-24T12:01:25Z] SecurePay n=    4 err=  0.00% p95=  426.4ms top=None
INFO:root:[window 2026-09-24T12:01:05Z] SecurePay n=    1 err=  0.00% p95=  414.6ms top=None
INFO:root:[window 2026-09-24T12:01:00Z] SecurePay n=    1 err=  0.00% p95=  414.6ms top=None
INFO:root:[window 2026-09-24T12:00:55Z] SecurePay n=    1 err=  0.00% p95=  414.6ms top=None
INFO:root:[window 2026-09-24T12:00:50Z] SecurePay n=    1 err=  0.00% p95=  414.6ms top=None
INFO:root:[window 2026-09-24T12:00:45Z] SecurePay n=    1 err=  0.00% p95=  414.6ms top=None
INFO:root:[window 2026-09-24T12:00:40Z] SecurePay n=    1 err=  0.00% p95=  414.6ms top=None
INFO:root:[window 2026-09-24T12:00:35Z] SecurePay n=    1 err=  0.00% p95=  414.6ms top=None
INFO:root:[window 2026-09-24T12:00:30Z] SecurePay n=    1 err=  0.00% p95=  414.6ms top=None
INFO:root:[window 2026-09-24T12:00:25Z] SecurePay n=    1 err=  0.00% p95=  414.6ms top=None
INFO:root:[window 2026-09-24T12:00:20Z] SecurePay n=    1 err=  0.00% p95=  414.6ms top=None
INFO:root:[window 2026-09-24T12:00:15Z] SecurePay n=    1 err=  0.00% p95=  414.6ms top=None
INFO:root:[window 2026-09-24T12:00:10Z] SecurePay n=    1 err=  0.00% p95=  414.6ms top=None
INFO:root:[window 2026-09-24T12:01:50Z] QuickPay  n=   10 err=  0.00% p95=  387.3ms top=None
INFO:root:[window 2026-09-24T12:01:45Z] QuickPay  n=   10 err=  0.00% p95=  387.3ms top=None
INFO:root:[window 2026-09-24T12:01:40Z] QuickPay  n=   10 err=  0.00% p95=  387.3ms top=None
INFO:root:[window 2026-09-24T12:01:35Z] QuickPay  n=    9 err=  0.00% p95=  387.3ms top=None
INFO:root:[window 2026-09-24T12:01:30Z] QuickPay  n=    8 err=  0.00% p95=  387.3ms top=None
INFO:root:[window 2026-09-24T12:01:25Z] QuickPay  n=    2 err=  0.00% p95=  387.3ms top=None
I0924 17:31:53.852367 9273524 ev_poll_posix.cc:587] FD from fork parent still in poll list: fd(7, generation: 1)
I0924 17:31:53.852415 9273524 ev_poll_posix.cc:587] FD from fork parent still in poll list: fd(3, generation: 1)
INFO:root:[window 2026-09-24T12:01:50Z] QuickPay  n=    8 err= 12.50% p95=  433.2ms top=504_TIMEOUT
INFO:root:[window 2026-09-24T12:01:45Z] QuickPay  n=    8 err= 12.50% p95=  433.2ms top=504_TIMEOUT
INFO:root:[window 2026-09-24T12:01:40Z] QuickPay  n=    8 err= 12.50% p95=  433.2ms top=504_TIMEOUT
INFO:root:[window 2026-09-24T12:01:35Z] QuickPay  n=    8 err= 12.50% p95=  433.2ms top=504_TIMEOUT
INFO:root:[window 2026-09-24T12:01:30Z] QuickPay  n=    5 err= 20.00% p95=  433.2ms top=504_TIMEOUT
INFO:root:[window 2026-09-24T12:01:50Z] FastPay   n=   39 err=  0.00% p95=  425.2ms top=None
INFO:root:[window 2026-09-24T12:01:45Z] FastPay   n=   39 err=  0.00% p95=  425.2ms top=None
INFO:root:[window 2026-09-24T12:01:40Z] FastPay   n=   39 err=  0.00% p95=  425.2ms top=None
INFO:root:[window 2026-09-24T12:01:35Z] FastPay   n=   39 err=  0.00% p95=  425.2ms top=None
INFO:root:[window 2026-09-24T12:01:30Z] FastPay   n=   17 err=  0.00% p95=  423.6ms top=None
INFO:root:[window 2026-09-24T12:01:00Z] FastPay   n=    1 err=  0.00% p95=  271.8ms top=None
INFO:root:[window 2026-09-24T12:00:55Z] FastPay   n=    1 err=  0.00% p95=  271.8ms top=None
INFO:root:[window 2026-09-24T12:00:50Z] FastPay   n=    1 err=  0.00% p95=  271.8ms top=None
INFO:root:[window 2026-09-24T12:00:45Z] FastPay   n=    1 err=  0.00% p95=  271.8ms top=None
INFO:root:[window 2026-09-24T12:00:40Z] FastPay   n=    1 err=  0.00% p95=  271.8ms top=None
INFO:root:[window 2026-09-24T12:00:35Z] FastPay   n=    1 err=  0.00% p95=  271.8ms top=None
INFO:root:[window 2026-09-24T12:00:30Z] FastPay   n=    1 err=  0.00% p95=  271.8ms top=None
INFO:root:[window 2026-09-24T12:00:25Z] FastPay   n=    1 err=  0.00% p95=  271.8ms top=None
INFO:root:[window 2026-09-24T12:00:20Z] FastPay   n=    1 err=  0.00% p95=  271.8ms top=None
INFO:root:[window 2026-09-24T12:00:15Z] FastPay   n=    1 err=  0.00% p95=  271.8ms top=None
INFO:root:[window 2026-09-24T12:00:10Z] FastPay   n=    1 err=  0.00% p95=  271.8ms top=None
INFO:root:[window 2026-09-24T12:00:05Z] FastPay   n=    1 err=  0.00% p95=  271.8ms top=None
INFO:root:[window 2026-09-24T12:01:50Z] SecurePay n=   14 err=  0.00% p95=  381.1ms top=None
INFO:root:[window 2026-09-24T12:01:45Z] SecurePay n=   14 err=  0.00% p95=  381.1ms top=None
INFO:root:[window 2026-09-24T12:01:40Z] SecurePay n=   14 err=  0.00% p95=  381.1ms top=None
INFO:root:[window 2026-09-24T12:01:35Z] SecurePay n=   14 err=  0.00% p95=  381.1ms top=None
INFO:root:[window 2026-09-24T12:01:30Z] SecurePay n=    8 err=  0.00% p95=  304.5ms top=None
INFO:root:[window 2026-09-24T12:01:55Z] QuickPay  n=  106 err=  2.83% p95=  439.4ms top=504_TIMEOUT
INFO:root:[window 2026-09-24T12:01:55Z] FastPay   n=  694 err=  0.43% p95=  432.9ms top=504_TIMEOUT
INFO:root:[window 2026-09-24T12:01:55Z] SecurePay n=  316 err=  1.90% p95=  445.7ms top=504_TIMEOUT
I0924 17:31:55.658767 9273718 ev_poll_posix.cc:587] FD from fork parent still in poll list: fd(7, generation: 1)
I0924 17:31:55.658823 9273718 ev_poll_posix.cc:587] FD from fork parent still in poll list: fd(3, generation: 1)
I0924 17:31:56.281388 9273821 ev_poll_posix.cc:587] FD from fork parent still in poll list: fd(7, generation: 1)
I0924 17:31:56.281476 9273821 ev_poll_posix.cc:587] FD from fork parent still in poll list: fd(3, generation: 1)
INFO:root:[window 2026-09-24T12:01:55Z] FastPay   n=   69 err=  0.00% p95=  386.4ms top=None
INFO:root:[window 2026-09-24T12:01:50Z] FastPay   n=   69 err=  0.00% p95=  386.4ms top=None
INFO:root:[window 2026-09-24T12:01:45Z] FastPay   n=   69 err=  0.00% p95=  386.4ms top=None
INFO:root:[window 2026-09-24T12:01:40Z] FastPay   n=   69 err=  0.00% p95=  386.4ms top=None
INFO:root:[window 2026-09-24T12:01:35Z] FastPay   n=   43 err=  0.00% p95=  369.8ms top=None
INFO:root:[window 2026-09-24T12:01:30Z] FastPay   n=   39 err=  0.00% p95=  380.8ms top=None
INFO:root:[window 2026-09-24T12:01:25Z] FastPay   n=   28 err=  0.00% p95=  369.8ms top=None
INFO:root:[window 2026-09-24T12:01:55Z] QuickPay  n=   12 err=  0.00% p95=  410.9ms top=None
INFO:root:[window 2026-09-24T12:01:50Z] QuickPay  n=   12 err=  0.00% p95=  410.9ms top=None
INFO:root:[window 2026-09-24T12:01:45Z] QuickPay  n=   12 err=  0.00% p95=  410.9ms top=None
INFO:root:[window 2026-09-24T12:01:40Z] QuickPay  n=   12 err=  0.00% p95=  410.9ms top=None
INFO:root:[window 2026-09-24T12:01:35Z] QuickPay  n=    6 err=  0.00% p95=  362.5ms top=None
INFO:root:[window 2026-09-24T12:01:30Z] QuickPay  n=    6 err=  0.00% p95=  362.5ms top=None
INFO:root:[window 2026-09-24T12:01:25Z] QuickPay  n=    6 err=  0.00% p95=  362.5ms top=None
INFO:root:[window 2026-09-24T12:01:55Z] SecurePay n=   31 err=  0.00% p95=  396.5ms top=None
INFO:root:[window 2026-09-24T12:01:50Z] SecurePay n=   31 err=  0.00% p95=  396.5ms top=None
INFO:root:[window 2026-09-24T12:01:45Z] SecurePay n=   31 err=  0.00% p95=  396.5ms top=None
INFO:root:[window 2026-09-24T12:01:40Z] SecurePay n=   31 err=  0.00% p95=  396.5ms top=None
INFO:root:[window 2026-09-24T12:01:35Z] SecurePay n=   18 err=  0.00% p95=  376.3ms top=None
INFO:root:[window 2026-09-24T12:01:30Z] SecurePay n=   18 err=  0.00% p95=  376.3ms top=None
INFO:root:[window 2026-09-24T12:01:25Z] SecurePay n=    8 err=  0.00% p95=  334.1ms top=None
I0924 17:31:58.240176 9274019 ev_poll_posix.cc:587] FD from fork parent still in poll list: fd(7, generation: 1)
I0924 17:31:58.240241 9274019 ev_poll_posix.cc:587] FD from fork parent still in poll list: fd(3, generation: 1)
INFO:root:[window 2026-09-24T12:01:55Z] FastPay   n=   42 err=  0.00% p95=  385.7ms top=None
INFO:root:[window 2026-09-24T12:01:50Z] FastPay   n=   42 err=  0.00% p95=  385.7ms top=None
INFO:root:[window 2026-09-24T12:01:45Z] FastPay   n=   42 err=  0.00% p95=  385.7ms top=None
INFO:root:[window 2026-09-24T12:01:40Z] FastPay   n=   42 err=  0.00% p95=  385.7ms top=None
INFO:root:[window 2026-09-24T12:01:35Z] FastPay   n=   42 err=  0.00% p95=  385.7ms top=None
INFO:root:[window 2026-09-24T12:01:30Z] FastPay   n=   17 err=  0.00% p95=  385.7ms top=None
INFO:root:[window 2026-09-24T12:01:55Z] SecurePay n=   12 err=  8.33% p95=  483.5ms top=504_TIMEOUT
INFO:root:[window 2026-09-24T12:01:50Z] SecurePay n=   12 err=  8.33% p95=  483.5ms top=504_TIMEOUT
INFO:root:[window 2026-09-24T12:01:45Z] SecurePay n=   12 err=  8.33% p95=  483.5ms top=504_TIMEOUT
INFO:root:[window 2026-09-24T12:01:40Z] SecurePay n=   12 err=  8.33% p95=  483.5ms top=504_TIMEOUT
INFO:root:[window 2026-09-24T12:01:35Z] SecurePay n=   12 err=  8.33% p95=  483.5ms top=504_TIMEOUT
INFO:root:[window 2026-09-24T12:01:30Z] SecurePay n=    2 err=  0.00% p95=  235.2ms top=None
INFO:root:[window 2026-09-24T12:01:55Z] QuickPay  n=   11 err=  0.00% p95=  335.7ms top=None
INFO:root:[window 2026-09-24T12:01:50Z] QuickPay  n=   11 err=  0.00% p95=  335.7ms top=None
INFO:root:[window 2026-09-24T12:01:45Z] QuickPay  n=   11 err=  0.00% p95=  335.7ms top=None
INFO:root:[window 2026-09-24T12:01:40Z] QuickPay  n=   11 err=  0.00% p95=  335.7ms top=None
INFO:root:[window 2026-09-24T12:01:35Z] QuickPay  n=   11 err=  0.00% p95=  335.7ms top=None
INFO:root:[window 2026-09-24T12:01:30Z] QuickPay  n=    1 err=  0.00% p95=  262.3ms top=None
INFO:root:[window 2026-09-24T12:02:00Z] QuickPay  n=  129 err=  2.33% p95=  439.4ms top=504_TIMEOUT
INFO:root:[window 2026-09-24T12:02:00Z] FastPay   n=  805 err=  0.37% p95=  427.0ms top=504_TIMEOUT
INFO:root:[window 2026-09-24T12:02:00Z] SecurePay n=  359 err=  1.95% p95=  453.3ms top=504_TIMEOUT
I0924 17:32:00.257926 9274227 ev_poll_posix.cc:587] FD from fork parent still in poll list: fd(7, generation: 1)
I0924 17:32:00.257974 9274227 ev_poll_posix.cc:587] FD from fork parent still in poll list: fd(3, generation: 1)
I0924 17:32:00.729687 9274348 ev_poll_posix.cc:587] FD from fork parent still in poll list: fd(7, generation: 1)
I0924 17:32:00.729799 9274348 ev_poll_posix.cc:587] FD from fork parent still in poll list: fd(3, generation: 1)
INFO:root:[window 2026-09-24T12:02:00Z] FastPay   n=   44 err=  2.27% p95=  453.5ms top=504_TIMEOUT
INFO:root:[window 2026-09-24T12:01:55Z] FastPay   n=   44 err=  2.27% p95=  453.5ms top=504_TIMEOUT
INFO:root:[window 2026-09-24T12:01:50Z] FastPay   n=   44 err=  2.27% p95=  453.5ms top=504_TIMEOUT
INFO:root:[window 2026-09-24T12:01:45Z] FastPay   n=   44 err=  2.27% p95=  453.5ms top=504_TIMEOUT
INFO:root:[window 2026-09-24T12:01:40Z] FastPay   n=   44 err=  2.27% p95=  453.5ms top=504_TIMEOUT
INFO:root:[window 2026-09-24T12:01:35Z] FastPay   n=   18 err=  0.00% p95=  443.2ms top=None
INFO:root:[window 2026-09-24T12:01:30Z] FastPay   n=    8 err=  0.00% p95=  402.2ms top=None
INFO:root:[window 2026-09-24T12:02:00Z] SecurePay n=   19 err=  0.00% p95=  414.0ms top=None
INFO:root:[window 2026-09-24T12:01:55Z] SecurePay n=   19 err=  0.00% p95=  414.0ms top=None
INFO:root:[window 2026-09-24T12:01:50Z] SecurePay n=   19 err=  0.00% p95=  414.0ms top=None
INFO:root:[window 2026-09-24T12:01:45Z] SecurePay n=   19 err=  0.00% p95=  414.0ms top=None
INFO:root:[window 2026-09-24T12:01:40Z] SecurePay n=   19 err=  0.00% p95=  414.0ms top=None
INFO:root:[window 2026-09-24T12:01:35Z] SecurePay n=   10 err=  0.00% p95=  414.0ms top=None
INFO:root:[window 2026-09-24T12:01:30Z] SecurePay n=    5 err=  0.00% p95=  341.7ms top=None
INFO:root:[window 2026-09-24T12:02:00Z] QuickPay  n=    8 err=  0.00% p95=  416.5ms top=None
INFO:root:[window 2026-09-24T12:01:55Z] QuickPay  n=    8 err=  0.00% p95=  416.5ms top=None
INFO:root:[window 2026-09-24T12:01:50Z] QuickPay  n=    8 err=  0.00% p95=  416.5ms top=None
INFO:root:[window 2026-09-24T12:01:45Z] QuickPay  n=    8 err=  0.00% p95=  416.5ms top=None
INFO:root:[window 2026-09-24T12:01:40Z] QuickPay  n=    8 err=  0.00% p95=  416.5ms top=None
INFO:root:[window 2026-09-24T12:01:35Z] QuickPay  n=    3 err=  0.00% p95=  325.1ms top=None
INFO:root:[window 2026-09-24T12:01:30Z] QuickPay  n=    1 err=  0.00% p95=  325.1ms top=None
I0924 17:32:02.614561 9274542 ev_poll_posix.cc:587] FD from fork parent still in poll list: fd(7, generation: 1)
I0924 17:32:02.614624 9274542 ev_poll_posix.cc:587] FD from fork parent still in poll list: fd(3, generation: 1)
INFO:root:[window 2026-09-24T12:02:00Z] FastPay   n=   22 err=  0.00% p95=  411.0ms top=None
INFO:root:[window 2026-09-24T12:01:55Z] FastPay   n=   22 err=  0.00% p95=  411.0ms top=None
INFO:root:[window 2026-09-24T12:01:50Z] FastPay   n=   22 err=  0.00% p95=  411.0ms top=None
INFO:root:[window 2026-09-24T12:01:45Z] FastPay   n=   22 err=  0.00% p95=  411.0ms top=None
INFO:root:[window 2026-09-24T12:01:40Z] FastPay   n=   22 err=  0.00% p95=  411.0ms top=None
INFO:root:[window 2026-09-24T12:01:35Z] FastPay   n=   22 err=  0.00% p95=  411.0ms top=None
INFO:root:[window 2026-09-24T12:01:30Z] FastPay   n=   12 err=  0.00% p95=  458.0ms top=None
INFO:root:[window 2026-09-24T12:02:00Z] SecurePay n=   14 err=  0.00% p95=  382.0ms top=None
INFO:root:[window 2026-09-24T12:01:55Z] SecurePay n=   14 err=  0.00% p95=  382.0ms top=None
INFO:root:[window 2026-09-24T12:01:50Z] SecurePay n=   14 err=  0.00% p95=  382.0ms top=None
INFO:root:[window 2026-09-24T12:01:45Z] SecurePay n=   14 err=  0.00% p95=  382.0ms top=None
INFO:root:[window 2026-09-24T12:01:40Z] SecurePay n=   14 err=  0.00% p95=  382.0ms top=None
INFO:root:[window 2026-09-24T12:01:35Z] SecurePay n=   14 err=  0.00% p95=  382.0ms top=None
INFO:root:[window 2026-09-24T12:01:30Z] SecurePay n=    8 err=  0.00% p95=  382.0ms top=None
INFO:root:[window 2026-09-24T12:02:00Z] QuickPay  n=    4 err=  0.00% p95=  254.1ms top=None
INFO:root:[window 2026-09-24T12:01:55Z] QuickPay  n=    4 err=  0.00% p95=  254.1ms top=None
INFO:root:[window 2026-09-24T12:01:50Z] QuickPay  n=    4 err=  0.00% p95=  254.1ms top=None
INFO:root:[window 2026-09-24T12:01:45Z] QuickPay  n=    4 err=  0.00% p95=  254.1ms top=None
INFO:root:[window 2026-09-24T12:01:40Z] QuickPay  n=    4 err=  0.00% p95=  254.1ms top=None
INFO:root:[window 2026-09-24T12:01:35Z] QuickPay  n=    4 err=  0.00% p95=  254.1ms top=None
I0924 17:32:05.034516 9274743 ev_poll_posix.cc:587] FD from fork parent still in poll list: fd(7, generation: 1)
I0924 17:32:05.034565 9274743 ev_poll_posix.cc:587] FD from fork parent still in poll list: fd(3, generation: 1)
INFO:root:[window 2026-09-24T12:02:00Z] FastPay   n=   48 err=  2.08% p95=  411.6ms top=504_TIMEOUT
INFO:root:[window 2026-09-24T12:01:55Z] FastPay   n=   48 err=  2.08% p95=  411.6ms top=504_TIMEOUT
INFO:root:[window 2026-09-24T12:01:50Z] FastPay   n=   48 err=  2.08% p95=  411.6ms top=504_TIMEOUT
INFO:root:[window 2026-09-24T12:01:45Z] FastPay   n=   48 err=  2.08% p95=  411.6ms top=504_TIMEOUT
INFO:root:[window 2026-09-24T12:01:40Z] FastPay   n=   48 err=  2.08% p95=  411.6ms top=504_TIMEOUT
INFO:root:[window 2026-09-24T12:01:35Z] FastPay   n=   24 err=  0.00% p95=  378.7ms top=None
INFO:root:[window 2026-09-24T12:01:30Z] FastPay   n=    9 err=  0.00% p95=  358.2ms top=None
INFO:root:[window 2026-09-24T12:02:00Z] QuickPay  n=    9 err=  0.00% p95=  356.8ms top=None
INFO:root:[window 2026-09-24T12:01:55Z] QuickPay  n=    9 err=  0.00% p95=  356.8ms top=None
INFO:root:[window 2026-09-24T12:01:50Z] QuickPay  n=    9 err=  0.00% p95=  356.8ms top=None
INFO:root:[window 2026-09-24T12:01:45Z] QuickPay  n=    9 err=  0.00% p95=  356.8ms top=None
INFO:root:[window 2026-09-24T12:01:40Z] QuickPay  n=    9 err=  0.00% p95=  356.8ms top=None
INFO:root:[window 2026-09-24T12:01:35Z] QuickPay  n=    3 err=  0.00% p95=  236.3ms top=None
INFO:root:[window 2026-09-24T12:01:30Z] QuickPay  n=    2 err=  0.00% p95=  183.6ms top=None
INFO:root:[window 2026-09-24T12:01:20Z] QuickPay  n=    1 err=  0.00% p95=  220.8ms top=None
INFO:root:[window 2026-09-24T12:01:15Z] QuickPay  n=    1 err=  0.00% p95=  220.8ms top=None
INFO:root:[window 2026-09-24T12:01:10Z] QuickPay  n=    2 err=  0.00% p95=  220.8ms top=None
INFO:root:[window 2026-09-24T12:01:05Z] QuickPay  n=    2 err=  0.00% p95=  220.8ms top=None
INFO:root:[window 2026-09-24T12:01:00Z] QuickPay  n=    2 err=  0.00% p95=  220.8ms top=None
INFO:root:[window 2026-09-24T12:00:55Z] QuickPay  n=    2 err=  0.00% p95=  220.8ms top=None
INFO:root:[window 2026-09-24T12:00:50Z] QuickPay  n=    2 err=  0.00% p95=  220.8ms top=None
INFO:root:[window 2026-09-24T12:00:45Z] QuickPay  n=    2 err=  0.00% p95=  220.8ms top=None
INFO:root:[window 2026-09-24T12:00:40Z] QuickPay  n=    2 err=  0.00% p95=  220.8ms top=None
INFO:root:[window 2026-09-24T12:00:35Z] QuickPay  n=    2 err=  0.00% p95=  220.8ms top=None
INFO:root:[window 2026-09-24T12:00:30Z] QuickPay  n=    2 err=  0.00% p95=  220.8ms top=None
INFO:root:[window 2026-09-24T12:00:25Z] QuickPay  n=    2 err=  0.00% p95=  220.8ms top=None
INFO:root:[window 2026-09-24T12:00:20Z] QuickPay  n=    1 err=  0.00% p95=  374.0ms top=None
INFO:root:[window 2026-09-24T12:00:15Z] QuickPay  n=    1 err=  0.00% p95=  374.0ms top=None
INFO:root:[window 2026-09-24T12:02:00Z] SecurePay n=   15 err=  0.00% p95=  393.2ms top=None
INFO:root:[window 2026-09-24T12:01:55Z] SecurePay n=   15 err=  0.00% p95=  393.2ms top=None
INFO:root:[window 2026-09-24T12:01:50Z] SecurePay n=   15 err=  0.00% p95=  393.2ms top=None
INFO:root:[window 2026-09-24T12:01:45Z] SecurePay n=   15 err=  0.00% p95=  393.2ms top=None
INFO:root:[window 2026-09-24T12:01:40Z] SecurePay n=   15 err=  0.00% p95=  393.2ms top=None
INFO:root:[window 2026-09-24T12:01:35Z] SecurePay n=    7 err=  0.00% p95=  295.5ms top=None
INFO:root:[window 2026-09-24T12:01:30Z] SecurePay n=    3 err=  0.00% p95=  279.8ms top=None
INFO:root:[window 2026-09-24T12:02:05Z] QuickPay  n=  150 err=  2.00% p95=  434.7ms top=504_TIMEOUT
INFO:root:[window 2026-09-24T12:02:05Z] FastPay   n=  919 err=  0.54% p95=  433.1ms top=504_TIMEOUT
INFO:root:[window 2026-09-24T12:02:05Z] SecurePay n=  407 err=  1.72% p95=  445.7ms top=504_TIMEOUT
I0924 17:32:06.139126 9274905 ev_poll_posix.cc:587] FD from fork parent still in poll list: fd(7, generation: 1)
I0924 17:32:06.139169 9274905 ev_poll_posix.cc:587] FD from fork parent still in poll list: fd(3, generation: 1)
I0924 17:32:06.586463 9275037 ev_poll_posix.cc:587] FD from fork parent still in poll list: fd(7, generation: 1)
I0924 17:32:06.586515 9275037 ev_poll_posix.cc:587] FD from fork parent still in poll list: fd(3, generation: 1)
INFO:root:[window 2026-09-24T12:02:05Z] FastPay   n=   10 err=  0.00% p95=  448.0ms top=None
INFO:root:[window 2026-09-24T12:02:00Z] FastPay   n=   10 err=  0.00% p95=  448.0ms top=None
INFO:root:[window 2026-09-24T12:01:55Z] FastPay   n=   10 err=  0.00% p95=  448.0ms top=None
INFO:root:[window 2026-09-24T12:01:50Z] FastPay   n=   10 err=  0.00% p95=  448.0ms top=None
INFO:root:[window 2026-09-24T12:01:45Z] FastPay   n=   10 err=  0.00% p95=  448.0ms top=None
INFO:root:[window 2026-09-24T12:01:40Z] FastPay   n=   10 err=  0.00% p95=  448.0ms top=None
INFO:root:[window 2026-09-24T12:01:35Z] FastPay   n=   10 err=  0.00% p95=  448.0ms top=None
INFO:root:[window 2026-09-24T12:01:30Z] FastPay   n=   10 err=  0.00% p95=  448.0ms top=None
INFO:root:[window 2026-09-24T12:02:05Z] SecurePay n=   10 err=  0.00% p95=  363.9ms top=None
INFO:root:[window 2026-09-24T12:02:00Z] SecurePay n=   10 err=  0.00% p95=  363.9ms top=None
INFO:root:[window 2026-09-24T12:01:55Z] SecurePay n=   10 err=  0.00% p95=  363.9ms top=None
INFO:root:[window 2026-09-24T12:01:50Z] SecurePay n=   10 err=  0.00% p95=  363.9ms top=None
INFO:root:[window 2026-09-24T12:01:45Z] SecurePay n=   10 err=  0.00% p95=  363.9ms top=None
INFO:root:[window 2026-09-24T12:01:40Z] SecurePay n=   10 err=  0.00% p95=  363.9ms top=None
INFO:root:[window 2026-09-24T12:01:35Z] SecurePay n=   10 err=  0.00% p95=  363.9ms top=None
INFO:root:[window 2026-09-24T12:01:30Z] SecurePay n=   10 err=  0.00% p95=  363.9ms top=None
I0924 17:32:08.914292 9275255 ev_poll_posix.cc:587] FD from fork parent still in poll list: fd(7, generation: 1)
I0924 17:32:08.914343 9275255 ev_poll_posix.cc:587] FD from fork parent still in poll list: fd(3, generation: 1)
INFO:root:[window 2026-09-24T12:02:05Z] FastPay   n=   50 err=  0.00% p95=  437.0ms top=None
INFO:root:[window 2026-09-24T12:02:00Z] FastPay   n=   50 err=  0.00% p95=  437.0ms top=None
INFO:root:[window 2026-09-24T12:01:55Z] FastPay   n=   50 err=  0.00% p95=  437.0ms top=None
INFO:root:[window 2026-09-24T12:01:50Z] FastPay   n=   50 err=  0.00% p95=  437.0ms top=None
INFO:root:[window 2026-09-24T12:01:45Z] FastPay   n=   50 err=  0.00% p95=  437.0ms top=None
INFO:root:[window 2026-09-24T12:01:40Z] FastPay   n=   50 err=  0.00% p95=  437.0ms top=None
INFO:root:[window 2026-09-24T12:01:35Z] FastPay   n=   25 err=  0.00% p95=  420.0ms top=None
INFO:root:[window 2026-09-24T12:01:30Z] FastPay   n=    6 err=  0.00% p95=  329.6ms top=None
INFO:root:[window 2026-09-24T12:01:00Z] FastPay   n=    1 err=  0.00% p95=  189.2ms top=None
INFO:root:[window 2026-09-24T12:00:55Z] FastPay   n=    1 err=  0.00% p95=  189.2ms top=None
INFO:root:[window 2026-09-24T12:00:50Z] FastPay   n=    1 err=  0.00% p95=  189.2ms top=None
INFO:root:[window 2026-09-24T12:00:45Z] FastPay   n=    1 err=  0.00% p95=  189.2ms top=None
INFO:root:[window 2026-09-24T12:00:40Z] FastPay   n=    1 err=  0.00% p95=  189.2ms top=None
INFO:root:[window 2026-09-24T12:00:35Z] FastPay   n=    1 err=  0.00% p95=  189.2ms top=None
INFO:root:[window 2026-09-24T12:00:30Z] FastPay   n=    1 err=  0.00% p95=  189.2ms top=None
INFO:root:[window 2026-09-24T12:00:25Z] FastPay   n=    1 err=  0.00% p95=  189.2ms top=None
INFO:root:[window 2026-09-24T12:00:20Z] FastPay   n=    1 err=  0.00% p95=  189.2ms top=None
INFO:root:[window 2026-09-24T12:00:15Z] FastPay   n=    1 err=  0.00% p95=  189.2ms top=None
INFO:root:[window 2026-09-24T12:00:10Z] FastPay   n=    1 err=  0.00% p95=  189.2ms top=None
INFO:root:[window 2026-09-24T12:02:05Z] SecurePay n=   31 err=  0.00% p95=  398.3ms top=None
INFO:root:[window 2026-09-24T12:02:00Z] SecurePay n=   31 err=  0.00% p95=  398.3ms top=None
INFO:root:[window 2026-09-24T12:01:55Z] SecurePay n=   31 err=  0.00% p95=  398.3ms top=None
INFO:root:[window 2026-09-24T12:01:50Z] SecurePay n=   31 err=  0.00% p95=  398.3ms top=None
INFO:root:[window 2026-09-24T12:01:45Z] SecurePay n=   31 err=  0.00% p95=  398.3ms top=None
INFO:root:[window 2026-09-24T12:01:40Z] SecurePay n=   31 err=  0.00% p95=  398.3ms top=None
INFO:root:[window 2026-09-24T12:01:35Z] SecurePay n=   21 err=  0.00% p95=  431.7ms top=None
INFO:root:[window 2026-09-24T12:01:30Z] SecurePay n=    5 err=  0.00% p95=  301.2ms top=None
INFO:root:[window 2026-09-24T12:02:05Z] QuickPay  n=   11 err=  0.00% p95=  460.5ms top=None
INFO:root:[window 2026-09-24T12:02:00Z] QuickPay  n=   11 err=  0.00% p95=  460.5ms top=None
INFO:root:[window 2026-09-24T12:01:55Z] QuickPay  n=   11 err=  0.00% p95=  460.5ms top=None
INFO:root:[window 2026-09-24T12:01:50Z] QuickPay  n=   11 err=  0.00% p95=  460.5ms top=None
INFO:root:[window 2026-09-24T12:01:45Z] QuickPay  n=   11 err=  0.00% p95=  460.5ms top=None
INFO:root:[window 2026-09-24T12:01:40Z] QuickPay  n=   11 err=  0.00% p95=  460.5ms top=None
INFO:root:[window 2026-09-24T12:01:35Z] QuickPay  n=    7 err=  0.00% p95=  443.1ms top=None
INFO:root:[window 2026-09-24T12:01:30Z] QuickPay  n=    2 err=  0.00% p95=  343.5ms top=None
INFO:root:[window 2026-09-24T12:01:10Z] QuickPay  n=    1 err=  0.00% p95=  368.2ms top=None
INFO:root:[window 2026-09-24T12:01:05Z] QuickPay  n=    1 err=  0.00% p95=  368.2ms top=None
INFO:root:[window 2026-09-24T12:01:00Z] QuickPay  n=    1 err=  0.00% p95=  368.2ms top=None
INFO:root:[window 2026-09-24T12:00:55Z] QuickPay  n=    1 err=  0.00% p95=  368.2ms top=None
INFO:root:[window 2026-09-24T12:00:50Z] QuickPay  n=    1 err=  0.00% p95=  368.2ms top=None
INFO:root:[window 2026-09-24T12:00:45Z] QuickPay  n=    1 err=  0.00% p95=  368.2ms top=None
INFO:root:[window 2026-09-24T12:00:40Z] QuickPay  n=    1 err=  0.00% p95=  368.2ms top=None
INFO:root:[window 2026-09-24T12:00:35Z] QuickPay  n=    1 err=  0.00% p95=  368.2ms top=None
INFO:root:[window 2026-09-24T12:00:30Z] QuickPay  n=    1 err=  0.00% p95=  368.2ms top=None
INFO:root:[window 2026-09-24T12:00:25Z] QuickPay  n=    1 err=  0.00% p95=  368.2ms top=None
INFO:root:[window 2026-09-24T12:00:20Z] QuickPay  n=    1 err=  0.00% p95=  368.2ms top=None
INFO:root:[window 2026-09-24T12:00:15Z] QuickPay  n=    1 err=  0.00% p95=  368.2ms top=None
INFO:root:[window 2026-09-24T12:02:10Z] QuickPay  n=  161 err=  1.86% p95=  443.1ms top=504_TIMEOUT
INFO:root:[window 2026-09-24T12:02:10Z] FastPay   n=  979 err=  0.51% p95=  435.2ms top=504_TIMEOUT
INFO:root:[window 2026-09-24T12:02:10Z] SecurePay n=  448 err=  1.56% p95=  444.7ms top=504_TIMEOUT
I0924 17:32:10.931193 9275467 ev_poll_posix.cc:587] FD from fork parent still in poll list: fd(7, generation: 1)
I0924 17:32:10.931234 9275467 ev_poll_posix.cc:587] FD from fork parent still in poll list: fd(3, generation: 1)
I0924 17:32:11.538860 9275606 ev_poll_posix.cc:587] FD from fork parent still in poll list: fd(7, generation: 1)
I0924 17:32:11.538929 9275606 ev_poll_posix.cc:587] FD from fork parent still in poll list: fd(3, generation: 1)
INFO:root:[window 2026-09-24T12:02:10Z] FastPay   n=   16 err=  0.00% p95=  380.2ms top=None
INFO:root:[window 2026-09-24T12:02:05Z] FastPay   n=   16 err=  0.00% p95=  380.2ms top=None
INFO:root:[window 2026-09-24T12:02:00Z] FastPay   n=   16 err=  0.00% p95=  380.2ms top=None
INFO:root:[window 2026-09-24T12:01:55Z] FastPay   n=   16 err=  0.00% p95=  380.2ms top=None
INFO:root:[window 2026-09-24T12:01:50Z] FastPay   n=   16 err=  0.00% p95=  380.2ms top=None
INFO:root:[window 2026-09-24T12:01:45Z] FastPay   n=   16 err=  0.00% p95=  380.2ms top=None
INFO:root:[window 2026-09-24T12:01:40Z] FastPay   n=   16 err=  0.00% p95=  380.2ms top=None
INFO:root:[window 2026-09-24T12:01:35Z] FastPay   n=   16 err=  0.00% p95=  380.2ms top=None
INFO:root:[window 2026-09-24T12:01:30Z] FastPay   n=   12 err=  0.00% p95=  322.2ms top=None
INFO:root:[window 2026-09-24T12:02:10Z] SecurePay n=    9 err=  0.00% p95=  424.2ms top=None
INFO:root:[window 2026-09-24T12:02:05Z] SecurePay n=    9 err=  0.00% p95=  424.2ms top=None
INFO:root:[window 2026-09-24T12:02:00Z] SecurePay n=    9 err=  0.00% p95=  424.2ms top=None
INFO:root:[window 2026-09-24T12:01:55Z] SecurePay n=    9 err=  0.00% p95=  424.2ms top=None
INFO:root:[window 2026-09-24T12:01:50Z] SecurePay n=    9 err=  0.00% p95=  424.2ms top=None
INFO:root:[window 2026-09-24T12:01:45Z] SecurePay n=    9 err=  0.00% p95=  424.2ms top=None
INFO:root:[window 2026-09-24T12:01:40Z] SecurePay n=    9 err=  0.00% p95=  424.2ms top=None
INFO:root:[window 2026-09-24T12:01:35Z] SecurePay n=    9 err=  0.00% p95=  424.2ms top=None
INFO:root:[window 2026-09-24T12:01:30Z] SecurePay n=    6 err=  0.00% p95=  379.5ms top=None
INFO:root:[window 2026-09-24T12:02:10Z] QuickPay  n=    2 err=  0.00% p95=  239.3ms top=None
INFO:root:[window 2026-09-24T12:02:05Z] QuickPay  n=    2 err=  0.00% p95=  239.3ms top=None
INFO:root:[window 2026-09-24T12:02:00Z] QuickPay  n=    2 err=  0.00% p95=  239.3ms top=None
INFO:root:[window 2026-09-24T12:01:55Z] QuickPay  n=    2 err=  0.00% p95=  239.3ms top=None
INFO:root:[window 2026-09-24T12:01:50Z] QuickPay  n=    2 err=  0.00% p95=  239.3ms top=None
INFO:root:[window 2026-09-24T12:01:45Z] QuickPay  n=    2 err=  0.00% p95=  239.3ms top=None
INFO:root:[window 2026-09-24T12:01:40Z] QuickPay  n=    2 err=  0.00% p95=  239.3ms top=None
INFO:root:[window 2026-09-24T12:01:35Z] QuickPay  n=    2 err=  0.00% p95=  239.3ms top=None
INFO:root:[window 2026-09-24T12:01:30Z] QuickPay  n=    2 err=  0.00% p95=  239.3ms top=None
I0924 17:32:13.928808 9275865 ev_poll_posix.cc:587] FD from fork parent still in poll list: fd(7, generation: 1)
I0924 17:32:13.928860 9275865 ev_poll_posix.cc:587] FD from fork parent still in poll list: fd(3, generation: 1)
INFO:root:[window 2026-09-24T12:02:10Z] FastPay   n=   49 err=  0.00% p95=  416.4ms top=None
INFO:root:[window 2026-09-24T12:02:05Z] FastPay   n=   49 err=  0.00% p95=  416.4ms top=None
INFO:root:[window 2026-09-24T12:02:00Z] FastPay   n=   49 err=  0.00% p95=  416.4ms top=None
INFO:root:[window 2026-09-24T12:01:55Z] FastPay   n=   49 err=  0.00% p95=  416.4ms top=None
INFO:root:[window 2026-09-24T12:01:50Z] FastPay   n=   49 err=  0.00% p95=  416.4ms top=None
INFO:root:[window 2026-09-24T12:01:45Z] FastPay   n=   49 err=  0.00% p95=  416.4ms top=None
INFO:root:[window 2026-09-24T12:01:40Z] FastPay   n=   43 err=  0.00% p95=  416.4ms top=None
INFO:root:[window 2026-09-24T12:01:35Z] FastPay   n=   24 err=  0.00% p95=  373.3ms top=None
INFO:root:[window 2026-09-24T12:01:30Z] FastPay   n=   10 err=  0.00% p95=  336.8ms top=None
INFO:root:[window 2026-09-24T12:02:10Z] SecurePay n=   26 err=  0.00% p95=  459.6ms top=None
INFO:root:[window 2026-09-24T12:02:05Z] SecurePay n=   26 err=  0.00% p95=  459.6ms top=None
INFO:root:[window 2026-09-24T12:02:00Z] SecurePay n=   26 err=  0.00% p95=  459.6ms top=None
INFO:root:[window 2026-09-24T12:01:55Z] SecurePay n=   26 err=  0.00% p95=  459.6ms top=None
INFO:root:[window 2026-09-24T12:01:50Z] SecurePay n=   26 err=  0.00% p95=  459.6ms top=None
INFO:root:[window 2026-09-24T12:01:45Z] SecurePay n=   26 err=  0.00% p95=  459.6ms top=None
INFO:root:[window 2026-09-24T12:01:40Z] SecurePay n=   21 err=  0.00% p95=  475.5ms top=None
INFO:root:[window 2026-09-24T12:01:35Z] SecurePay n=    7 err=  0.00% p95=  413.3ms top=None
INFO:root:[window 2026-09-24T12:01:30Z] SecurePay n=    3 err=  0.00% p95=  323.9ms top=None
INFO:root:[window 2026-09-24T12:02:10Z] QuickPay  n=   12 err=  0.00% p95=  334.1ms top=None
INFO:root:[window 2026-09-24T12:02:05Z] QuickPay  n=   12 err=  0.00% p95=  334.1ms top=None
INFO:root:[window 2026-09-24T12:02:00Z] QuickPay  n=   12 err=  0.00% p95=  334.1ms top=None
INFO:root:[window 2026-09-24T12:01:55Z] QuickPay  n=   12 err=  0.00% p95=  334.1ms top=None
INFO:root:[window 2026-09-24T12:01:50Z] QuickPay  n=   12 err=  0.00% p95=  334.1ms top=None
INFO:root:[window 2026-09-24T12:01:45Z] QuickPay  n=   12 err=  0.00% p95=  334.1ms top=None
INFO:root:[window 2026-09-24T12:01:40Z] QuickPay  n=   10 err=  0.00% p95=  334.1ms top=None
INFO:root:[window 2026-09-24T12:01:35Z] QuickPay  n=    3 err=  0.00% p95=  295.5ms top=None
INFO:root:[window 2026-09-24T12:01:30Z] QuickPay  n=    1 err=  0.00% p95=  212.5ms top=None
INFO:root:[window 2026-09-24T12:02:15Z] QuickPay  n=  175 err=  1.71% p95=  441.3ms top=504_TIMEOUT
INFO:root:[window 2026-09-24T12:02:15Z] FastPay   n= 1044 err=  0.48% p95=  434.6ms top=504_TIMEOUT
INFO:root:[window 2026-09-24T12:02:15Z] SecurePay n=  483 err=  1.45% p95=  445.7ms top=504_TIMEOUT
I0924 17:32:17.978822 9276328 ev_poll_posix.cc:587] FD from fork parent still in poll list: fd(7, generation: 1)
INFO:root:[window 2026-09-24T12:02:15Z] SecurePay n=   13 err=  0.00% p95=  431.8ms top=None
INFO:root:[window 2026-09-24T12:02:10Z] SecurePay n=   13 err=  0.00% p95=  431.8ms top=None
INFO:root:[window 2026-09-24T12:02:05Z] SecurePay n=   13 err=  0.00% p95=  431.8ms top=None
INFO:root:[window 2026-09-24T12:02:00Z] SecurePay n=   13 err=  0.00% p95=  431.8ms top=None
INFO:root:[window 2026-09-24T12:01:55Z] SecurePay n=   13 err=  0.00% p95=  431.8ms top=None
INFO:root:[window 2026-09-24T12:01:50Z] SecurePay n=   13 err=  0.00% p95=  431.8ms top=None
INFO:root:[window 2026-09-24T12:01:45Z] SecurePay n=   13 err=  0.00% p95=  431.8ms top=None
INFO:root:[window 2026-09-24T12:01:40Z] SecurePay n=   13 err=  0.00% p95=  431.8ms top=None
INFO:root:[window 2026-09-24T12:01:35Z] SecurePay n=   13 err=  0.00% p95=  431.8ms top=None
INFO:root:[window 2026-09-24T12:01:30Z] SecurePay n=    6 err=  0.00% p95=  431.8ms top=None
INFO:root:[window 2026-09-24T12:01:10Z] SecurePay n=    1 err=  0.00% p95=  109.0ms top=None
INFO:root:[window 2026-09-24T12:01:05Z] SecurePay n=    1 err=  0.00% p95=  109.0ms top=None
INFO:root:[window 2026-09-24T12:01:00Z] SecurePay n=    1 err=  0.00% p95=  109.0ms top=None
INFO:root:[window 2026-09-24T12:00:55Z] SecurePay n=    1 err=  0.00% p95=  109.0ms top=None
INFO:root:[window 2026-09-24T12:00:50Z] SecurePay n=    1 err=  0.00% p95=  109.0ms top=None
INFO:root:[window 2026-09-24T12:00:45Z] SecurePay n=    1 err=  0.00% p95=  109.0ms top=None
INFO:root:[window 2026-09-24T12:00:40Z] SecurePay n=    1 err=  0.00% p95=  109.0ms top=None
INFO:root:[window 2026-09-24T12:00:35Z] SecurePay n=    1 err=  0.00% p95=  109.0ms top=None
INFO:root:[window 2026-09-24T12:00:30Z] SecurePay n=    1 err=  0.00% p95=  109.0ms top=None
INFO:root:[window 2026-09-24T12:00:25Z] SecurePay n=    1 err=  0.00% p95=  109.0ms top=None
INFO:root:[window 2026-09-24T12:00:20Z] SecurePay n=    1 err=  0.00% p95=  109.0ms top=None
INFO:root:[window 2026-09-24T12:02:15Z] FastPay   n=   23 err=  0.00% p95=  386.3ms top=None
INFO:root:[window 2026-09-24T12:02:10Z] FastPay   n=   23 err=  0.00% p95=  386.3ms top=None
INFO:root:[window 2026-09-24T12:02:05Z] FastPay   n=   23 err=  0.00% p95=  386.3ms top=None
INFO:root:[window 2026-09-24T12:02:00Z] FastPay   n=   23 err=  0.00% p95=  386.3ms top=None
INFO:root:[window 2026-09-24T12:01:55Z] FastPay   n=   23 err=  0.00% p95=  386.3ms top=None
INFO:root:[window 2026-09-24T12:01:50Z] FastPay   n=   23 err=  0.00% p95=  386.3ms top=None
INFO:root:[window 2026-09-24T12:01:45Z] FastPay   n=   23 err=  0.00% p95=  386.3ms top=None
INFO:root:[window 2026-09-24T12:01:40Z] FastPay   n=   23 err=  0.00% p95=  386.3ms top=None
INFO:root:[window 2026-09-24T12:01:35Z] FastPay   n=   23 err=  0.00% p95=  386.3ms top=None
INFO:root:[window 2026-09-24T12:01:30Z] FastPay   n=   12 err=  0.00% p95=  380.2ms top=None
INFO:root:[window 2026-09-24T12:02:15Z] QuickPay  n=    3 err=  0.00% p95=  367.3ms top=None
INFO:root:[window 2026-09-24T12:02:10Z] QuickPay  n=    3 err=  0.00% p95=  367.3ms top=None
INFO:root:[window 2026-09-24T12:02:05Z] QuickPay  n=    3 err=  0.00% p95=  367.3ms top=None
INFO:root:[window 2026-09-24T12:02:00Z] QuickPay  n=    3 err=  0.00% p95=  367.3ms top=None
INFO:root:[window 2026-09-24T12:01:55Z] QuickPay  n=    3 err=  0.00% p95=  367.3ms top=None
INFO:root:[window 2026-09-24T12:01:50Z] QuickPay  n=    3 err=  0.00% p95=  367.3ms top=None
INFO:root:[window 2026-09-24T12:01:45Z] QuickPay  n=    3 err=  0.00% p95=  367.3ms top=None
INFO:root:[window 2026-09-24T12:01:40Z] QuickPay  n=    3 err=  0.00% p95=  367.3ms top=None
INFO:root:[window 2026-09-24T12:01:35Z] QuickPay  n=    3 err=  0.00% p95=  367.3ms top=None
INFO:root:[window 2026-09-24T12:01:30Z] QuickPay  n=    2 err=  0.00% p95=  290.4ms top=None
INFO:root:[window 2026-09-24T12:02:20Z] QuickPay  n=  178 err=  1.69% p95=  443.1ms top=504_TIMEOUT
INFO:root:[window 2026-09-24T12:02:20Z] FastPay   n= 1067 err=  0.47% p95=  433.8ms top=504_TIMEOUT
INFO:root:[window 2026-09-24T12:02:20Z] SecurePay n=  496 err=  1.41% p95=  445.7ms top=504_TIMEOUT
I0924 17:32:20.473919 9276665 ev_poll_posix.cc:587] FD from fork parent still in poll list: fd(7, generation: 1)
I0924 17:32:20.473991 9276665 ev_poll_posix.cc:587] FD from fork parent still in poll list: fd(3, generation: 1)
I0924 17:32:21.169065 9276796 ev_poll_posix.cc:587] FD from fork parent still in poll list: fd(7, generation: 1)
I0924 17:32:21.169247 9276796 ev_poll_posix.cc:587] FD from fork parent still in poll list: fd(3, generation: 1)
INFO:root:[window 2026-09-24T12:02:20Z] FastPay   n=   49 err=  0.00% p95=  425.1ms top=None
INFO:root:[window 2026-09-24T12:02:15Z] FastPay   n=   49 err=  0.00% p95=  425.1ms top=None
INFO:root:[window 2026-09-24T12:02:10Z] FastPay   n=   49 err=  0.00% p95=  425.1ms top=None
INFO:root:[window 2026-09-24T12:02:05Z] FastPay   n=   49 err=  0.00% p95=  425.1ms top=None
INFO:root:[window 2026-09-24T12:02:00Z] FastPay   n=   49 err=  0.00% p95=  425.1ms top=None
INFO:root:[window 2026-09-24T12:01:55Z] FastPay   n=   49 err=  0.00% p95=  425.1ms top=None
INFO:root:[window 2026-09-24T12:01:50Z] FastPay   n=   49 err=  0.00% p95=  425.1ms top=None
INFO:root:[window 2026-09-24T12:01:45Z] FastPay   n=   49 err=  0.00% p95=  425.1ms top=None
INFO:root:[window 2026-09-24T12:01:40Z] FastPay   n=   36 err=  0.00% p95=  425.1ms top=None
INFO:root:[window 2026-09-24T12:01:35Z] FastPay   n=   10 err=  0.00% p95=  397.2ms top=None
INFO:root:[window 2026-09-24T12:01:30Z] FastPay   n=   10 err=  0.00% p95=  397.2ms top=None
INFO:root:[window 2026-09-24T12:02:20Z] SecurePay n=   19 err=  0.00% p95=  421.8ms top=None
INFO:root:[window 2026-09-24T12:02:15Z] SecurePay n=   19 err=  0.00% p95=  421.8ms top=None
INFO:root:[window 2026-09-24T12:02:10Z] SecurePay n=   19 err=  0.00% p95=  421.8ms top=None
INFO:root:[window 2026-09-24T12:02:05Z] SecurePay n=   19 err=  0.00% p95=  421.8ms top=None
INFO:root:[window 2026-09-24T12:02:00Z] SecurePay n=   19 err=  0.00% p95=  421.8ms top=None
INFO:root:[window 2026-09-24T12:01:55Z] SecurePay n=   19 err=  0.00% p95=  421.8ms top=None
INFO:root:[window 2026-09-24T12:01:50Z] SecurePay n=   19 err=  0.00% p95=  421.8ms top=None
INFO:root:[window 2026-09-24T12:01:45Z] SecurePay n=   19 err=  0.00% p95=  421.8ms top=None
INFO:root:[window 2026-09-24T12:01:40Z] SecurePay n=   15 err=  0.00% p95=  421.8ms top=None
INFO:root:[window 2026-09-24T12:01:35Z] SecurePay n=    3 err=  0.00% p95=  395.9ms top=None
INFO:root:[window 2026-09-24T12:01:30Z] SecurePay n=    3 err=  0.00% p95=  395.9ms top=None
INFO:root:[window 2026-09-24T12:02:20Z] QuickPay  n=    6 err=  0.00% p95=  253.9ms top=None
INFO:root:[window 2026-09-24T12:02:15Z] QuickPay  n=    6 err=  0.00% p95=  253.9ms top=None
INFO:root:[window 2026-09-24T12:02:10Z] QuickPay  n=    6 err=  0.00% p95=  253.9ms top=None
INFO:root:[window 2026-09-24T12:02:05Z] QuickPay  n=    6 err=  0.00% p95=  253.9ms top=None
INFO:root:[window 2026-09-24T12:02:00Z] QuickPay  n=    6 err=  0.00% p95=  253.9ms top=None
INFO:root:[window 2026-09-24T12:01:55Z] QuickPay  n=    6 err=  0.00% p95=  253.9ms top=None
INFO:root:[window 2026-09-24T12:01:50Z] QuickPay  n=    6 err=  0.00% p95=  253.9ms top=None
INFO:root:[window 2026-09-24T12:01:45Z] QuickPay  n=    6 err=  0.00% p95=  253.9ms top=None
INFO:root:[window 2026-09-24T12:01:40Z] QuickPay  n=    3 err=  0.00% p95=  243.3ms top=None
INFO:root:[window 2026-09-24T12:01:35Z] QuickPay  n=    1 err=  0.00% p95=  340.3ms top=None
INFO:root:[window 2026-09-24T12:01:30Z] QuickPay  n=    1 err=  0.00% p95=  340.3ms top=None
I0924 17:32:22.369170 9276939 ev_poll_posix.cc:587] FD from fork parent still in poll list: fd(7, generation: 1)
I0924 17:32:22.369215 9276939 ev_poll_posix.cc:587] FD from fork parent still in poll list: fd(3, generation: 1)
INFO:root:[window 2026-09-24T12:02:20Z] FastPay   n=   12 err=  0.00% p95=  372.6ms top=None
INFO:root:[window 2026-09-24T12:02:15Z] FastPay   n=   12 err=  0.00% p95=  372.6ms top=None
INFO:root:[window 2026-09-24T12:02:10Z] FastPay   n=   12 err=  0.00% p95=  372.6ms top=None
INFO:root:[window 2026-09-24T12:02:05Z] FastPay   n=   12 err=  0.00% p95=  372.6ms top=None
INFO:root:[window 2026-09-24T12:02:00Z] FastPay   n=   12 err=  0.00% p95=  372.6ms top=None
INFO:root:[window 2026-09-24T12:01:55Z] FastPay   n=   12 err=  0.00% p95=  372.6ms top=None
INFO:root:[window 2026-09-24T12:01:50Z] FastPay   n=   12 err=  0.00% p95=  372.6ms top=None
INFO:root:[window 2026-09-24T12:01:45Z] FastPay   n=   12 err=  0.00% p95=  372.6ms top=None
INFO:root:[window 2026-09-24T12:01:40Z] FastPay   n=   12 err=  0.00% p95=  372.6ms top=None
INFO:root:[window 2026-09-24T12:01:35Z] FastPay   n=   12 err=  0.00% p95=  372.6ms top=None
INFO:root:[window 2026-09-24T12:01:30Z] FastPay   n=   12 err=  0.00% p95=  372.6ms top=None
INFO:root:[window 2026-09-24T12:02:20Z] QuickPay  n=    2 err=  0.00% p95=  277.4ms top=None
INFO:root:[window 2026-09-24T12:02:15Z] QuickPay  n=    2 err=  0.00% p95=  277.4ms top=None
INFO:root:[window 2026-09-24T12:02:10Z] QuickPay  n=    2 err=  0.00% p95=  277.4ms top=None
INFO:root:[window 2026-09-24T12:02:05Z] QuickPay  n=    2 err=  0.00% p95=  277.4ms top=None
INFO:root:[window 2026-09-24T12:02:00Z] QuickPay  n=    2 err=  0.00% p95=  277.4ms top=None
INFO:root:[window 2026-09-24T12:01:55Z] QuickPay  n=    2 err=  0.00% p95=  277.4ms top=None
INFO:root:[window 2026-09-24T12:01:50Z] QuickPay  n=    2 err=  0.00% p95=  277.4ms top=None
INFO:root:[window 2026-09-24T12:01:45Z] QuickPay  n=    2 err=  0.00% p95=  277.4ms top=None
INFO:root:[window 2026-09-24T12:01:40Z] QuickPay  n=    2 err=  0.00% p95=  277.4ms top=None
INFO:root:[window 2026-09-24T12:01:35Z] QuickPay  n=    2 err=  0.00% p95=  277.4ms top=None
INFO:root:[window 2026-09-24T12:01:30Z] QuickPay  n=    2 err=  0.00% p95=  277.4ms top=None
INFO:root:[window 2026-09-24T12:02:20Z] SecurePay n=    3 err=  0.00% p95=  255.5ms top=None
INFO:root:[window 2026-09-24T12:02:15Z] SecurePay n=    3 err=  0.00% p95=  255.5ms top=None
INFO:root:[window 2026-09-24T12:02:10Z] SecurePay n=    3 err=  0.00% p95=  255.5ms top=None
INFO:root:[window 2026-09-24T12:02:05Z] SecurePay n=    3 err=  0.00% p95=  255.5ms top=None
INFO:root:[window 2026-09-24T12:02:00Z] SecurePay n=    3 err=  0.00% p95=  255.5ms top=None
INFO:root:[window 2026-09-24T12:01:55Z] SecurePay n=    3 err=  0.00% p95=  255.5ms top=None
INFO:root:[window 2026-09-24T12:01:50Z] SecurePay n=    3 err=  0.00% p95=  255.5ms top=None
INFO:root:[window 2026-09-24T12:01:45Z] SecurePay n=    3 err=  0.00% p95=  255.5ms top=None
INFO:root:[window 2026-09-24T12:01:40Z] SecurePay n=    3 err=  0.00% p95=  255.5ms top=None
INFO:root:[window 2026-09-24T12:01:35Z] SecurePay n=    3 err=  0.00% p95=  255.5ms top=None
INFO:root:[window 2026-09-24T12:01:30Z] SecurePay n=    3 err=  0.00% p95=  255.5ms top=None
I0924 17:32:23.676882 9277130 ev_poll_posix.cc:587] FD from fork parent still in poll list: fd(7, generation: 1)
I0924 17:32:23.676923 9277130 ev_poll_posix.cc:587] FD from fork parent still in poll list: fd(3, generation: 1)
INFO:root:[window 2026-09-24T12:02:20Z] SecurePay n=   24 err=  0.00% p95=  397.0ms top=None
INFO:root:[window 2026-09-24T12:02:15Z] SecurePay n=   24 err=  0.00% p95=  397.0ms top=None
INFO:root:[window 2026-09-24T12:02:10Z] SecurePay n=   24 err=  0.00% p95=  397.0ms top=None
INFO:root:[window 2026-09-24T12:02:05Z] SecurePay n=   24 err=  0.00% p95=  397.0ms top=None
INFO:root:[window 2026-09-24T12:02:00Z] SecurePay n=   24 err=  0.00% p95=  397.0ms top=None
INFO:root:[window 2026-09-24T12:01:55Z] SecurePay n=   24 err=  0.00% p95=  397.0ms top=None
INFO:root:[window 2026-09-24T12:01:50Z] SecurePay n=   24 err=  0.00% p95=  397.0ms top=None
INFO:root:[window 2026-09-24T12:01:45Z] SecurePay n=   24 err=  0.00% p95=  397.0ms top=None
INFO:root:[window 2026-09-24T12:01:40Z] SecurePay n=   19 err=  0.00% p95=  397.0ms top=None
INFO:root:[window 2026-09-24T12:01:35Z] SecurePay n=   11 err=  0.00% p95=  365.4ms top=None
INFO:root:[window 2026-09-24T12:01:30Z] SecurePay n=    5 err=  0.00% p95=  353.0ms top=None
INFO:root:[window 2026-09-24T12:02:20Z] FastPay   n=   32 err=  0.00% p95=  443.3ms top=None
INFO:root:[window 2026-09-24T12:02:15Z] FastPay   n=   32 err=  0.00% p95=  443.3ms top=None
INFO:root:[window 2026-09-24T12:02:10Z] FastPay   n=   32 err=  0.00% p95=  443.3ms top=None
INFO:root:[window 2026-09-24T12:02:05Z] FastPay   n=   32 err=  0.00% p95=  443.3ms top=None
INFO:root:[window 2026-09-24T12:02:00Z] FastPay   n=   32 err=  0.00% p95=  443.3ms top=None
INFO:root:[window 2026-09-24T12:01:55Z] FastPay   n=   32 err=  0.00% p95=  443.3ms top=None
INFO:root:[window 2026-09-24T12:01:50Z] FastPay   n=   32 err=  0.00% p95=  443.3ms top=None
INFO:root:[window 2026-09-24T12:01:45Z] FastPay   n=   32 err=  0.00% p95=  443.3ms top=None
INFO:root:[window 2026-09-24T12:01:40Z] FastPay   n=   29 err=  0.00% p95=  443.3ms top=None
INFO:root:[window 2026-09-24T12:01:35Z] FastPay   n=   17 err=  0.00% p95=  441.2ms top=None
INFO:root:[window 2026-09-24T12:01:30Z] FastPay   n=    4 err=  0.00% p95=  293.9ms top=None
INFO:root:[window 2026-09-24T12:01:05Z] FastPay   n=    1 err=  0.00% p95=  452.2ms top=None
INFO:root:[window 2026-09-24T12:01:00Z] FastPay   n=    1 err=  0.00% p95=  452.2ms top=None
INFO:root:[window 2026-09-24T12:00:55Z] FastPay   n=    1 err=  0.00% p95=  452.2ms top=None
INFO:root:[window 2026-09-24T12:00:50Z] FastPay   n=    1 err=  0.00% p95=  452.2ms top=None
INFO:root:[window 2026-09-24T12:00:45Z] FastPay   n=    1 err=  0.00% p95=  452.2ms top=None
INFO:root:[window 2026-09-24T12:00:40Z] FastPay   n=    1 err=  0.00% p95=  452.2ms top=None
INFO:root:[window 2026-09-24T12:00:35Z] FastPay   n=    1 err=  0.00% p95=  452.2ms top=None
INFO:root:[window 2026-09-24T12:00:30Z] FastPay   n=    1 err=  0.00% p95=  452.2ms top=None
INFO:root:[window 2026-09-24T12:00:25Z] FastPay   n=    1 err=  0.00% p95=  452.2ms top=None
INFO:root:[window 2026-09-24T12:02:20Z] QuickPay  n=    6 err=  0.00% p95=  330.4ms top=None
INFO:root:[window 2026-09-24T12:02:15Z] QuickPay  n=    6 err=  0.00% p95=  330.4ms top=None
INFO:root:[window 2026-09-24T12:02:10Z] QuickPay  n=    6 err=  0.00% p95=  330.4ms top=None
INFO:root:[window 2026-09-24T12:02:05Z] QuickPay  n=    6 err=  0.00% p95=  330.4ms top=None
INFO:root:[window 2026-09-24T12:02:00Z] QuickPay  n=    6 err=  0.00% p95=  330.4ms top=None
INFO:root:[window 2026-09-24T12:01:55Z] QuickPay  n=    6 err=  0.00% p95=  330.4ms top=None
INFO:root:[window 2026-09-24T12:01:50Z] QuickPay  n=    6 err=  0.00% p95=  330.4ms top=None
INFO:root:[window 2026-09-24T12:01:45Z] QuickPay  n=    6 err=  0.00% p95=  330.4ms top=None
INFO:root:[window 2026-09-24T12:01:40Z] QuickPay  n=    5 err=  0.00% p95=  330.4ms top=None
INFO:root:[window 2026-09-24T12:01:35Z] QuickPay  n=    2 err=  0.00% p95=  322.8ms top=None
INFO:root:[window 2026-09-24T12:01:30Z] QuickPay  n=    3 err=  0.00% p95=  322.8ms top=None
INFO:root:[window 2026-09-24T12:01:25Z] QuickPay  n=    2 err=  0.00% p95=  233.7ms top=None
INFO:root:[window 2026-09-24T12:01:20Z] QuickPay  n=    2 err=  0.00% p95=  233.7ms top=None
INFO:root:[window 2026-09-24T12:01:15Z] QuickPay  n=    2 err=  0.00% p95=  233.7ms top=None
INFO:root:[window 2026-09-24T12:01:10Z] QuickPay  n=    2 err=  0.00% p95=  233.7ms top=None
INFO:root:[window 2026-09-24T12:01:05Z] QuickPay  n=    2 err=  0.00% p95=  233.7ms top=None
INFO:root:[window 2026-09-24T12:01:00Z] QuickPay  n=    2 err=  0.00% p95=  233.7ms top=None
INFO:root:[window 2026-09-24T12:00:55Z] QuickPay  n=    2 err=  0.00% p95=  233.7ms top=None
INFO:root:[window 2026-09-24T12:00:50Z] QuickPay  n=    2 err=  0.00% p95=  233.7ms top=None
INFO:root:[window 2026-09-24T12:00:45Z] QuickPay  n=    2 err=  0.00% p95=  233.7ms top=None
INFO:root:[window 2026-09-24T12:00:40Z] QuickPay  n=    2 err=  0.00% p95=  233.7ms top=None
INFO:root:[window 2026-09-24T12:00:35Z] QuickPay  n=    2 err=  0.00% p95=  233.7ms top=None
INFO:root:[window 2026-09-24T12:00:30Z] QuickPay  n=    1 err=  0.00% p95=  367.6ms top=None
INFO:root:[window 2026-09-24T12:02:25Z] QuickPay  n=  137 err=  1.46% p95=  433.2ms top=504_TIMEOUT
INFO:root:[window 2026-09-24T12:02:25Z] FastPay   n=  784 err=  0.38% p95=  439.6ms top=504_TIMEOUT
INFO:root:[window 2026-09-24T12:02:25Z] SecurePay n=  377 err=  1.33% p95=  445.7ms top=504_TIMEOUT
I0924 17:32:25.683218 9277368 ev_poll_posix.cc:587] FD from fork parent still in poll list: fd(7, generation: 1)
I0924 17:32:25.683276 9277368 ev_poll_posix.cc:587] FD from fork parent still in poll list: fd(3, generation: 1)
I0924 17:32:26.144254 9277485 ev_poll_posix.cc:587] FD from fork parent still in poll list: fd(7, generation: 1)
I0924 17:32:26.144302 9277485 ev_poll_posix.cc:587] FD from fork parent still in poll list: fd(3, generation: 1)
INFO:root:[window 2026-09-24T12:02:25Z] FastPay   n=   15 err=  0.00% p95=  389.6ms top=None
INFO:root:[window 2026-09-24T12:02:20Z] FastPay   n=   15 err=  0.00% p95=  389.6ms top=None
INFO:root:[window 2026-09-24T12:02:15Z] FastPay   n=   15 err=  0.00% p95=  389.6ms top=None
INFO:root:[window 2026-09-24T12:02:10Z] FastPay   n=   15 err=  0.00% p95=  389.6ms top=None
INFO:root:[window 2026-09-24T12:02:05Z] FastPay   n=   15 err=  0.00% p95=  389.6ms top=None
INFO:root:[window 2026-09-24T12:02:00Z] FastPay   n=   15 err=  0.00% p95=  389.6ms top=None
INFO:root:[window 2026-09-24T12:01:55Z] FastPay   n=   15 err=  0.00% p95=  389.6ms top=None
INFO:root:[window 2026-09-24T12:01:50Z] FastPay   n=   15 err=  0.00% p95=  389.6ms top=None
INFO:root:[window 2026-09-24T12:01:45Z] FastPay   n=   15 err=  0.00% p95=  389.6ms top=None
INFO:root:[window 2026-09-24T12:01:40Z] FastPay   n=   15 err=  0.00% p95=  389.6ms top=None
INFO:root:[window 2026-09-24T12:01:35Z] FastPay   n=   15 err=  0.00% p95=  389.6ms top=None
INFO:root:[window 2026-09-24T12:01:30Z] FastPay   n=    9 err=  0.00% p95=  363.5ms top=None
INFO:root:[window 2026-09-24T12:01:25Z] FastPay   n=    1 err=  0.00% p95=  175.7ms top=None
INFO:root:[window 2026-09-24T12:01:20Z] FastPay   n=    1 err=  0.00% p95=  175.7ms top=None
INFO:root:[window 2026-09-24T12:01:15Z] FastPay   n=    1 err=  0.00% p95=  175.7ms top=None
INFO:root:[window 2026-09-24T12:01:10Z] FastPay   n=    1 err=  0.00% p95=  175.7ms top=None
INFO:root:[window 2026-09-24T12:01:05Z] FastPay   n=    1 err=  0.00% p95=  175.7ms top=None
INFO:root:[window 2026-09-24T12:01:00Z] FastPay   n=    1 err=  0.00% p95=  175.7ms top=None
INFO:root:[window 2026-09-24T12:00:55Z] FastPay   n=    1 err=  0.00% p95=  175.7ms top=None
INFO:root:[window 2026-09-24T12:00:50Z] FastPay   n=    1 err=  0.00% p95=  175.7ms top=None
INFO:root:[window 2026-09-24T12:00:45Z] FastPay   n=    1 err=  0.00% p95=  175.7ms top=None
INFO:root:[window 2026-09-24T12:00:40Z] FastPay   n=    1 err=  0.00% p95=  175.7ms top=None
INFO:root:[window 2026-09-24T12:00:35Z] FastPay   n=    1 err=  0.00% p95=  175.7ms top=None
INFO:root:[window 2026-09-24T12:00:30Z] FastPay   n=    1 err=  0.00% p95=  175.7ms top=None
INFO:root:[window 2026-09-24T12:02:25Z] SecurePay n=    7 err=  0.00% p95=  319.4ms top=None
INFO:root:[window 2026-09-24T12:02:20Z] SecurePay n=    7 err=  0.00% p95=  319.4ms top=None
INFO:root:[window 2026-09-24T12:02:15Z] SecurePay n=    7 err=  0.00% p95=  319.4ms top=None
INFO:root:[window 2026-09-24T12:02:10Z] SecurePay n=    7 err=  0.00% p95=  319.4ms top=None
INFO:root:[window 2026-09-24T12:02:05Z] SecurePay n=    7 err=  0.00% p95=  319.4ms top=None
INFO:root:[window 2026-09-24T12:02:00Z] SecurePay n=    7 err=  0.00% p95=  319.4ms top=None
INFO:root:[window 2026-09-24T12:01:55Z] SecurePay n=    7 err=  0.00% p95=  319.4ms top=None
INFO:root:[window 2026-09-24T12:01:50Z] SecurePay n=    7 err=  0.00% p95=  319.4ms top=None
INFO:root:[window 2026-09-24T12:01:45Z] SecurePay n=    7 err=  0.00% p95=  319.4ms top=None
INFO:root:[window 2026-09-24T12:01:40Z] SecurePay n=    7 err=  0.00% p95=  319.4ms top=None
INFO:root:[window 2026-09-24T12:01:35Z] SecurePay n=    7 err=  0.00% p95=  319.4ms top=None
INFO:root:[window 2026-09-24T12:01:30Z] SecurePay n=    7 err=  0.00% p95=  319.4ms top=None
INFO:root:[window 2026-09-24T12:02:25Z] QuickPay  n=    6 err=  0.00% p95=  324.8ms top=None
INFO:root:[window 2026-09-24T12:02:20Z] QuickPay  n=    6 err=  0.00% p95=  324.8ms top=None
INFO:root:[window 2026-09-24T12:02:15Z] QuickPay  n=    6 err=  0.00% p95=  324.8ms top=None
INFO:root:[window 2026-09-24T12:02:10Z] QuickPay  n=    6 err=  0.00% p95=  324.8ms top=None
INFO:root:[window 2026-09-24T12:02:05Z] QuickPay  n=    6 err=  0.00% p95=  324.8ms top=None
INFO:root:[window 2026-09-24T12:02:00Z] QuickPay  n=    6 err=  0.00% p95=  324.8ms top=None
INFO:root:[window 2026-09-24T12:01:55Z] QuickPay  n=    6 err=  0.00% p95=  324.8ms top=None
INFO:root:[window 2026-09-24T12:01:50Z] QuickPay  n=    6 err=  0.00% p95=  324.8ms top=None
INFO:root:[window 2026-09-24T12:01:45Z] QuickPay  n=    6 err=  0.00% p95=  324.8ms top=None
INFO:root:[window 2026-09-24T12:01:40Z] QuickPay  n=    6 err=  0.00% p95=  324.8ms top=None
INFO:root:[window 2026-09-24T12:01:35Z] QuickPay  n=    6 err=  0.00% p95=  324.8ms top=None
INFO:root:[window 2026-09-24T12:01:30Z] QuickPay  n=    4 err=  0.00% p95=  269.8ms top=None
I0924 17:32:30.113957 9277837 ev_poll_posix.cc:587] FD from fork parent still in poll list: fd(7, generation: 1)
INFO:root:[window 2026-09-24T12:02:25Z] QuickPay  n=   88 err=  1.14% p95=  426.2ms top=504_TIMEOUT
INFO:root:[window 2026-09-24T12:02:20Z] QuickPay  n=   88 err=  1.14% p95=  426.2ms top=504_TIMEOUT
INFO:root:[window 2026-09-24T12:02:15Z] QuickPay  n=   88 err=  1.14% p95=  426.2ms top=504_TIMEOUT
INFO:root:[window 2026-09-24T12:02:10Z] QuickPay  n=   88 err=  1.14% p95=  426.2ms top=504_TIMEOUT
INFO:root:[window 2026-09-24T12:02:05Z] QuickPay  n=   88 err=  1.14% p95=  426.2ms top=504_TIMEOUT
INFO:root:[window 2026-09-24T12:02:00Z] QuickPay  n=   88 err=  1.14% p95=  426.2ms top=504_TIMEOUT
INFO:root:[window 2026-09-24T12:01:55Z] QuickPay  n=   88 err=  1.14% p95=  426.2ms top=504_TIMEOUT
INFO:root:[window 2026-09-24T12:01:50Z] QuickPay  n=   68 err=  1.47% p95=  433.7ms top=504_TIMEOUT
INFO:root:[window 2026-09-24T12:01:45Z] QuickPay  n=   43 err=  2.33% p95=  415.6ms top=504_TIMEOUT
INFO:root:[window 2026-09-24T12:01:40Z] QuickPay  n=   43 err=  2.33% p95=  415.6ms top=504_TIMEOUT
INFO:root:[window 2026-09-24T12:01:35Z] QuickPay  n=    3 err=  0.00% p95=  358.0ms top=None
INFO:root:[window 2026-09-24T12:01:30Z] QuickPay  n=    2 err=  0.00% p95=  202.2ms top=None
INFO:root:[window 2026-09-24T12:01:25Z] QuickPay  n=    1 err=  0.00% p95=  202.2ms top=None
INFO:root:[window 2026-09-24T12:01:20Z] QuickPay  n=    1 err=  0.00% p95=  202.2ms top=None
INFO:root:[window 2026-09-24T12:01:15Z] QuickPay  n=    1 err=  0.00% p95=  202.2ms top=None
INFO:root:[window 2026-09-24T12:01:10Z] QuickPay  n=    1 err=  0.00% p95=  202.2ms top=None
INFO:root:[window 2026-09-24T12:01:05Z] QuickPay  n=    1 err=  0.00% p95=  202.2ms top=None
INFO:root:[window 2026-09-24T12:01:00Z] QuickPay  n=    1 err=  0.00% p95=  202.2ms top=None
INFO:root:[window 2026-09-24T12:00:55Z] QuickPay  n=    1 err=  0.00% p95=  202.2ms top=None
INFO:root:[window 2026-09-24T12:00:50Z] QuickPay  n=    1 err=  0.00% p95=  202.2ms top=None
INFO:root:[window 2026-09-24T12:00:45Z] QuickPay  n=    1 err=  0.00% p95=  202.2ms top=None
INFO:root:[window 2026-09-24T12:00:40Z] QuickPay  n=    1 err=  0.00% p95=  202.2ms top=None
INFO:root:[window 2026-09-24T12:02:25Z] SecurePay n=  296 err=  1.01% p95=  432.7ms top=504_TIMEOUT
INFO:root:[window 2026-09-24T12:02:20Z] SecurePay n=  296 err=  1.01% p95=  432.7ms top=504_TIMEOUT
INFO:root:[window 2026-09-24T12:02:15Z] SecurePay n=  296 err=  1.01% p95=  432.7ms top=504_TIMEOUT
INFO:root:[window 2026-09-24T12:02:10Z] SecurePay n=  296 err=  1.01% p95=  432.7ms top=504_TIMEOUT
INFO:root:[window 2026-09-24T12:02:05Z] SecurePay n=  296 err=  1.01% p95=  432.7ms top=504_TIMEOUT
INFO:root:[window 2026-09-24T12:02:00Z] SecurePay n=  296 err=  1.01% p95=  432.7ms top=504_TIMEOUT
INFO:root:[window 2026-09-24T12:01:55Z] SecurePay n=  296 err=  1.01% p95=  432.7ms top=504_TIMEOUT
INFO:root:[window 2026-09-24T12:01:50Z] SecurePay n=  236 err=  0.85% p95=  435.4ms top=504_TIMEOUT
INFO:root:[window 2026-09-24T12:01:45Z] SecurePay n=  169 err=  1.18% p95=  441.8ms top=504_TIMEOUT
INFO:root:[window 2026-09-24T12:01:40Z] SecurePay n=  162 err=  1.23% p95=  435.5ms top=504_TIMEOUT
INFO:root:[window 2026-09-24T12:01:35Z] SecurePay n=    7 err=  0.00% p95=  413.2ms top=None
INFO:root:[window 2026-09-24T12:01:30Z] SecurePay n=    5 err=  0.00% p95=  363.2ms top=None
INFO:root:[window 2026-09-24T12:01:20Z] SecurePay n=    4 err=  0.00% p95=  380.5ms top=None
INFO:root:[window 2026-09-24T12:01:15Z] SecurePay n=    4 err=  0.00% p95=  380.5ms top=None
INFO:root:[window 2026-09-24T12:01:10Z] SecurePay n=    4 err=  0.00% p95=  380.5ms top=None
INFO:root:[window 2026-09-24T12:01:05Z] SecurePay n=    4 err=  0.00% p95=  380.5ms top=None
INFO:root:[window 2026-09-24T12:01:00Z] SecurePay n=    4 err=  0.00% p95=  380.5ms top=None
INFO:root:[window 2026-09-24T12:00:55Z] SecurePay n=    4 err=  0.00% p95=  380.5ms top=None
INFO:root:[window 2026-09-24T12:00:50Z] SecurePay n=    4 err=  0.00% p95=  380.5ms top=None
INFO:root:[window 2026-09-24T12:00:45Z] SecurePay n=    4 err=  0.00% p95=  380.5ms top=None
INFO:root:[window 2026-09-24T12:00:40Z] SecurePay n=    4 err=  0.00% p95=  380.5ms top=None
INFO:root:[window 2026-09-24T12:00:35Z] SecurePay n=    3 err=  0.00% p95=  380.5ms top=None
INFO:root:[window 2026-09-24T12:00:30Z] SecurePay n=    2 err=  0.00% p95=  380.5ms top=None
INFO:root:[window 2026-09-24T12:01:25Z] SecurePay n=    3 err=  0.00% p95=  363.2ms top=None
INFO:root:[window 2026-09-24T12:02:25Z] FastPay   n=  509 err=  1.18% p95=  439.6ms top=504_TIMEOUT
INFO:root:[window 2026-09-24T12:02:20Z] FastPay   n=  509 err=  1.18% p95=  439.6ms top=504_TIMEOUT
INFO:root:[window 2026-09-24T12:02:15Z] FastPay   n=  509 err=  1.18% p95=  439.6ms top=504_TIMEOUT
INFO:root:[window 2026-09-24T12:02:10Z] FastPay   n=  509 err=  1.18% p95=  439.6ms top=504_TIMEOUT
INFO:root:[window 2026-09-24T12:02:05Z] FastPay   n=  509 err=  1.18% p95=  439.6ms top=504_TIMEOUT
INFO:root:[window 2026-09-24T12:02:00Z] FastPay   n=  509 err=  1.18% p95=  439.6ms top=504_TIMEOUT
INFO:root:[window 2026-09-24T12:01:55Z] FastPay   n=  509 err=  1.18% p95=  439.6ms top=504_TIMEOUT
INFO:root:[window 2026-09-24T12:01:50Z] FastPay   n=  407 err=  1.47% p95=  439.1ms top=504_TIMEOUT
INFO:root:[window 2026-09-24T12:01:45Z] FastPay   n=  303 err=  1.32% p95=  439.1ms top=504_TIMEOUT
INFO:root:[window 2026-09-24T12:01:40Z] FastPay   n=  290 err=  1.38% p95=  439.6ms top=504_TIMEOUT
INFO:root:[window 2026-09-24T12:01:35Z] FastPay   n=   19 err=  0.00% p95=  373.0ms top=None
INFO:root:[window 2026-09-24T12:01:30Z] FastPay   n=   13 err=  0.00% p95=  364.6ms top=None
INFO:root:[window 2026-09-24T12:01:10Z] FastPay   n=    7 err=  0.00% p95=  277.6ms top=None
INFO:root:[window 2026-09-24T12:01:05Z] FastPay   n=    7 err=  0.00% p95=  277.6ms top=None
INFO:root:[window 2026-09-24T12:01:00Z] FastPay   n=    7 err=  0.00% p95=  277.6ms top=None
INFO:root:[window 2026-09-24T12:00:55Z] FastPay   n=    7 err=  0.00% p95=  277.6ms top=None
INFO:root:[window 2026-09-24T12:00:50Z] FastPay   n=    7 err=  0.00% p95=  277.6ms top=None
INFO:root:[window 2026-09-24T12:00:45Z] FastPay   n=    6 err=  0.00% p95=  263.4ms top=None
INFO:root:[window 2026-09-24T12:00:40Z] FastPay   n=    6 err=  0.00% p95=  263.4ms top=None
INFO:root:[window 2026-09-24T12:00:35Z] FastPay   n=    5 err=  0.00% p95=  261.8ms top=None
INFO:root:[window 2026-09-24T12:00:30Z] FastPay   n=    4 err=  0.00% p95=  261.8ms top=None
INFO:root:[window 2026-09-24T12:01:15Z] FastPay   n=    5 err=  0.00% p95=  277.6ms top=None
INFO:root:[window 2026-09-24T12:01:25Z] FastPay   n=    4 err=  0.00% p95=  277.6ms top=None
INFO:root:[window 2026-09-24T12:01:20Z] FastPay   n=    4 err=  0.00% p95=  277.6ms top=None
INFO:root:[window 2026-09-24T12:02:30Z] QuickPay  n=  169 err=  0.59% p95=  430.2ms top=504_TIMEOUT
INFO:root:[window 2026-09-24T12:02:30Z] FastPay   n=  923 err=  0.98% p95=  443.7ms top=504_TIMEOUT
INFO:root:[window 2026-09-24T12:02:30Z] SecurePay n=  495 err=  1.01% p95=  443.7ms top=504_TIMEOUT
I0924 17:32:32.062443 9278107 ev_poll_posix.cc:587] FD from fork parent still in poll list: fd(7, generation: 1)
I0924 17:32:32.062507 9278107 ev_poll_posix.cc:587] FD from fork parent still in poll list: fd(3, generation: 1)
I0924 17:32:32.500619 9278205 ev_poll_posix.cc:587] FD from fork parent still in poll list: fd(7, generation: 1)
I0924 17:32:32.500672 9278205 ev_poll_posix.cc:587] FD from fork parent still in poll list: fd(3, generation: 1)
INFO:root:[window 2026-09-24T12:02:25Z] QuickPay  n=   30 err=  0.00% p95=  431.3ms top=None
INFO:root:[window 2026-09-24T12:02:20Z] QuickPay  n=   30 err=  0.00% p95=  431.3ms top=None
INFO:root:[window 2026-09-24T12:02:15Z] QuickPay  n=   30 err=  0.00% p95=  431.3ms top=None
INFO:root:[window 2026-09-24T12:02:10Z] QuickPay  n=   30 err=  0.00% p95=  431.3ms top=None
INFO:root:[window 2026-09-24T12:02:05Z] QuickPay  n=   30 err=  0.00% p95=  431.3ms top=None
INFO:root:[window 2026-09-24T12:02:00Z] QuickPay  n=   30 err=  0.00% p95=  431.3ms top=None
INFO:root:[window 2026-09-24T12:01:55Z] QuickPay  n=   30 err=  0.00% p95=  431.3ms top=None
INFO:root:[window 2026-09-24T12:01:50Z] QuickPay  n=   30 err=  0.00% p95=  431.3ms top=None
INFO:root:[window 2026-09-24T12:01:45Z] QuickPay  n=   30 err=  0.00% p95=  431.3ms top=None
INFO:root:[window 2026-09-24T12:01:40Z] QuickPay  n=   30 err=  0.00% p95=  431.3ms top=None
INFO:root:[window 2026-09-24T12:01:35Z] QuickPay  n=   30 err=  0.00% p95=  431.3ms top=None
INFO:root:[window 2026-09-24T12:01:30Z] QuickPay  n=    1 err=  0.00% p95=  202.6ms top=None
INFO:root:[window 2026-09-24T12:02:30Z] QuickPay  n=   29 err=  0.00% p95=  431.3ms top=None
INFO:root:[window 2026-09-24T12:02:25Z] FastPay   n=  158 err=  1.27% p95=  420.7ms top=502_BAD_GATEWAY
INFO:root:[window 2026-09-24T12:02:20Z] FastPay   n=  158 err=  1.27% p95=  420.7ms top=502_BAD_GATEWAY
INFO:root:[window 2026-09-24T12:02:15Z] FastPay   n=  158 err=  1.27% p95=  420.7ms top=502_BAD_GATEWAY
INFO:root:[window 2026-09-24T12:02:10Z] FastPay   n=  158 err=  1.27% p95=  420.7ms top=502_BAD_GATEWAY
INFO:root:[window 2026-09-24T12:02:05Z] FastPay   n=  158 err=  1.27% p95=  420.7ms top=502_BAD_GATEWAY
INFO:root:[window 2026-09-24T12:02:00Z] FastPay   n=  158 err=  1.27% p95=  420.7ms top=502_BAD_GATEWAY
INFO:root:[window 2026-09-24T12:01:55Z] FastPay   n=  158 err=  1.27% p95=  420.7ms top=502_BAD_GATEWAY
INFO:root:[window 2026-09-24T12:01:50Z] FastPay   n=  158 err=  1.27% p95=  420.7ms top=502_BAD_GATEWAY
INFO:root:[window 2026-09-24T12:01:45Z] FastPay   n=  158 err=  1.27% p95=  420.7ms top=502_BAD_GATEWAY
INFO:root:[window 2026-09-24T12:01:40Z] FastPay   n=  158 err=  1.27% p95=  420.7ms top=502_BAD_GATEWAY
INFO:root:[window 2026-09-24T12:01:35Z] FastPay   n=  158 err=  1.27% p95=  420.7ms top=502_BAD_GATEWAY
INFO:root:[window 2026-09-24T12:01:30Z] FastPay   n=   15 err=  0.00% p95=  405.4ms top=None
INFO:root:[window 2026-09-24T12:02:30Z] FastPay   n=  143 err=  1.40% p95=  420.2ms top=502_BAD_GATEWAY
INFO:root:[window 2026-09-24T12:02:25Z] SecurePay n=   66 err=  0.00% p95=  409.9ms top=None
INFO:root:[window 2026-09-24T12:02:20Z] SecurePay n=   66 err=  0.00% p95=  409.9ms top=None
INFO:root:[window 2026-09-24T12:02:15Z] SecurePay n=   66 err=  0.00% p95=  409.9ms top=None
INFO:root:[window 2026-09-24T12:02:10Z] SecurePay n=   66 err=  0.00% p95=  409.9ms top=None
INFO:root:[window 2026-09-24T12:02:05Z] SecurePay n=   66 err=  0.00% p95=  409.9ms top=None
INFO:root:[window 2026-09-24T12:02:00Z] SecurePay n=   66 err=  0.00% p95=  409.9ms top=None
INFO:root:[window 2026-09-24T12:01:55Z] SecurePay n=   66 err=  0.00% p95=  409.9ms top=None
INFO:root:[window 2026-09-24T12:01:50Z] SecurePay n=   66 err=  0.00% p95=  409.9ms top=None
INFO:root:[window 2026-09-24T12:01:45Z] SecurePay n=   66 err=  0.00% p95=  409.9ms top=None
INFO:root:[window 2026-09-24T12:01:40Z] SecurePay n=   66 err=  0.00% p95=  409.9ms top=None
INFO:root:[window 2026-09-24T12:01:35Z] SecurePay n=   66 err=  0.00% p95=  409.9ms top=None
INFO:root:[window 2026-09-24T12:01:30Z] SecurePay n=    4 err=  0.00% p95=  332.2ms top=None
INFO:root:[window 2026-09-24T12:02:30Z] SecurePay n=   62 err=  0.00% p95=  409.9ms top=None
I0924 17:32:35.081001 9278506 ev_poll_posix.cc:587] FD from fork parent still in poll list: fd(7, generation: 1)
I0924 17:32:35.081050 9278506 ev_poll_posix.cc:587] FD from fork parent still in poll list: fd(3, generation: 1)
INFO:root:[window 2026-09-24T12:02:30Z] FastPay   n=  600 err=  0.83% p95=  440.9ms top=504_TIMEOUT
INFO:root:[window 2026-09-24T12:02:25Z] FastPay   n=  608 err=  0.82% p95=  440.9ms top=504_TIMEOUT
INFO:root:[window 2026-09-24T12:02:20Z] FastPay   n=  608 err=  0.82% p95=  440.9ms top=504_TIMEOUT
INFO:root:[window 2026-09-24T12:02:15Z] FastPay   n=  608 err=  0.82% p95=  440.9ms top=504_TIMEOUT
INFO:root:[window 2026-09-24T12:02:10Z] FastPay   n=  608 err=  0.82% p95=  440.9ms top=504_TIMEOUT
INFO:root:[window 2026-09-24T12:02:05Z] FastPay   n=  425 err=  0.94% p95=  438.5ms top=504_TIMEOUT
INFO:root:[window 2026-09-24T12:02:00Z] FastPay   n=  425 err=  0.94% p95=  438.5ms top=504_TIMEOUT
INFO:root:[window 2026-09-24T12:01:55Z] FastPay   n=  408 err=  0.98% p95=  438.5ms top=504_TIMEOUT
INFO:root:[window 2026-09-24T12:01:50Z] FastPay   n=  279 err=  0.72% p95=  415.9ms top=504_TIMEOUT
INFO:root:[window 2026-09-24T12:01:45Z] FastPay   n=  279 err=  0.72% p95=  415.9ms top=504_TIMEOUT
INFO:root:[window 2026-09-24T12:01:40Z] FastPay   n=   14 err=  0.00% p95=  415.9ms top=None
INFO:root:[window 2026-09-24T12:01:35Z] FastPay   n=   13 err=  7.69% p95=  471.7ms top=504_TIMEOUT
INFO:root:[window 2026-09-24T12:01:30Z] FastPay   n=   13 err=  7.69% p95=  471.7ms top=504_TIMEOUT
INFO:root:[window 2026-09-24T12:01:25Z] FastPay   n=    6 err= 16.67% p95=  460.6ms top=504_TIMEOUT
INFO:root:[window 2026-09-24T12:01:20Z] FastPay   n=    6 err= 16.67% p95=  460.6ms top=504_TIMEOUT
INFO:root:[window 2026-09-24T12:01:15Z] FastPay   n=    6 err= 16.67% p95=  460.6ms top=504_TIMEOUT
INFO:root:[window 2026-09-24T12:01:10Z] FastPay   n=    6 err= 16.67% p95=  460.6ms top=504_TIMEOUT
INFO:root:[window 2026-09-24T12:01:05Z] FastPay   n=    4 err= 25.00% p95=  460.6ms top=504_TIMEOUT
INFO:root:[window 2026-09-24T12:01:00Z] FastPay   n=    4 err= 25.00% p95=  460.6ms top=504_TIMEOUT
INFO:root:[window 2026-09-24T12:00:55Z] FastPay   n=    3 err= 33.33% p95=  460.6ms top=504_TIMEOUT
INFO:root:[window 2026-09-24T12:00:50Z] FastPay   n=    3 err= 33.33% p95=  460.6ms top=504_TIMEOUT
INFO:root:[window 2026-09-24T12:00:45Z] FastPay   n=    3 err= 33.33% p95=  460.6ms top=504_TIMEOUT
INFO:root:[window 2026-09-24T12:00:40Z] FastPay   n=    3 err= 33.33% p95=  460.6ms top=504_TIMEOUT
INFO:root:[window 2026-09-24T12:00:35Z] FastPay   n=    1 err=  0.00% p95=  460.6ms top=None
INFO:root:[window 2026-09-24T12:02:30Z] SecurePay n=  287 err=  0.00% p95=  418.9ms top=None
INFO:root:[window 2026-09-24T12:02:25Z] SecurePay n=  290 err=  0.00% p95=  418.9ms top=None
INFO:root:[window 2026-09-24T12:02:20Z] SecurePay n=  290 err=  0.00% p95=  418.9ms top=None
INFO:root:[window 2026-09-24T12:02:15Z] SecurePay n=  290 err=  0.00% p95=  418.9ms top=None
INFO:root:[window 2026-09-24T12:02:10Z] SecurePay n=  290 err=  0.00% p95=  418.9ms top=None
INFO:root:[window 2026-09-24T12:02:05Z] SecurePay n=  179 err=  0.00% p95=  422.6ms top=None
INFO:root:[window 2026-09-24T12:02:00Z] SecurePay n=  179 err=  0.00% p95=  422.6ms top=None
INFO:root:[window 2026-09-24T12:01:55Z] SecurePay n=  173 err=  0.00% p95=  422.6ms top=None
INFO:root:[window 2026-09-24T12:01:50Z] SecurePay n=  113 err=  0.00% p95=  422.6ms top=None
INFO:root:[window 2026-09-24T12:01:45Z] SecurePay n=  114 err=  0.00% p95=  422.6ms top=None
INFO:root:[window 2026-09-24T12:01:40Z] SecurePay n=    5 err=  0.00% p95=  364.8ms top=None
INFO:root:[window 2026-09-24T12:01:35Z] SecurePay n=    5 err=  0.00% p95=  339.4ms top=None
INFO:root:[window 2026-09-24T12:01:30Z] SecurePay n=    5 err=  0.00% p95=  339.4ms top=None
INFO:root:[window 2026-09-24T12:01:25Z] SecurePay n=    4 err=  0.00% p95=  364.8ms top=None
INFO:root:[window 2026-09-24T12:01:20Z] SecurePay n=    4 err=  0.00% p95=  364.8ms top=None
INFO:root:[window 2026-09-24T12:01:15Z] SecurePay n=    5 err=  0.00% p95=  364.8ms top=None
INFO:root:[window 2026-09-24T12:01:10Z] SecurePay n=    5 err=  0.00% p95=  364.8ms top=None
INFO:root:[window 2026-09-24T12:01:05Z] SecurePay n=    5 err=  0.00% p95=  364.8ms top=None
INFO:root:[window 2026-09-24T12:01:00Z] SecurePay n=    5 err=  0.00% p95=  364.8ms top=None
INFO:root:[window 2026-09-24T12:00:55Z] SecurePay n=    5 err=  0.00% p95=  364.8ms top=None
INFO:root:[window 2026-09-24T12:00:50Z] SecurePay n=    5 err=  0.00% p95=  364.8ms top=None
INFO:root:[window 2026-09-24T12:00:45Z] SecurePay n=    4 err=  0.00% p95=  323.1ms top=None
INFO:root:[window 2026-09-24T12:00:40Z] SecurePay n=    4 err=  0.00% p95=  323.1ms top=None
INFO:root:[window 2026-09-24T12:00:35Z] SecurePay n=    3 err=  0.00% p95=  323.1ms top=None
INFO:root:[window 2026-09-24T12:02:25Z] QuickPay  n=   90 err=  2.22% p95=  439.7ms top=504_TIMEOUT
INFO:root:[window 2026-09-24T12:02:20Z] QuickPay  n=   90 err=  2.22% p95=  439.7ms top=504_TIMEOUT
INFO:root:[window 2026-09-24T12:02:15Z] QuickPay  n=   90 err=  2.22% p95=  439.7ms top=504_TIMEOUT
INFO:root:[window 2026-09-24T12:02:10Z] QuickPay  n=   90 err=  2.22% p95=  439.7ms top=504_TIMEOUT
INFO:root:[window 2026-09-24T12:02:05Z] QuickPay  n=   64 err=  1.56% p95=  431.3ms top=504_TIMEOUT
INFO:root:[window 2026-09-24T12:02:00Z] QuickPay  n=   64 err=  1.56% p95=  431.3ms top=504_TIMEOUT
INFO:root:[window 2026-09-24T12:01:55Z] QuickPay  n=   62 err=  1.61% p95=  431.3ms top=504_TIMEOUT
INFO:root:[window 2026-09-24T12:01:50Z] QuickPay  n=   40 err=  2.50% p95=  441.8ms top=504_TIMEOUT
INFO:root:[window 2026-09-24T12:01:45Z] QuickPay  n=   40 err=  2.50% p95=  441.8ms top=504_TIMEOUT
INFO:root:[window 2026-09-24T12:01:40Z] QuickPay  n=    3 err=  0.00% p95=  394.2ms top=None
INFO:root:[window 2026-09-24T12:01:35Z] QuickPay  n=    4 err=  0.00% p95=  394.2ms top=None
INFO:root:[window 2026-09-24T12:01:30Z] QuickPay  n=    4 err=  0.00% p95=  394.2ms top=None
INFO:root:[window 2026-09-24T12:02:30Z] QuickPay  n=   87 err=  2.30% p95=  439.7ms top=504_TIMEOUT
INFO:root:[window 2026-09-24T12:01:25Z] QuickPay  n=    1 err=  0.00% p95=  233.9ms top=None
INFO:root:[window 2026-09-24T12:01:20Z] QuickPay  n=    1 err=  0.00% p95=  233.9ms top=None
INFO:root:[window 2026-09-24T12:01:15Z] QuickPay  n=    1 err=  0.00% p95=  233.9ms top=None
INFO:root:[window 2026-09-24T12:01:10Z] QuickPay  n=    1 err=  0.00% p95=  233.9ms top=None
INFO:root:[window 2026-09-24T12:01:05Z] QuickPay  n=    1 err=  0.00% p95=  233.9ms top=None
INFO:root:[window 2026-09-24T12:01:00Z] QuickPay  n=    1 err=  0.00% p95=  233.9ms top=None
INFO:root:[window 2026-09-24T12:00:55Z] QuickPay  n=    1 err=  0.00% p95=  233.9ms top=None
INFO:root:[window 2026-09-24T12:00:50Z] QuickPay  n=    1 err=  0.00% p95=  233.9ms top=None
INFO:root:[window 2026-09-24T12:00:45Z] QuickPay  n=    1 err=  0.00% p95=  233.9ms top=None
INFO:root:[window 2026-09-24T12:00:40Z] QuickPay  n=    1 err=  0.00% p95=  233.9ms top=None
INFO:root:[window 2026-09-24T12:02:35Z] QuickPay  n=  215 err=  1.40% p95=  436.6ms top=504_TIMEOUT
INFO:root:[window 2026-09-24T12:02:35Z] FastPay   n= 1309 err=  0.99% p95=  442.2ms top=504_TIMEOUT
INFO:root:[window 2026-09-24T12:02:35Z] SecurePay n=  677 err=  0.44% p95=  425.7ms top=504_TIMEOUT
I0924 17:32:36.837325 9278674 ev_poll_posix.cc:587] FD from fork parent still in poll list: fd(7, generation: 1)
I0924 17:32:36.837527 9278674 ev_poll_posix.cc:587] FD from fork parent still in poll list: fd(3, generation: 1)
I0924 17:32:37.351938 9278805 ev_poll_posix.cc:587] FD from fork parent still in poll list: fd(7, generation: 1)
I0924 17:32:37.351978 9278805 ev_poll_posix.cc:587] FD from fork parent still in poll list: fd(3, generation: 1)
INFO:root:[window 2026-09-24T12:02:35Z] SecurePay n=   28 err=  0.00% p95=  441.2ms top=None
INFO:root:[window 2026-09-24T12:02:30Z] SecurePay n=   28 err=  0.00% p95=  441.2ms top=None
INFO:root:[window 2026-09-24T12:02:25Z] SecurePay n=   28 err=  0.00% p95=  441.2ms top=None
INFO:root:[window 2026-09-24T12:02:20Z] SecurePay n=   28 err=  0.00% p95=  441.2ms top=None
INFO:root:[window 2026-09-24T12:02:15Z] SecurePay n=   28 err=  0.00% p95=  441.2ms top=None
INFO:root:[window 2026-09-24T12:02:10Z] SecurePay n=   24 err=  0.00% p95=  437.0ms top=None
INFO:root:[window 2026-09-24T12:02:05Z] SecurePay n=    1 err=  0.00% p95=  287.2ms top=None
INFO:root:[window 2026-09-24T12:02:00Z] SecurePay n=    1 err=  0.00% p95=  287.2ms top=None
INFO:root:[window 2026-09-24T12:01:55Z] SecurePay n=    1 err=  0.00% p95=  287.2ms top=None
INFO:root:[window 2026-09-24T12:01:50Z] SecurePay n=    1 err=  0.00% p95=  287.2ms top=None
INFO:root:[window 2026-09-24T12:01:45Z] SecurePay n=    1 err=  0.00% p95=  287.2ms top=None
INFO:root:[window 2026-09-24T12:01:40Z] SecurePay n=    1 err=  0.00% p95=  287.2ms top=None
INFO:root:[window 2026-09-24T12:01:35Z] SecurePay n=    1 err=  0.00% p95=  287.2ms top=None
INFO:root:[window 2026-09-24T12:01:30Z] SecurePay n=    1 err=  0.00% p95=  287.2ms top=None
INFO:root:[window 2026-09-24T12:01:25Z] SecurePay n=    1 err=  0.00% p95=  287.2ms top=None
INFO:root:[window 2026-09-24T12:01:20Z] SecurePay n=    1 err=  0.00% p95=  287.2ms top=None
INFO:root:[window 2026-09-24T12:01:15Z] SecurePay n=    1 err=  0.00% p95=  287.2ms top=None
INFO:root:[window 2026-09-24T12:01:10Z] SecurePay n=    1 err=  0.00% p95=  287.2ms top=None
INFO:root:[window 2026-09-24T12:02:35Z] FastPay   n=   57 err=  3.51% p95=  414.2ms top=504_TIMEOUT
INFO:root:[window 2026-09-24T12:02:30Z] FastPay   n=   57 err=  3.51% p95=  414.2ms top=504_TIMEOUT
INFO:root:[window 2026-09-24T12:02:25Z] FastPay   n=   57 err=  3.51% p95=  414.2ms top=504_TIMEOUT
INFO:root:[window 2026-09-24T12:02:20Z] FastPay   n=   57 err=  3.51% p95=  414.2ms top=504_TIMEOUT
INFO:root:[window 2026-09-24T12:02:15Z] FastPay   n=   57 err=  3.51% p95=  414.2ms top=504_TIMEOUT
INFO:root:[window 2026-09-24T12:02:10Z] FastPay   n=   46 err=  2.17% p95=  405.7ms top=502_BAD_GATEWAY
INFO:root:[window 2026-09-24T12:01:50Z] FastPay   n=    1 err=  0.00% p95=  269.5ms top=None
INFO:root:[window 2026-09-24T12:01:45Z] FastPay   n=    1 err=  0.00% p95=  269.5ms top=None
INFO:root:[window 2026-09-24T12:01:40Z] FastPay   n=    1 err=  0.00% p95=  269.5ms top=None
INFO:root:[window 2026-09-24T12:01:35Z] FastPay   n=    1 err=  0.00% p95=  269.5ms top=None
INFO:root:[window 2026-09-24T12:01:30Z] FastPay   n=    1 err=  0.00% p95=  269.5ms top=None
INFO:root:[window 2026-09-24T12:01:25Z] FastPay   n=    1 err=  0.00% p95=  269.5ms top=None
INFO:root:[window 2026-09-24T12:01:20Z] FastPay   n=    1 err=  0.00% p95=  269.5ms top=None
INFO:root:[window 2026-09-24T12:01:15Z] FastPay   n=    1 err=  0.00% p95=  269.5ms top=None
INFO:root:[window 2026-09-24T12:01:10Z] FastPay   n=    1 err=  0.00% p95=  269.5ms top=None
INFO:root:[window 2026-09-24T12:01:05Z] FastPay   n=    1 err=  0.00% p95=  269.5ms top=None
INFO:root:[window 2026-09-24T12:01:00Z] FastPay   n=    1 err=  0.00% p95=  269.5ms top=None
INFO:root:[window 2026-09-24T12:00:55Z] FastPay   n=    1 err=  0.00% p95=  269.5ms top=None
INFO:root:[window 2026-09-24T12:02:35Z] QuickPay  n=    3 err=  0.00% p95=  201.5ms top=None
INFO:root:[window 2026-09-24T12:02:30Z] QuickPay  n=    3 err=  0.00% p95=  201.5ms top=None
INFO:root:[window 2026-09-24T12:02:25Z] QuickPay  n=    3 err=  0.00% p95=  201.5ms top=None
INFO:root:[window 2026-09-24T12:02:20Z] QuickPay  n=    3 err=  0.00% p95=  201.5ms top=None
INFO:root:[window 2026-09-24T12:02:15Z] QuickPay  n=    3 err=  0.00% p95=  201.5ms top=None
INFO:root:[window 2026-09-24T12:02:10Z] QuickPay  n=    2 err=  0.00% p95=  195.5ms top=None
I0924 17:32:38.366796 9278967 ev_poll_posix.cc:587] FD from fork parent still in poll list: fd(7, generation: 1)
I0924 17:32:38.366854 9278967 ev_poll_posix.cc:587] FD from fork parent still in poll list: fd(3, generation: 1)
INFO:root:[window 2026-09-24T12:02:35Z] QuickPay  n=   33 err=  3.03% p95=  436.6ms top=504_TIMEOUT
INFO:root:[window 2026-09-24T12:02:20Z] QuickPay  n=   54 err=  0.00% p95=  415.7ms top=None
INFO:root:[window 2026-09-24T12:02:15Z] QuickPay  n=   54 err=  0.00% p95=  415.7ms top=None
INFO:root:[window 2026-09-24T12:02:10Z] QuickPay  n=   54 err=  0.00% p95=  415.7ms top=None
INFO:root:[window 2026-09-24T12:02:05Z] QuickPay  n=   54 err=  0.00% p95=  415.7ms top=None
INFO:root:[window 2026-09-24T12:02:00Z] QuickPay  n=   54 err=  0.00% p95=  415.7ms top=None
INFO:root:[window 2026-09-24T12:01:55Z] QuickPay  n=   54 err=  0.00% p95=  415.7ms top=None
INFO:root:[window 2026-09-24T12:01:50Z] QuickPay  n=   54 err=  0.00% p95=  415.7ms top=None
INFO:root:[window 2026-09-24T12:01:45Z] QuickPay  n=   49 err=  0.00% p95=  402.3ms top=None
INFO:root:[window 2026-09-24T12:01:40Z] QuickPay  n=   40 err=  0.00% p95=  402.3ms top=None
INFO:root:[window 2026-09-24T12:01:35Z] QuickPay  n=   40 err=  0.00% p95=  402.3ms top=None
INFO:root:[window 2026-09-24T12:01:30Z] QuickPay  n=   33 err=  0.00% p95=  385.3ms top=None
INFO:root:[window 2026-09-24T12:01:25Z] QuickPay  n=    1 err=  0.00% p95=  167.7ms top=None
INFO:root:[window 2026-09-24T12:02:25Z] QuickPay  n=   53 err=  0.00% p95=  415.7ms top=None
INFO:root:[window 2026-09-24T12:02:30Z] QuickPay  n=   21 err=  0.00% p95=  442.2ms top=None
INFO:root:[window 2026-09-24T12:02:05Z] FastPay   n=  363 err=  0.55% p95=  432.7ms top=504_TIMEOUT
INFO:root:[window 2026-09-24T12:02:00Z] FastPay   n=  363 err=  0.55% p95=  432.7ms top=504_TIMEOUT
INFO:root:[window 2026-09-24T12:01:55Z] FastPay   n=  363 err=  0.55% p95=  432.7ms top=504_TIMEOUT
INFO:root:[window 2026-09-24T12:01:50Z] FastPay   n=  363 err=  0.55% p95=  432.7ms top=504_TIMEOUT
INFO:root:[window 2026-09-24T12:01:45Z] FastPay   n=  325 err=  0.62% p95=  434.0ms top=504_TIMEOUT
INFO:root:[window 2026-09-24T12:01:40Z] FastPay   n=  268 err=  0.75% p95=  434.0ms top=504_TIMEOUT
INFO:root:[window 2026-09-24T12:01:35Z] FastPay   n=  268 err=  0.75% p95=  434.0ms top=504_TIMEOUT
INFO:root:[window 2026-09-24T12:01:30Z] FastPay   n=  203 err=  0.00% p95=  432.1ms top=None
INFO:root:[window 2026-09-24T12:01:25Z] FastPay   n=    3 err=  0.00% p95=  371.1ms top=None
INFO:root:[window 2026-09-24T12:01:20Z] FastPay   n=    3 err=  0.00% p95=  371.1ms top=None
INFO:root:[window 2026-09-24T12:01:15Z] FastPay   n=    3 err=  0.00% p95=  371.1ms top=None
INFO:root:[window 2026-09-24T12:01:10Z] FastPay   n=    5 err=  0.00% p95=  371.1ms top=None
INFO:root:[window 2026-09-24T12:02:35Z] FastPay   n=  218 err=  0.00% p95=  408.5ms top=None
INFO:root:[window 2026-09-24T12:02:30Z] FastPay   n=  160 err=  1.25% p95=  434.0ms top=504_TIMEOUT
INFO:root:[window 2026-09-24T12:02:25Z] FastPay   n=  361 err=  0.55% p95=  434.0ms top=504_TIMEOUT
INFO:root:[window 2026-09-24T12:02:20Z] FastPay   n=  361 err=  0.55% p95=  434.0ms top=504_TIMEOUT
INFO:root:[window 2026-09-24T12:02:15Z] FastPay   n=  361 err=  0.55% p95=  434.0ms top=504_TIMEOUT
INFO:root:[window 2026-09-24T12:02:10Z] FastPay   n=  361 err=  0.55% p95=  434.0ms top=504_TIMEOUT
INFO:root:[window 2026-09-24T12:01:05Z] FastPay   n=    3 err=  0.00% p95=  321.7ms top=None
INFO:root:[window 2026-09-24T12:01:00Z] FastPay   n=    3 err=  0.00% p95=  321.7ms top=None
INFO:root:[window 2026-09-24T12:00:55Z] FastPay   n=    3 err=  0.00% p95=  321.7ms top=None
INFO:root:[window 2026-09-24T12:00:50Z] FastPay   n=    3 err=  0.00% p95=  321.7ms top=None
INFO:root:[window 2026-09-24T12:00:45Z] FastPay   n=    3 err=  0.00% p95=  321.7ms top=None
INFO:root:[window 2026-09-24T12:00:40Z] FastPay   n=    3 err=  0.00% p95=  321.7ms top=None
INFO:root:[window 2026-09-24T12:02:15Z] SecurePay n=  165 err=  0.00% p95=  389.3ms top=None
INFO:root:[window 2026-09-24T12:02:10Z] SecurePay n=  165 err=  0.00% p95=  389.3ms top=None
INFO:root:[window 2026-09-24T12:02:05Z] SecurePay n=  165 err=  0.00% p95=  389.3ms top=None
INFO:root:[window 2026-09-24T12:02:00Z] SecurePay n=  165 err=  0.00% p95=  389.3ms top=None
INFO:root:[window 2026-09-24T12:01:55Z] SecurePay n=  165 err=  0.00% p95=  389.3ms top=None
INFO:root:[window 2026-09-24T12:01:50Z] SecurePay n=  165 err=  0.00% p95=  389.3ms top=None
INFO:root:[window 2026-09-24T12:01:45Z] SecurePay n=  148 err=  0.00% p95=  389.3ms top=None
INFO:root:[window 2026-09-24T12:01:40Z] SecurePay n=  125 err=  0.00% p95=  389.3ms top=None
INFO:root:[window 2026-09-24T12:01:35Z] SecurePay n=  125 err=  0.00% p95=  389.3ms top=None
INFO:root:[window 2026-09-24T12:01:30Z] SecurePay n=   97 err=  0.00% p95=  400.0ms top=None
INFO:root:[window 2026-09-24T12:01:25Z] SecurePay n=    1 err=  0.00% p95=  265.1ms top=None
INFO:root:[window 2026-09-24T12:01:20Z] SecurePay n=    1 err=  0.00% p95=  265.1ms top=None
INFO:root:[window 2026-09-24T12:02:35Z] SecurePay n=   94 err=  0.00% p95=  420.0ms top=None
INFO:root:[window 2026-09-24T12:02:25Z] SecurePay n=  164 err=  0.00% p95=  389.3ms top=None
INFO:root:[window 2026-09-24T12:02:20Z] SecurePay n=  164 err=  0.00% p95=  389.3ms top=None
INFO:root:[window 2026-09-24T12:02:30Z] SecurePay n=   68 err=  0.00% p95=  381.0ms top=None
INFO:root:[window 2026-09-24T12:02:40Z] QuickPay  n=  193 err=  2.07% p95=  439.7ms top=504_TIMEOUT
INFO:root:[window 2026-09-24T12:02:40Z] FastPay   n= 1226 err=  0.90% p95=  435.4ms top=504_TIMEOUT
INFO:root:[window 2026-09-24T12:02:40Z] SecurePay n=  623 err=  0.16% p95=  426.7ms top=504_TIMEOUT
I0924 17:32:41.297210 9279221 ev_poll_posix.cc:587] FD from fork parent still in poll list: fd(7, generation: 1)
I0924 17:32:41.297259 9279221 ev_poll_posix.cc:587] FD from fork parent still in poll list: fd(3, generation: 1)
I0924 17:32:41.742706 9279381 ev_poll_posix.cc:587] FD from fork parent still in poll list: fd(7, generation: 1)
I0924 17:32:41.742762 9279381 ev_poll_posix.cc:587] FD from fork parent still in poll list: fd(3, generation: 1)
INFO:root:[window 2026-09-24T12:02:30Z] FastPay   n=  600 err=  1.17% p95=  439.6ms top=504_TIMEOUT
INFO:root:[window 2026-09-24T12:02:25Z] FastPay   n=  600 err=  1.17% p95=  439.6ms top=504_TIMEOUT
INFO:root:[window 2026-09-24T12:02:20Z] FastPay   n=  600 err=  1.17% p95=  439.6ms top=504_TIMEOUT
INFO:root:[window 2026-09-24T12:02:15Z] FastPay   n=  600 err=  1.17% p95=  439.6ms top=504_TIMEOUT
INFO:root:[window 2026-09-24T12:02:10Z] FastPay   n=  600 err=  1.17% p95=  439.6ms top=504_TIMEOUT
INFO:root:[window 2026-09-24T12:02:05Z] FastPay   n=  600 err=  1.17% p95=  439.6ms top=504_TIMEOUT
INFO:root:[window 2026-09-24T12:02:00Z] FastPay   n=  600 err=  1.17% p95=  439.6ms top=504_TIMEOUT
INFO:root:[window 2026-09-24T12:01:55Z] FastPay   n=  598 err=  1.17% p95=  439.6ms top=504_TIMEOUT
INFO:root:[window 2026-09-24T12:01:50Z] FastPay   n=  518 err=  1.16% p95=  444.5ms top=504_TIMEOUT
INFO:root:[window 2026-09-24T12:01:45Z] FastPay   n=  432 err=  1.39% p95=  444.5ms top=504_TIMEOUT
INFO:root:[window 2026-09-24T12:01:40Z] FastPay   n=  180 err=  0.00% p95=  425.7ms top=None
INFO:root:[window 2026-09-24T12:01:35Z] FastPay   n=  180 err=  0.00% p95=  425.7ms top=None
INFO:root:[window 2026-09-24T12:01:20Z] FastPay   n=    7 err=  0.00% p95=  370.5ms top=None
INFO:root:[window 2026-09-24T12:01:15Z] FastPay   n=    7 err=  0.00% p95=  370.5ms top=None
INFO:root:[window 2026-09-24T12:01:10Z] FastPay   n=    7 err=  0.00% p95=  370.5ms top=None
INFO:root:[window 2026-09-24T12:01:05Z] FastPay   n=    7 err=  0.00% p95=  370.5ms top=None
INFO:root:[window 2026-09-24T12:01:00Z] FastPay   n=    7 err=  0.00% p95=  370.5ms top=None
INFO:root:[window 2026-09-24T12:00:55Z] FastPay   n=    7 err=  0.00% p95=  370.5ms top=None
INFO:root:[window 2026-09-24T12:00:50Z] FastPay   n=    7 err=  0.00% p95=  370.5ms top=None
INFO:root:[window 2026-09-24T12:00:45Z] FastPay   n=    7 err=  0.00% p95=  370.5ms top=None
INFO:root:[window 2026-09-24T12:02:40Z] FastPay   n=  421 err=  1.66% p95=  446.7ms top=504_TIMEOUT
INFO:root:[window 2026-09-24T12:02:35Z] FastPay   n=  421 err=  1.66% p95=  446.7ms top=504_TIMEOUT
INFO:root:[window 2026-09-24T12:01:25Z] FastPay   n=    3 err=  0.00% p95=  224.3ms top=None
INFO:root:[window 2026-09-24T12:01:30Z] FastPay   n=    1 err=  0.00% p95=  442.9ms top=None
INFO:root:[window 2026-09-24T12:02:30Z] SecurePay n=  281 err=  0.36% p95=  426.3ms top=504_TIMEOUT
INFO:root:[window 2026-09-24T12:02:25Z] SecurePay n=  281 err=  0.36% p95=  426.3ms top=504_TIMEOUT
INFO:root:[window 2026-09-24T12:02:20Z] SecurePay n=  281 err=  0.36% p95=  426.3ms top=504_TIMEOUT
INFO:root:[window 2026-09-24T12:02:15Z] SecurePay n=  281 err=  0.36% p95=  426.3ms top=504_TIMEOUT
INFO:root:[window 2026-09-24T12:02:10Z] SecurePay n=  281 err=  0.36% p95=  426.3ms top=504_TIMEOUT
INFO:root:[window 2026-09-24T12:02:05Z] SecurePay n=  281 err=  0.36% p95=  426.3ms top=504_TIMEOUT
INFO:root:[window 2026-09-24T12:02:00Z] SecurePay n=  281 err=  0.36% p95=  426.3ms top=504_TIMEOUT
INFO:root:[window 2026-09-24T12:01:55Z] SecurePay n=  281 err=  0.36% p95=  426.3ms top=504_TIMEOUT
INFO:root:[window 2026-09-24T12:01:50Z] SecurePay n=  259 err=  0.39% p95=  426.3ms top=504_TIMEOUT
INFO:root:[window 2026-09-24T12:01:45Z] SecurePay n=  206 err=  0.00% p95=  423.0ms top=None
INFO:root:[window 2026-09-24T12:01:40Z] SecurePay n=   80 err=  0.00% p95=  409.6ms top=None
INFO:root:[window 2026-09-24T12:01:35Z] SecurePay n=   80 err=  0.00% p95=  409.6ms top=None
INFO:root:[window 2026-09-24T12:01:10Z] SecurePay n=    4 err=  0.00% p95=  275.5ms top=None
INFO:root:[window 2026-09-24T12:01:05Z] SecurePay n=    4 err=  0.00% p95=  275.5ms top=None
INFO:root:[window 2026-09-24T12:01:00Z] SecurePay n=    4 err=  0.00% p95=  275.5ms top=None
INFO:root:[window 2026-09-24T12:00:55Z] SecurePay n=    4 err=  0.00% p95=  275.5ms top=None
INFO:root:[window 2026-09-24T12:00:50Z] SecurePay n=    4 err=  0.00% p95=  275.5ms top=None
INFO:root:[window 2026-09-24T12:00:45Z] SecurePay n=    4 err=  0.00% p95=  275.5ms top=None
INFO:root:[window 2026-09-24T12:02:40Z] SecurePay n=  203 err=  0.49% p95=  426.3ms top=504_TIMEOUT
INFO:root:[window 2026-09-24T12:02:35Z] SecurePay n=  203 err=  0.49% p95=  426.3ms top=504_TIMEOUT
INFO:root:[window 2026-09-24T12:01:25Z] SecurePay n=    3 err=  0.00% p95=  275.5ms top=None
INFO:root:[window 2026-09-24T12:01:20Z] SecurePay n=    3 err=  0.00% p95=  275.5ms top=None
INFO:root:[window 2026-09-24T12:01:15Z] SecurePay n=    3 err=  0.00% p95=  275.5ms top=None
INFO:root:[window 2026-09-24T12:01:30Z] SecurePay n=    2 err=  0.00% p95=  260.4ms top=None
INFO:root:[window 2026-09-24T12:02:30Z] QuickPay  n=  108 err=  1.85% p95=  450.9ms top=502_BAD_GATEWAY
INFO:root:[window 2026-09-24T12:02:25Z] QuickPay  n=  108 err=  1.85% p95=  450.9ms top=502_BAD_GATEWAY
INFO:root:[window 2026-09-24T12:02:20Z] QuickPay  n=  108 err=  1.85% p95=  450.9ms top=502_BAD_GATEWAY
INFO:root:[window 2026-09-24T12:02:15Z] QuickPay  n=  108 err=  1.85% p95=  450.9ms top=502_BAD_GATEWAY
INFO:root:[window 2026-09-24T12:02:10Z] QuickPay  n=  108 err=  1.85% p95=  450.9ms top=502_BAD_GATEWAY
INFO:root:[window 2026-09-24T12:02:05Z] QuickPay  n=  108 err=  1.85% p95=  450.9ms top=502_BAD_GATEWAY
INFO:root:[window 2026-09-24T12:02:00Z] QuickPay  n=  108 err=  1.85% p95=  450.9ms top=502_BAD_GATEWAY
INFO:root:[window 2026-09-24T12:01:55Z] QuickPay  n=  108 err=  1.85% p95=  450.9ms top=502_BAD_GATEWAY
INFO:root:[window 2026-09-24T12:01:50Z] QuickPay  n=   99 err=  2.02% p95=  450.7ms top=502_BAD_GATEWAY
INFO:root:[window 2026-09-24T12:01:45Z] QuickPay  n=   75 err=  1.33% p95=  450.7ms top=502_BAD_GATEWAY
INFO:root:[window 2026-09-24T12:01:40Z] QuickPay  n=   26 err=  3.85% p95=  390.3ms top=502_BAD_GATEWAY
INFO:root:[window 2026-09-24T12:01:35Z] QuickPay  n=   26 err=  3.85% p95=  390.3ms top=502_BAD_GATEWAY
INFO:root:[window 2026-09-24T12:02:40Z] QuickPay  n=   82 err=  1.22% p95=  457.6ms top=502_BAD_GATEWAY
INFO:root:[window 2026-09-24T12:02:35Z] QuickPay  n=   82 err=  1.22% p95=  457.6ms top=502_BAD_GATEWAY
I0924 17:32:44.025282 9279729 ev_poll_posix.cc:587] FD from fork parent still in poll list: fd(7, generation: 1)
I0924 17:32:44.025328 9279729 ev_poll_posix.cc:587] FD from fork parent still in poll list: fd(3, generation: 1)
INFO:root:[window 2026-09-24T12:02:40Z] SecurePay n=  285 err=  0.00% p95=  430.2ms top=None
INFO:root:[window 2026-09-24T12:02:35Z] SecurePay n=  285 err=  0.00% p95=  430.2ms top=None
INFO:root:[window 2026-09-24T12:02:30Z] SecurePay n=  285 err=  0.00% p95=  430.2ms top=None
INFO:root:[window 2026-09-24T12:02:25Z] SecurePay n=  285 err=  0.00% p95=  430.2ms top=None
INFO:root:[window 2026-09-24T12:02:20Z] SecurePay n=  285 err=  0.00% p95=  430.2ms top=None
INFO:root:[window 2026-09-24T12:02:15Z] SecurePay n=  285 err=  0.00% p95=  430.2ms top=None
INFO:root:[window 2026-09-24T12:02:10Z] SecurePay n=  285 err=  0.00% p95=  430.2ms top=None
INFO:root:[window 2026-09-24T12:02:05Z] SecurePay n=  277 err=  0.00% p95=  430.2ms top=None
INFO:root:[window 2026-09-24T12:02:00Z] SecurePay n=  163 err=  0.00% p95=  430.2ms top=None
INFO:root:[window 2026-09-24T12:01:35Z] SecurePay n=    1 err=  0.00% p95=   23.4ms top=None
INFO:root:[window 2026-09-24T12:01:30Z] SecurePay n=    1 err=  0.00% p95=   23.4ms top=None
INFO:root:[window 2026-09-24T12:01:25Z] SecurePay n=    1 err=  0.00% p95=   23.4ms top=None
INFO:root:[window 2026-09-24T12:01:20Z] SecurePay n=    1 err=  0.00% p95=   23.4ms top=None
INFO:root:[window 2026-09-24T12:01:15Z] SecurePay n=    1 err=  0.00% p95=   23.4ms top=None
INFO:root:[window 2026-09-24T12:01:10Z] SecurePay n=    1 err=  0.00% p95=   23.4ms top=None
INFO:root:[window 2026-09-24T12:01:05Z] SecurePay n=    1 err=  0.00% p95=   23.4ms top=None
INFO:root:[window 2026-09-24T12:01:00Z] SecurePay n=    1 err=  0.00% p95=   23.4ms top=None
INFO:root:[window 2026-09-24T12:00:55Z] SecurePay n=    1 err=  0.00% p95=   23.4ms top=None
INFO:root:[window 2026-09-24T12:00:50Z] SecurePay n=    1 err=  0.00% p95=   23.4ms top=None
INFO:root:[window 2026-09-24T12:00:45Z] SecurePay n=    1 err=  0.00% p95=   23.4ms top=None
INFO:root:[window 2026-09-24T12:02:40Z] FastPay   n=  616 err=  1.14% p95=  426.9ms top=504_TIMEOUT
INFO:root:[window 2026-09-24T12:02:35Z] FastPay   n=  616 err=  1.14% p95=  426.9ms top=504_TIMEOUT
INFO:root:[window 2026-09-24T12:02:30Z] FastPay   n=  616 err=  1.14% p95=  426.9ms top=504_TIMEOUT
INFO:root:[window 2026-09-24T12:02:25Z] FastPay   n=  616 err=  1.14% p95=  426.9ms top=504_TIMEOUT
INFO:root:[window 2026-09-24T12:02:20Z] FastPay   n=  616 err=  1.14% p95=  426.9ms top=504_TIMEOUT
INFO:root:[window 2026-09-24T12:02:15Z] FastPay   n=  616 err=  1.14% p95=  426.9ms top=504_TIMEOUT
INFO:root:[window 2026-09-24T12:02:10Z] FastPay   n=  616 err=  1.14% p95=  426.9ms top=504_TIMEOUT
INFO:root:[window 2026-09-24T12:02:05Z] FastPay   n=  597 err=  1.17% p95=  431.7ms top=504_TIMEOUT
INFO:root:[window 2026-09-24T12:02:00Z] FastPay   n=  353 err=  1.42% p95=  436.8ms top=504_TIMEOUT
INFO:root:[window 2026-09-24T12:01:35Z] FastPay   n=   11 err=  0.00% p95=  389.1ms top=None
INFO:root:[window 2026-09-24T12:01:30Z] FastPay   n=   12 err=  0.00% p95=  389.1ms top=None
INFO:root:[window 2026-09-24T12:01:25Z] FastPay   n=   12 err=  0.00% p95=  389.1ms top=None
INFO:root:[window 2026-09-24T12:01:20Z] FastPay   n=   12 err=  0.00% p95=  389.1ms top=None
INFO:root:[window 2026-09-24T12:01:15Z] FastPay   n=   12 err=  0.00% p95=  389.1ms top=None
INFO:root:[window 2026-09-24T12:01:10Z] FastPay   n=   12 err=  0.00% p95=  389.1ms top=None
INFO:root:[window 2026-09-24T12:01:05Z] FastPay   n=   12 err=  0.00% p95=  389.1ms top=None
INFO:root:[window 2026-09-24T12:01:00Z] FastPay   n=   12 err=  0.00% p95=  389.1ms top=None
INFO:root:[window 2026-09-24T12:00:55Z] FastPay   n=    8 err=  0.00% p95=  389.1ms top=None
INFO:root:[window 2026-09-24T12:00:50Z] FastPay   n=    6 err=  0.00% p95=  338.3ms top=None
INFO:root:[window 2026-09-24T12:00:45Z] FastPay   n=    5 err=  0.00% p95=  338.3ms top=None
INFO:root:[window 2026-09-24T12:01:50Z] FastPay   n=    6 err=  0.00% p95=  349.8ms top=None
INFO:root:[window 2026-09-24T12:01:45Z] FastPay   n=    7 err=  0.00% p95=  349.8ms top=None
INFO:root:[window 2026-09-24T12:01:40Z] FastPay   n=    7 err=  0.00% p95=  349.8ms top=None
INFO:root:[window 2026-09-24T12:01:55Z] FastPay   n=    4 err=  0.00% p95=  348.7ms top=None
INFO:root:[window 2026-09-24T12:02:40Z] QuickPay  n=   85 err=  2.35% p95=  483.8ms top=504_TIMEOUT
INFO:root:[window 2026-09-24T12:02:35Z] QuickPay  n=   85 err=  2.35% p95=  483.8ms top=504_TIMEOUT
INFO:root:[window 2026-09-24T12:02:30Z] QuickPay  n=   85 err=  2.35% p95=  483.8ms top=504_TIMEOUT
INFO:root:[window 2026-09-24T12:02:25Z] QuickPay  n=   85 err=  2.35% p95=  483.8ms top=504_TIMEOUT
INFO:root:[window 2026-09-24T12:02:20Z] QuickPay  n=   85 err=  2.35% p95=  483.8ms top=504_TIMEOUT
INFO:root:[window 2026-09-24T12:02:15Z] QuickPay  n=   85 err=  2.35% p95=  483.8ms top=504_TIMEOUT
INFO:root:[window 2026-09-24T12:02:10Z] QuickPay  n=   85 err=  2.35% p95=  483.8ms top=504_TIMEOUT
INFO:root:[window 2026-09-24T12:02:05Z] QuickPay  n=   84 err=  2.38% p95=  483.8ms top=504_TIMEOUT
INFO:root:[window 2026-09-24T12:02:00Z] QuickPay  n=   47 err=  4.26% p95=  491.4ms top=504_TIMEOUT
INFO:root:[window 2026-09-24T12:01:55Z] QuickPay  n=    1 err=  0.00% p95=  371.8ms top=None
INFO:root:[window 2026-09-24T12:01:50Z] QuickPay  n=    1 err=  0.00% p95=  371.8ms top=None
INFO:root:[window 2026-09-24T12:01:45Z] QuickPay  n=    1 err=  0.00% p95=  371.8ms top=None
INFO:root:[window 2026-09-24T12:01:40Z] QuickPay  n=    1 err=  0.00% p95=  371.8ms top=None
INFO:root:[window 2026-09-24T12:01:35Z] QuickPay  n=    1 err=  0.00% p95=  371.8ms top=None
INFO:root:[window 2026-09-24T12:01:30Z] QuickPay  n=    1 err=  0.00% p95=  371.8ms top=None
INFO:root:[window 2026-09-24T12:01:25Z] QuickPay  n=    1 err=  0.00% p95=  371.8ms top=None
INFO:root:[window 2026-09-24T12:01:20Z] QuickPay  n=    1 err=  0.00% p95=  371.8ms top=None
INFO:root:[window 2026-09-24T12:01:15Z] QuickPay  n=    1 err=  0.00% p95=  371.8ms top=None
INFO:root:[window 2026-09-24T12:01:10Z] QuickPay  n=    1 err=  0.00% p95=  371.8ms top=None
INFO:root:[window 2026-09-24T12:01:05Z] QuickPay  n=    1 err=  0.00% p95=  371.8ms top=None
INFO:root:[window 2026-09-24T12:01:00Z] QuickPay  n=    1 err=  0.00% p95=  371.8ms top=None
INFO:root:[window 2026-09-24T12:02:45Z] QuickPay  n=  259 err=  2.32% p95=  483.8ms top=504_TIMEOUT
INFO:root:[window 2026-09-24T12:02:45Z] FastPay   n= 1653 err=  1.03% p95=  433.1ms top=504_TIMEOUT
INFO:root:[window 2026-09-24T12:02:45Z] SecurePay n=  830 err=  0.24% p95=  429.1ms top=504_TIMEOUT
I0924 17:32:46.779152 9280100 ev_poll_posix.cc:587] FD from fork parent still in poll list: fd(7, generation: 1)
I0924 17:32:46.779226 9280100 ev_poll_posix.cc:587] FD from fork parent still in poll list: fd(3, generation: 1)
INFO:root:[window 2026-09-24T12:02:30Z] FastPay   n=  574 err=  1.05% p95=  434.6ms top=504_TIMEOUT
INFO:root:[window 2026-09-24T12:02:25Z] FastPay   n=  574 err=  1.05% p95=  434.6ms top=504_TIMEOUT
INFO:root:[window 2026-09-24T12:02:20Z] FastPay   n=  574 err=  1.05% p95=  434.6ms top=504_TIMEOUT
INFO:root:[window 2026-09-24T12:02:15Z] FastPay   n=  574 err=  1.05% p95=  434.6ms top=504_TIMEOUT
INFO:root:[window 2026-09-24T12:02:10Z] FastPay   n=  574 err=  1.05% p95=  434.6ms top=504_TIMEOUT
INFO:root:[window 2026-09-24T12:02:05Z] FastPay   n=  540 err=  0.56% p95=  432.3ms top=502_BAD_GATEWAY
INFO:root:[window 2026-09-24T12:02:00Z] FastPay   n=  471 err=  0.64% p95=  428.2ms top=502_BAD_GATEWAY
INFO:root:[window 2026-09-24T12:01:55Z] FastPay   n=  471 err=  0.64% p95=  428.2ms top=502_BAD_GATEWAY
INFO:root:[window 2026-09-24T12:01:50Z] FastPay   n=  354 err=  0.56% p95=  426.8ms top=502_BAD_GATEWAY
INFO:root:[window 2026-09-24T12:01:45Z] FastPay   n=  133 err=  0.00% p95=  419.4ms top=None
INFO:root:[window 2026-09-24T12:01:40Z] FastPay   n=  134 err=  0.00% p95=  419.4ms top=None
INFO:root:[window 2026-09-24T12:01:35Z] FastPay   n=   13 err=  0.00% p95=  361.2ms top=None
INFO:root:[window 2026-09-24T12:02:35Z] FastPay   n=  564 err=  1.06% p95=  434.2ms top=504_TIMEOUT
INFO:root:[window 2026-09-24T12:02:45Z] FastPay   n=  443 err=  1.35% p95=  434.2ms top=504_TIMEOUT
INFO:root:[window 2026-09-24T12:02:40Z] FastPay   n=  443 err=  1.35% p95=  434.2ms top=504_TIMEOUT
INFO:root:[window 2026-09-24T12:01:30Z] FastPay   n=    4 err=  0.00% p95=  331.4ms top=None
INFO:root:[window 2026-09-24T12:01:25Z] FastPay   n=    4 err=  0.00% p95=  331.4ms top=None
INFO:root:[window 2026-09-24T12:01:20Z] FastPay   n=    5 err=  0.00% p95=  348.9ms top=None
INFO:root:[window 2026-09-24T12:01:15Z] FastPay   n=    5 err=  0.00% p95=  348.9ms top=None
INFO:root:[window 2026-09-24T12:01:10Z] FastPay   n=    5 err=  0.00% p95=  348.9ms top=None
INFO:root:[window 2026-09-24T12:01:05Z] FastPay   n=    5 err=  0.00% p95=  348.9ms top=None
INFO:root:[window 2026-09-24T12:01:00Z] FastPay   n=    5 err=  0.00% p95=  348.9ms top=None
INFO:root:[window 2026-09-24T12:00:55Z] FastPay   n=    5 err=  0.00% p95=  348.9ms top=None
INFO:root:[window 2026-09-24T12:00:50Z] FastPay   n=    5 err=  0.00% p95=  348.9ms top=None
INFO:root:[window 2026-09-24T12:02:30Z] SecurePay n=  295 err=  0.34% p95=  432.3ms top=504_TIMEOUT
INFO:root:[window 2026-09-24T12:02:25Z] SecurePay n=  295 err=  0.34% p95=  432.3ms top=504_TIMEOUT
INFO:root:[window 2026-09-24T12:02:20Z] SecurePay n=  295 err=  0.34% p95=  432.3ms top=504_TIMEOUT
INFO:root:[window 2026-09-24T12:02:15Z] SecurePay n=  295 err=  0.34% p95=  432.3ms top=504_TIMEOUT
INFO:root:[window 2026-09-24T12:02:10Z] SecurePay n=  295 err=  0.34% p95=  432.3ms top=504_TIMEOUT
INFO:root:[window 2026-09-24T12:02:05Z] SecurePay n=  278 err=  0.36% p95=  438.5ms top=504_TIMEOUT
INFO:root:[window 2026-09-24T12:02:00Z] SecurePay n=  240 err=  0.42% p95=  438.5ms top=504_TIMEOUT
INFO:root:[window 2026-09-24T12:01:55Z] SecurePay n=  240 err=  0.42% p95=  438.5ms top=504_TIMEOUT
INFO:root:[window 2026-09-24T12:01:50Z] SecurePay n=  176 err=  0.57% p95=  438.8ms top=504_TIMEOUT
INFO:root:[window 2026-09-24T12:01:45Z] SecurePay n=   54 err=  1.85% p95=  431.0ms top=504_TIMEOUT
INFO:root:[window 2026-09-24T12:01:40Z] SecurePay n=   54 err=  1.85% p95=  431.0ms top=504_TIMEOUT
INFO:root:[window 2026-09-24T12:01:35Z] SecurePay n=    2 err=  0.00% p95=  385.1ms top=None
INFO:root:[window 2026-09-24T12:02:35Z] SecurePay n=  294 err=  0.34% p95=  432.3ms top=504_TIMEOUT
INFO:root:[window 2026-09-24T12:02:45Z] SecurePay n=  241 err=  0.00% p95=  432.3ms top=None
INFO:root:[window 2026-09-24T12:02:40Z] SecurePay n=  241 err=  0.00% p95=  432.3ms top=None
INFO:root:[window 2026-09-24T12:01:30Z] SecurePay n=    2 err=  0.00% p95=  301.4ms top=None
INFO:root:[window 2026-09-24T12:01:25Z] SecurePay n=    3 err=  0.00% p95=  301.4ms top=None
INFO:root:[window 2026-09-24T12:01:20Z] SecurePay n=    3 err=  0.00% p95=  301.4ms top=None
INFO:root:[window 2026-09-24T12:01:15Z] SecurePay n=    3 err=  0.00% p95=  301.4ms top=None
INFO:root:[window 2026-09-24T12:01:10Z] SecurePay n=    3 err=  0.00% p95=  301.4ms top=None
INFO:root:[window 2026-09-24T12:01:05Z] SecurePay n=    3 err=  0.00% p95=  301.4ms top=None
INFO:root:[window 2026-09-24T12:01:00Z] SecurePay n=    3 err=  0.00% p95=  301.4ms top=None
INFO:root:[window 2026-09-24T12:00:55Z] SecurePay n=    3 err=  0.00% p95=  301.4ms top=None
INFO:root:[window 2026-09-24T12:00:50Z] SecurePay n=    3 err=  0.00% p95=  301.4ms top=None
INFO:root:[window 2026-09-24T12:02:30Z] QuickPay  n=  121 err=  2.48% p95=  444.8ms top=504_TIMEOUT
INFO:root:[window 2026-09-24T12:02:25Z] QuickPay  n=  121 err=  2.48% p95=  444.8ms top=504_TIMEOUT
INFO:root:[window 2026-09-24T12:02:20Z] QuickPay  n=  121 err=  2.48% p95=  444.8ms top=504_TIMEOUT
INFO:root:[window 2026-09-24T12:02:15Z] QuickPay  n=  121 err=  2.48% p95=  444.8ms top=504_TIMEOUT
INFO:root:[window 2026-09-24T12:02:10Z] QuickPay  n=  121 err=  2.48% p95=  444.8ms top=504_TIMEOUT
INFO:root:[window 2026-09-24T12:02:05Z] QuickPay  n=  109 err=  2.75% p95=  444.8ms top=504_TIMEOUT
INFO:root:[window 2026-09-24T12:02:00Z] QuickPay  n=   94 err=  3.19% p95=  444.8ms top=504_TIMEOUT
INFO:root:[window 2026-09-24T12:01:55Z] QuickPay  n=   94 err=  3.19% p95=  444.8ms top=504_TIMEOUT
INFO:root:[window 2026-09-24T12:01:50Z] QuickPay  n=   76 err=  3.95% p95=  444.8ms top=504_TIMEOUT
INFO:root:[window 2026-09-24T12:01:45Z] QuickPay  n=   27 err=  3.70% p95=  423.1ms top=504_TIMEOUT
INFO:root:[window 2026-09-24T12:01:40Z] QuickPay  n=   28 err=  3.57% p95=  423.1ms top=504_TIMEOUT
INFO:root:[window 2026-09-24T12:01:35Z] QuickPay  n=    3 err=  0.00% p95=  394.3ms top=None
INFO:root:[window 2026-09-24T12:02:35Z] QuickPay  n=  119 err=  2.52% p95=  444.8ms top=504_TIMEOUT
INFO:root:[window 2026-09-24T12:01:20Z] QuickPay  n=    2 err=  0.00% p95=  299.6ms top=None
INFO:root:[window 2026-09-24T12:01:15Z] QuickPay  n=    2 err=  0.00% p95=  299.6ms top=None
INFO:root:[window 2026-09-24T12:01:10Z] QuickPay  n=    2 err=  0.00% p95=  299.6ms top=None
INFO:root:[window 2026-09-24T12:01:05Z] QuickPay  n=    2 err=  0.00% p95=  299.6ms top=None
INFO:root:[window 2026-09-24T12:01:00Z] QuickPay  n=    2 err=  0.00% p95=  299.6ms top=None
INFO:root:[window 2026-09-24T12:00:55Z] QuickPay  n=    2 err=  0.00% p95=  299.6ms top=None
INFO:root:[window 2026-09-24T12:00:50Z] QuickPay  n=    2 err=  0.00% p95=  299.6ms top=None
INFO:root:[window 2026-09-24T12:02:45Z] QuickPay  n=   94 err=  2.13% p95=  444.8ms top=504_TIMEOUT
INFO:root:[window 2026-09-24T12:02:40Z] QuickPay  n=   94 err=  2.13% p95=  444.8ms top=504_TIMEOUT
INFO:root:[window 2026-09-24T12:01:30Z] QuickPay  n=    1 err=  0.00% p95=  394.3ms top=None
INFO:root:[window 2026-09-24T12:01:25Z] QuickPay  n=    1 err=  0.00% p95=  394.3ms top=None
INFO:root:[window 2026-09-24T12:02:50Z] QuickPay  n=  250 err=  2.00% p95=  476.9ms top=504_TIMEOUT
INFO:root:[window 2026-09-24T12:02:50Z] FastPay   n= 1644 err=  1.16% p95=  434.6ms top=504_TIMEOUT
INFO:root:[window 2026-09-24T12:02:50Z] SecurePay n=  812 err=  0.12% p95=  430.2ms top=504_TIMEOUT
I0924 17:32:50.704842 9280844 ev_poll_posix.cc:587] FD from fork parent still in poll list: fd(7, generation: 1)
I0924 17:32:50.704920 9280844 ev_poll_posix.cc:587] FD from fork parent still in poll list: fd(3, generation: 1)
I0924 17:32:51.573634 9281049 ev_poll_posix.cc:587] FD from fork parent still in poll list: fd(7, generation: 1)
I0924 17:32:51.573729 9281049 ev_poll_posix.cc:587] FD from fork parent still in poll list: fd(3, generation: 1)
INFO:root:[window 2026-09-24T12:02:45Z] SecurePay n=  285 err=  0.70% p95=  431.1ms top=504_TIMEOUT
INFO:root:[window 2026-09-24T12:02:40Z] SecurePay n=  285 err=  0.70% p95=  431.1ms top=504_TIMEOUT
INFO:root:[window 2026-09-24T12:02:35Z] SecurePay n=  285 err=  0.70% p95=  431.1ms top=504_TIMEOUT
INFO:root:[window 2026-09-24T12:02:30Z] SecurePay n=  285 err=  0.70% p95=  431.1ms top=504_TIMEOUT
INFO:root:[window 2026-09-24T12:02:25Z] SecurePay n=  285 err=  0.70% p95=  431.1ms top=504_TIMEOUT
INFO:root:[window 2026-09-24T12:02:20Z] SecurePay n=  285 err=  0.70% p95=  431.1ms top=504_TIMEOUT
INFO:root:[window 2026-09-24T12:02:15Z] SecurePay n=  285 err=  0.70% p95=  431.1ms top=504_TIMEOUT
INFO:root:[window 2026-09-24T12:02:10Z] SecurePay n=  285 err=  0.70% p95=  431.1ms top=504_TIMEOUT
INFO:root:[window 2026-09-24T12:02:05Z] SecurePay n=  285 err=  0.70% p95=  431.1ms top=504_TIMEOUT
INFO:root:[window 2026-09-24T12:02:00Z] SecurePay n=  248 err=  0.81% p95=  431.1ms top=504_TIMEOUT
INFO:root:[window 2026-09-24T12:01:55Z] SecurePay n=  137 err=  1.46% p95=  428.2ms top=504_TIMEOUT
INFO:root:[window 2026-09-24T12:01:50Z] SecurePay n=   51 err=  0.00% p95=  405.8ms top=None
INFO:root:[window 2026-09-24T12:02:50Z] SecurePay n=  234 err=  0.85% p95=  433.8ms top=504_TIMEOUT
INFO:root:[window 2026-09-24T12:01:25Z] SecurePay n=    4 err=  0.00% p95=  389.7ms top=None
INFO:root:[window 2026-09-24T12:01:20Z] SecurePay n=    4 err=  0.00% p95=  389.7ms top=None
INFO:root:[window 2026-09-24T12:01:15Z] SecurePay n=    4 err=  0.00% p95=  389.7ms top=None
INFO:root:[window 2026-09-24T12:01:10Z] SecurePay n=    4 err=  0.00% p95=  389.7ms top=None
INFO:root:[window 2026-09-24T12:01:05Z] SecurePay n=    4 err=  0.00% p95=  389.7ms top=None
INFO:root:[window 2026-09-24T12:01:00Z] SecurePay n=    4 err=  0.00% p95=  389.7ms top=None
INFO:root:[window 2026-09-24T12:00:55Z] SecurePay n=    4 err=  0.00% p95=  389.7ms top=None
INFO:root:[window 2026-09-24T12:01:30Z] SecurePay n=    3 err=  0.00% p95=  389.7ms top=None
INFO:root:[window 2026-09-24T12:01:40Z] SecurePay n=    1 err=  0.00% p95=  204.6ms top=None
INFO:root:[window 2026-09-24T12:01:35Z] SecurePay n=    1 err=  0.00% p95=  204.6ms top=None
INFO:root:[window 2026-09-24T12:02:45Z] QuickPay  n=  122 err=  3.28% p95=  475.8ms top=504_TIMEOUT
INFO:root:[window 2026-09-24T12:02:40Z] QuickPay  n=  122 err=  3.28% p95=  475.8ms top=504_TIMEOUT
INFO:root:[window 2026-09-24T12:02:35Z] QuickPay  n=  122 err=  3.28% p95=  475.8ms top=504_TIMEOUT
INFO:root:[window 2026-09-24T12:02:30Z] QuickPay  n=  122 err=  3.28% p95=  475.8ms top=504_TIMEOUT
INFO:root:[window 2026-09-24T12:02:25Z] QuickPay  n=  122 err=  3.28% p95=  475.8ms top=504_TIMEOUT
INFO:root:[window 2026-09-24T12:02:20Z] QuickPay  n=  122 err=  3.28% p95=  475.8ms top=504_TIMEOUT
INFO:root:[window 2026-09-24T12:02:15Z] QuickPay  n=  122 err=  3.28% p95=  475.8ms top=504_TIMEOUT
INFO:root:[window 2026-09-24T12:02:10Z] QuickPay  n=  122 err=  3.28% p95=  475.8ms top=504_TIMEOUT
INFO:root:[window 2026-09-24T12:02:05Z] QuickPay  n=  122 err=  3.28% p95=  475.8ms top=504_TIMEOUT
INFO:root:[window 2026-09-24T12:02:00Z] QuickPay  n=  103 err=  3.88% p95=  479.4ms top=504_TIMEOUT
INFO:root:[window 2026-09-24T12:01:55Z] QuickPay  n=   57 err=  1.75% p95=  475.8ms top=504_TIMEOUT
INFO:root:[window 2026-09-24T12:01:50Z] QuickPay  n=   26 err=  3.85% p95=  408.9ms top=504_TIMEOUT
INFO:root:[window 2026-09-24T12:02:50Z] QuickPay  n=   96 err=  3.12% p95=  479.4ms top=504_TIMEOUT
INFO:root:[window 2026-09-24T12:02:45Z] FastPay   n=  583 err=  1.20% p95=  443.7ms top=504_TIMEOUT
INFO:root:[window 2026-09-24T12:02:40Z] FastPay   n=  583 err=  1.20% p95=  443.7ms top=504_TIMEOUT
INFO:root:[window 2026-09-24T12:02:35Z] FastPay   n=  583 err=  1.20% p95=  443.7ms top=504_TIMEOUT
INFO:root:[window 2026-09-24T12:02:30Z] FastPay   n=  583 err=  1.20% p95=  443.7ms top=504_TIMEOUT
INFO:root:[window 2026-09-24T12:02:25Z] FastPay   n=  583 err=  1.20% p95=  443.7ms top=504_TIMEOUT
INFO:root:[window 2026-09-24T12:02:20Z] FastPay   n=  583 err=  1.20% p95=  443.7ms top=504_TIMEOUT
INFO:root:[window 2026-09-24T12:02:15Z] FastPay   n=  583 err=  1.20% p95=  443.7ms top=504_TIMEOUT
INFO:root:[window 2026-09-24T12:02:10Z] FastPay   n=  583 err=  1.20% p95=  443.7ms top=504_TIMEOUT
INFO:root:[window 2026-09-24T12:02:05Z] FastPay   n=  583 err=  1.20% p95=  443.7ms top=504_TIMEOUT
INFO:root:[window 2026-09-24T12:02:00Z] FastPay   n=  502 err=  1.39% p95=  447.9ms top=504_TIMEOUT
INFO:root:[window 2026-09-24T12:01:55Z] FastPay   n=  266 err=  1.13% p95=  444.9ms top=504_TIMEOUT
INFO:root:[window 2026-09-24T12:01:50Z] FastPay   n=  100 err=  1.00% p95=  454.8ms top=504_TIMEOUT
INFO:root:[window 2026-09-24T12:02:50Z] FastPay   n=  486 err=  1.23% p95=  437.9ms top=504_TIMEOUT
INFO:root:[window 2026-09-24T12:01:45Z] FastPay   n=    3 err=  0.00% p95=  333.4ms top=None
INFO:root:[window 2026-09-24T12:01:40Z] FastPay   n=    5 err=  0.00% p95=  365.3ms top=None
INFO:root:[window 2026-09-24T12:01:35Z] FastPay   n=    5 err=  0.00% p95=  365.3ms top=None
INFO:root:[window 2026-09-24T12:01:30Z] FastPay   n=    5 err=  0.00% p95=  365.3ms top=None
INFO:root:[window 2026-09-24T12:01:25Z] FastPay   n=    6 err=  0.00% p95=  365.3ms top=None
INFO:root:[window 2026-09-24T12:01:20Z] FastPay   n=    6 err=  0.00% p95=  365.3ms top=None
INFO:root:[window 2026-09-24T12:01:15Z] FastPay   n=    6 err=  0.00% p95=  365.3ms top=None
INFO:root:[window 2026-09-24T12:01:10Z] FastPay   n=    6 err=  0.00% p95=  365.3ms top=None
INFO:root:[window 2026-09-24T12:01:05Z] FastPay   n=    6 err=  0.00% p95=  365.3ms top=None
INFO:root:[window 2026-09-24T12:01:00Z] FastPay   n=    6 err=  0.00% p95=  365.3ms top=None
INFO:root:[window 2026-09-24T12:00:55Z] FastPay   n=    4 err=  0.00% p95=  365.3ms top=None
I0924 17:32:53.890248 9281268 ev_poll_posix.cc:587] FD from fork parent still in poll list: fd(7, generation: 1)
I0924 17:32:53.890283 9281268 ev_poll_posix.cc:587] FD from fork parent still in poll list: fd(3, generation: 1)
INFO:root:[window 2026-09-24T12:02:50Z] FastPay   n=  615 err=  0.49% p95=  437.7ms top=504_TIMEOUT
INFO:root:[window 2026-09-24T12:02:45Z] FastPay   n=  615 err=  0.49% p95=  437.7ms top=504_TIMEOUT
INFO:root:[window 2026-09-24T12:02:40Z] FastPay   n=  615 err=  0.49% p95=  437.7ms top=504_TIMEOUT
INFO:root:[window 2026-09-24T12:02:35Z] FastPay   n=  615 err=  0.49% p95=  437.7ms top=504_TIMEOUT
INFO:root:[window 2026-09-24T12:02:30Z] FastPay   n=  615 err=  0.49% p95=  437.7ms top=504_TIMEOUT
INFO:root:[window 2026-09-24T12:02:25Z] FastPay   n=  615 err=  0.49% p95=  437.7ms top=504_TIMEOUT
INFO:root:[window 2026-09-24T12:02:20Z] FastPay   n=  615 err=  0.49% p95=  437.7ms top=504_TIMEOUT
INFO:root:[window 2026-09-24T12:02:15Z] FastPay   n=  615 err=  0.49% p95=  437.7ms top=504_TIMEOUT
INFO:root:[window 2026-09-24T12:02:10Z] FastPay   n=  426 err=  0.23% p95=  433.3ms top=504_TIMEOUT
INFO:root:[window 2026-09-24T12:02:05Z] FastPay   n=  186 err=  0.00% p95=  431.8ms top=None
INFO:root:[window 2026-09-24T12:01:35Z] FastPay   n=    7 err=  0.00% p95=  338.3ms top=None
INFO:root:[window 2026-09-24T12:01:30Z] FastPay   n=    7 err=  0.00% p95=  338.3ms top=None
INFO:root:[window 2026-09-24T12:01:25Z] FastPay   n=    7 err=  0.00% p95=  338.3ms top=None
INFO:root:[window 2026-09-24T12:01:20Z] FastPay   n=    7 err=  0.00% p95=  338.3ms top=None
INFO:root:[window 2026-09-24T12:01:15Z] FastPay   n=    7 err=  0.00% p95=  338.3ms top=None
INFO:root:[window 2026-09-24T12:01:10Z] FastPay   n=    7 err=  0.00% p95=  338.3ms top=None
INFO:root:[window 2026-09-24T12:01:05Z] FastPay   n=    7 err=  0.00% p95=  338.3ms top=None
INFO:root:[window 2026-09-24T12:01:00Z] FastPay   n=    6 err=  0.00% p95=  338.3ms top=None
INFO:root:[window 2026-09-24T12:00:55Z] FastPay   n=    4 err=  0.00% p95=  338.3ms top=None
INFO:root:[window 2026-09-24T12:02:00Z] FastPay   n=    1 err=  0.00% p95=  333.9ms top=None
INFO:root:[window 2026-09-24T12:01:55Z] FastPay   n=    3 err=  0.00% p95=  288.9ms top=None
INFO:root:[window 2026-09-24T12:01:50Z] FastPay   n=    4 err=  0.00% p95=  288.9ms top=None
INFO:root:[window 2026-09-24T12:01:45Z] FastPay   n=    4 err=  0.00% p95=  288.9ms top=None
INFO:root:[window 2026-09-24T12:01:40Z] FastPay   n=    4 err=  0.00% p95=  288.9ms top=None
INFO:root:[window 2026-09-24T12:02:50Z] QuickPay  n=   90 err=  1.11% p95=  443.2ms top=504_TIMEOUT
INFO:root:[window 2026-09-24T12:02:45Z] QuickPay  n=   90 err=  1.11% p95=  443.2ms top=504_TIMEOUT
INFO:root:[window 2026-09-24T12:02:40Z] QuickPay  n=   90 err=  1.11% p95=  443.2ms top=504_TIMEOUT
INFO:root:[window 2026-09-24T12:02:35Z] QuickPay  n=   90 err=  1.11% p95=  443.2ms top=504_TIMEOUT
INFO:root:[window 2026-09-24T12:02:30Z] QuickPay  n=   90 err=  1.11% p95=  443.2ms top=504_TIMEOUT
INFO:root:[window 2026-09-24T12:02:25Z] QuickPay  n=   90 err=  1.11% p95=  443.2ms top=504_TIMEOUT
INFO:root:[window 2026-09-24T12:02:20Z] QuickPay  n=   90 err=  1.11% p95=  443.2ms top=504_TIMEOUT
INFO:root:[window 2026-09-24T12:02:15Z] QuickPay  n=   90 err=  1.11% p95=  443.2ms top=504_TIMEOUT
INFO:root:[window 2026-09-24T12:02:10Z] QuickPay  n=   64 err=  1.56% p95=  420.4ms top=504_TIMEOUT
INFO:root:[window 2026-09-24T12:02:05Z] QuickPay  n=   36 err=  2.78% p95=  420.4ms top=504_TIMEOUT
INFO:root:[window 2026-09-24T12:01:55Z] QuickPay  n=    1 err=  0.00% p95=  352.3ms top=None
INFO:root:[window 2026-09-24T12:01:50Z] QuickPay  n=    1 err=  0.00% p95=  352.3ms top=None
INFO:root:[window 2026-09-24T12:01:45Z] QuickPay  n=    1 err=  0.00% p95=  352.3ms top=None
INFO:root:[window 2026-09-24T12:01:40Z] QuickPay  n=    1 err=  0.00% p95=  352.3ms top=None
INFO:root:[window 2026-09-24T12:01:35Z] QuickPay  n=    1 err=  0.00% p95=  352.3ms top=None
INFO:root:[window 2026-09-24T12:01:30Z] QuickPay  n=    1 err=  0.00% p95=  352.3ms top=None
INFO:root:[window 2026-09-24T12:01:25Z] QuickPay  n=    1 err=  0.00% p95=  352.3ms top=None
INFO:root:[window 2026-09-24T12:01:20Z] QuickPay  n=    1 err=  0.00% p95=  352.3ms top=None
INFO:root:[window 2026-09-24T12:01:15Z] QuickPay  n=    1 err=  0.00% p95=  352.3ms top=None
INFO:root:[window 2026-09-24T12:01:10Z] QuickPay  n=    1 err=  0.00% p95=  352.3ms top=None
INFO:root:[window 2026-09-24T12:01:05Z] QuickPay  n=    1 err=  0.00% p95=  352.3ms top=None
INFO:root:[window 2026-09-24T12:01:00Z] QuickPay  n=    1 err=  0.00% p95=  352.3ms top=None
INFO:root:[window 2026-09-24T12:02:50Z] SecurePay n=  282 err=  0.71% p95=  439.9ms top=502_BAD_GATEWAY
INFO:root:[window 2026-09-24T12:02:45Z] SecurePay n=  282 err=  0.71% p95=  439.9ms top=502_BAD_GATEWAY
INFO:root:[window 2026-09-24T12:02:40Z] SecurePay n=  282 err=  0.71% p95=  439.9ms top=502_BAD_GATEWAY
INFO:root:[window 2026-09-24T12:02:35Z] SecurePay n=  282 err=  0.71% p95=  439.9ms top=502_BAD_GATEWAY
INFO:root:[window 2026-09-24T12:02:30Z] SecurePay n=  282 err=  0.71% p95=  439.9ms top=502_BAD_GATEWAY
INFO:root:[window 2026-09-24T12:02:25Z] SecurePay n=  282 err=  0.71% p95=  439.9ms top=502_BAD_GATEWAY
INFO:root:[window 2026-09-24T12:02:20Z] SecurePay n=  282 err=  0.71% p95=  439.9ms top=502_BAD_GATEWAY
INFO:root:[window 2026-09-24T12:02:15Z] SecurePay n=  282 err=  0.71% p95=  439.9ms top=502_BAD_GATEWAY
INFO:root:[window 2026-09-24T12:02:10Z] SecurePay n=  212 err=  0.94% p95=  439.9ms top=502_BAD_GATEWAY
INFO:root:[window 2026-09-24T12:02:05Z] SecurePay n=  113 err=  0.88% p95=  429.7ms top=502_BAD_GATEWAY
INFO:root:[window 2026-09-24T12:01:45Z] SecurePay n=    4 err=  0.00% p95=  359.2ms top=None
INFO:root:[window 2026-09-24T12:01:40Z] SecurePay n=    5 err=  0.00% p95=  359.2ms top=None
INFO:root:[window 2026-09-24T12:01:35Z] SecurePay n=    5 err=  0.00% p95=  359.2ms top=None
INFO:root:[window 2026-09-24T12:01:30Z] SecurePay n=    5 err=  0.00% p95=  359.2ms top=None
INFO:root:[window 2026-09-24T12:01:25Z] SecurePay n=    5 err=  0.00% p95=  359.2ms top=None
INFO:root:[window 2026-09-24T12:01:20Z] SecurePay n=    5 err=  0.00% p95=  359.2ms top=None
INFO:root:[window 2026-09-24T12:01:15Z] SecurePay n=    5 err=  0.00% p95=  359.2ms top=None
INFO:root:[window 2026-09-24T12:01:10Z] SecurePay n=    4 err=  0.00% p95=  359.2ms top=None
INFO:root:[window 2026-09-24T12:01:05Z] SecurePay n=    4 err=  0.00% p95=  359.2ms top=None
INFO:root:[window 2026-09-24T12:01:00Z] SecurePay n=    3 err=  0.00% p95=  261.8ms top=None
INFO:root:[window 2026-09-24T12:00:55Z] SecurePay n=    2 err=  0.00% p95=  261.8ms top=None
INFO:root:[window 2026-09-24T12:01:55Z] SecurePay n=    3 err=  0.00% p95=  330.2ms top=None
INFO:root:[window 2026-09-24T12:01:50Z] SecurePay n=    3 err=  0.00% p95=  330.2ms top=None
INFO:root:[window 2026-09-24T12:02:00Z] SecurePay n=    2 err=  0.00% p95=  330.2ms top=None
I0924 17:32:55.173239 9281435 ev_poll_posix.cc:587] FD from fork parent still in poll list: fd(7, generation: 1)
I0924 17:32:55.173322 9281435 ev_poll_posix.cc:587] FD from fork parent still in poll list: fd(3, generation: 1)
INFO:root:[window 2026-09-24T12:02:50Z] SecurePay n=  109 err=  0.00% p95=  429.8ms top=None
INFO:root:[window 2026-09-24T12:02:45Z] SecurePay n=  109 err=  0.00% p95=  429.8ms top=None
INFO:root:[window 2026-09-24T12:02:40Z] SecurePay n=  109 err=  0.00% p95=  429.8ms top=None
INFO:root:[window 2026-09-24T12:02:35Z] SecurePay n=  109 err=  0.00% p95=  429.8ms top=None
INFO:root:[window 2026-09-24T12:02:30Z] SecurePay n=  109 err=  0.00% p95=  429.8ms top=None
INFO:root:[window 2026-09-24T12:02:25Z] SecurePay n=  104 err=  0.00% p95=  421.6ms top=None
INFO:root:[window 2026-09-24T12:02:20Z] SecurePay n=  104 err=  0.00% p95=  421.6ms top=None
INFO:root:[window 2026-09-24T12:02:15Z] SecurePay n=   52 err=  0.00% p95=  448.7ms top=None
INFO:root:[window 2026-09-24T12:01:45Z] SecurePay n=    1 err=  0.00% p95=  400.3ms top=None
INFO:root:[window 2026-09-24T12:01:40Z] SecurePay n=    1 err=  0.00% p95=  400.3ms top=None
INFO:root:[window 2026-09-24T12:01:35Z] SecurePay n=    1 err=  0.00% p95=  400.3ms top=None
INFO:root:[window 2026-09-24T12:01:30Z] SecurePay n=    1 err=  0.00% p95=  400.3ms top=None
INFO:root:[window 2026-09-24T12:01:25Z] SecurePay n=    1 err=  0.00% p95=  400.3ms top=None
INFO:root:[window 2026-09-24T12:01:20Z] SecurePay n=    1 err=  0.00% p95=  400.3ms top=None
INFO:root:[window 2026-09-24T12:01:15Z] SecurePay n=    1 err=  0.00% p95=  400.3ms top=None
INFO:root:[window 2026-09-24T12:01:10Z] SecurePay n=    1 err=  0.00% p95=  400.3ms top=None
INFO:root:[window 2026-09-24T12:01:05Z] SecurePay n=    1 err=  0.00% p95=  400.3ms top=None
INFO:root:[window 2026-09-24T12:01:00Z] SecurePay n=    1 err=  0.00% p95=  400.3ms top=None
INFO:root:[window 2026-09-24T12:00:55Z] SecurePay n=    1 err=  0.00% p95=  400.3ms top=None
INFO:root:[window 2026-09-24T12:02:50Z] FastPay   n=  256 err=  1.17% p95=  449.2ms top=504_TIMEOUT
INFO:root:[window 2026-09-24T12:02:45Z] FastPay   n=  256 err=  1.17% p95=  449.2ms top=504_TIMEOUT
INFO:root:[window 2026-09-24T12:02:40Z] FastPay   n=  256 err=  1.17% p95=  449.2ms top=504_TIMEOUT
INFO:root:[window 2026-09-24T12:02:35Z] FastPay   n=  256 err=  1.17% p95=  449.2ms top=504_TIMEOUT
INFO:root:[window 2026-09-24T12:02:30Z] FastPay   n=  256 err=  1.17% p95=  449.2ms top=504_TIMEOUT
INFO:root:[window 2026-09-24T12:02:25Z] FastPay   n=  248 err=  1.21% p95=  446.6ms top=504_TIMEOUT
INFO:root:[window 2026-09-24T12:02:20Z] FastPay   n=  248 err=  1.21% p95=  446.6ms top=504_TIMEOUT
INFO:root:[window 2026-09-24T12:02:15Z] FastPay   n=  129 err=  0.78% p95=  446.6ms top=502_BAD_GATEWAY
INFO:root:[window 2026-09-24T12:02:00Z] FastPay   n=    1 err=  0.00% p95=  279.4ms top=None
INFO:root:[window 2026-09-24T12:01:55Z] FastPay   n=    1 err=  0.00% p95=  279.4ms top=None
INFO:root:[window 2026-09-24T12:01:50Z] FastPay   n=    1 err=  0.00% p95=  279.4ms top=None
INFO:root:[window 2026-09-24T12:01:45Z] FastPay   n=    1 err=  0.00% p95=  279.4ms top=None
INFO:root:[window 2026-09-24T12:01:40Z] FastPay   n=    1 err=  0.00% p95=  279.4ms top=None
INFO:root:[window 2026-09-24T12:01:35Z] FastPay   n=    1 err=  0.00% p95=  279.4ms top=None
INFO:root:[window 2026-09-24T12:01:30Z] FastPay   n=    1 err=  0.00% p95=  279.4ms top=None
INFO:root:[window 2026-09-24T12:01:25Z] FastPay   n=    1 err=  0.00% p95=  279.4ms top=None
INFO:root:[window 2026-09-24T12:01:20Z] FastPay   n=    1 err=  0.00% p95=  279.4ms top=None
INFO:root:[window 2026-09-24T12:01:15Z] FastPay   n=    1 err=  0.00% p95=  279.4ms top=None
INFO:root:[window 2026-09-24T12:01:10Z] FastPay   n=    1 err=  0.00% p95=  279.4ms top=None
INFO:root:[window 2026-09-24T12:01:05Z] FastPay   n=    1 err=  0.00% p95=  279.4ms top=None
INFO:root:[window 2026-09-24T12:02:50Z] QuickPay  n=   47 err=  0.00% p95=  410.8ms top=None
INFO:root:[window 2026-09-24T12:02:45Z] QuickPay  n=   47 err=  0.00% p95=  410.8ms top=None
INFO:root:[window 2026-09-24T12:02:40Z] QuickPay  n=   47 err=  0.00% p95=  410.8ms top=None
INFO:root:[window 2026-09-24T12:02:35Z] QuickPay  n=   47 err=  0.00% p95=  410.8ms top=None
INFO:root:[window 2026-09-24T12:02:30Z] QuickPay  n=   47 err=  0.00% p95=  410.8ms top=None
INFO:root:[window 2026-09-24T12:02:25Z] QuickPay  n=   46 err=  0.00% p95=  410.8ms top=None
INFO:root:[window 2026-09-24T12:02:20Z] QuickPay  n=   46 err=  0.00% p95=  410.8ms top=None
INFO:root:[window 2026-09-24T12:02:15Z] QuickPay  n=   18 err=  0.00% p95=  387.1ms top=None
INFO:root:[window 2026-09-24T12:02:55Z] QuickPay  n=  383 err=  2.35% p95=  475.0ms top=504_TIMEOUT
INFO:root:[window 2026-09-24T12:02:55Z] FastPay   n= 2406 err=  1.04% p95=  437.1ms top=504_TIMEOUT
INFO:root:[window 2026-09-24T12:02:55Z] SecurePay n= 1145 err=  0.17% p95=  437.8ms top=502_BAD_GATEWAY
I0924 17:32:57.988886 9281746 ev_poll_posix.cc:587] FD from fork parent still in poll list: fd(7, generation: 1)
I0924 17:32:57.988982 9281746 ev_poll_posix.cc:587] FD from fork parent still in poll list: fd(3, generation: 1)
I0924 17:32:58.499801 9281910 ev_poll_posix.cc:587] FD from fork parent still in poll list: fd(7, generation: 1)
I0924 17:32:58.499875 9281910 ev_poll_posix.cc:587] FD from fork parent still in poll list: fd(3, generation: 1)
INFO:root:[window 2026-09-24T12:02:55Z] SecurePay n=  298 err=  1.34% p95=  426.4ms top=504_TIMEOUT
INFO:root:[window 2026-09-24T12:02:50Z] SecurePay n=  298 err=  1.34% p95=  426.4ms top=504_TIMEOUT
INFO:root:[window 2026-09-24T12:02:45Z] SecurePay n=  298 err=  1.34% p95=  426.4ms top=504_TIMEOUT
INFO:root:[window 2026-09-24T12:02:40Z] SecurePay n=  298 err=  1.34% p95=  426.4ms top=504_TIMEOUT
INFO:root:[window 2026-09-24T12:02:35Z] SecurePay n=  298 err=  1.34% p95=  426.4ms top=504_TIMEOUT
INFO:root:[window 2026-09-24T12:02:30Z] SecurePay n=  298 err=  1.34% p95=  426.4ms top=504_TIMEOUT
INFO:root:[window 2026-09-24T12:02:25Z] SecurePay n=  298 err=  1.34% p95=  426.4ms top=504_TIMEOUT
INFO:root:[window 2026-09-24T12:02:20Z] SecurePay n=  298 err=  1.34% p95=  426.4ms top=504_TIMEOUT
INFO:root:[window 2026-09-24T12:02:15Z] SecurePay n=  184 err=  1.63% p95=  433.2ms top=504_TIMEOUT
INFO:root:[window 2026-09-24T12:02:10Z] SecurePay n=   36 err=  0.00% p95=  457.3ms top=None
INFO:root:[window 2026-09-24T12:01:45Z] SecurePay n=    3 err=  0.00% p95=  280.0ms top=None
INFO:root:[window 2026-09-24T12:01:40Z] SecurePay n=    3 err=  0.00% p95=  280.0ms top=None
INFO:root:[window 2026-09-24T12:01:35Z] SecurePay n=    3 err=  0.00% p95=  280.0ms top=None
INFO:root:[window 2026-09-24T12:01:30Z] SecurePay n=    3 err=  0.00% p95=  280.0ms top=None
INFO:root:[window 2026-09-24T12:01:25Z] SecurePay n=    3 err=  0.00% p95=  280.0ms top=None
INFO:root:[window 2026-09-24T12:01:20Z] SecurePay n=    3 err=  0.00% p95=  280.0ms top=None
INFO:root:[window 2026-09-24T12:01:15Z] SecurePay n=    3 err=  0.00% p95=  280.0ms top=None
INFO:root:[window 2026-09-24T12:01:10Z] SecurePay n=    3 err=  0.00% p95=  280.0ms top=None
INFO:root:[window 2026-09-24T12:01:05Z] SecurePay n=    2 err=  0.00% p95=  280.0ms top=None
INFO:root:[window 2026-09-24T12:01:00Z] SecurePay n=    2 err=  0.00% p95=  280.0ms top=None
INFO:root:[window 2026-09-24T12:02:05Z] SecurePay n=    1 err=  0.00% p95=  251.4ms top=None
INFO:root:[window 2026-09-24T12:02:00Z] SecurePay n=    1 err=  0.00% p95=  251.4ms top=None
INFO:root:[window 2026-09-24T12:01:55Z] SecurePay n=    1 err=  0.00% p95=  251.4ms top=None
INFO:root:[window 2026-09-24T12:01:50Z] SecurePay n=    2 err=  0.00% p95=  251.4ms top=None
INFO:root:[window 2026-09-24T12:02:55Z] FastPay   n=  609 err=  0.16% p95=  425.3ms top=504_TIMEOUT
INFO:root:[window 2026-09-24T12:02:50Z] FastPay   n=  609 err=  0.16% p95=  425.3ms top=504_TIMEOUT
INFO:root:[window 2026-09-24T12:02:45Z] FastPay   n=  609 err=  0.16% p95=  425.3ms top=504_TIMEOUT
INFO:root:[window 2026-09-24T12:02:40Z] FastPay   n=  609 err=  0.16% p95=  425.3ms top=504_TIMEOUT
INFO:root:[window 2026-09-24T12:02:35Z] FastPay   n=  609 err=  0.16% p95=  425.3ms top=504_TIMEOUT
INFO:root:[window 2026-09-24T12:02:30Z] FastPay   n=  609 err=  0.16% p95=  425.3ms top=504_TIMEOUT
INFO:root:[window 2026-09-24T12:02:25Z] FastPay   n=  609 err=  0.16% p95=  425.3ms top=504_TIMEOUT
INFO:root:[window 2026-09-24T12:02:20Z] FastPay   n=  609 err=  0.16% p95=  425.3ms top=504_TIMEOUT
INFO:root:[window 2026-09-24T12:02:15Z] FastPay   n=  386 err=  0.26% p95=  425.3ms top=504_TIMEOUT
INFO:root:[window 2026-09-24T12:02:10Z] FastPay   n=   83 err=  1.20% p95=  419.4ms top=504_TIMEOUT
INFO:root:[window 2026-09-24T12:01:50Z] FastPay   n=    7 err=  0.00% p95=  346.7ms top=None
INFO:root:[window 2026-09-24T12:01:45Z] FastPay   n=    7 err=  0.00% p95=  346.7ms top=None
INFO:root:[window 2026-09-24T12:01:40Z] FastPay   n=    7 err=  0.00% p95=  346.7ms top=None
INFO:root:[window 2026-09-24T12:01:35Z] FastPay   n=    7 err=  0.00% p95=  346.7ms top=None
INFO:root:[window 2026-09-24T12:01:30Z] FastPay   n=    7 err=  0.00% p95=  346.7ms top=None
INFO:root:[window 2026-09-24T12:01:25Z] FastPay   n=    7 err=  0.00% p95=  346.7ms top=None
INFO:root:[window 2026-09-24T12:01:20Z] FastPay   n=    7 err=  0.00% p95=  346.7ms top=None
INFO:root:[window 2026-09-24T12:01:15Z] FastPay   n=    7 err=  0.00% p95=  346.7ms top=None
INFO:root:[window 2026-09-24T12:01:10Z] FastPay   n=    5 err=  0.00% p95=  327.5ms top=None
INFO:root:[window 2026-09-24T12:01:05Z] FastPay   n=    5 err=  0.00% p95=  327.5ms top=None
INFO:root:[window 2026-09-24T12:01:00Z] FastPay   n=    2 err=  0.00% p95=  287.6ms top=None
INFO:root:[window 2026-09-24T12:02:00Z] FastPay   n=    5 err=  0.00% p95=  346.7ms top=None
INFO:root:[window 2026-09-24T12:01:55Z] FastPay   n=    6 err=  0.00% p95=  346.7ms top=None
INFO:root:[window 2026-09-24T12:02:05Z] FastPay   n=    2 err=  0.00% p95=  307.9ms top=None
INFO:root:[window 2026-09-24T12:02:55Z] QuickPay  n=   81 err=  1.23% p95=  412.5ms top=504_TIMEOUT
INFO:root:[window 2026-09-24T12:02:50Z] QuickPay  n=   81 err=  1.23% p95=  412.5ms top=504_TIMEOUT
INFO:root:[window 2026-09-24T12:02:45Z] QuickPay  n=   81 err=  1.23% p95=  412.5ms top=504_TIMEOUT
INFO:root:[window 2026-09-24T12:02:40Z] QuickPay  n=   81 err=  1.23% p95=  412.5ms top=504_TIMEOUT
INFO:root:[window 2026-09-24T12:02:35Z] QuickPay  n=   81 err=  1.23% p95=  412.5ms top=504_TIMEOUT
INFO:root:[window 2026-09-24T12:02:30Z] QuickPay  n=   81 err=  1.23% p95=  412.5ms top=504_TIMEOUT
INFO:root:[window 2026-09-24T12:02:25Z] QuickPay  n=   81 err=  1.23% p95=  412.5ms top=504_TIMEOUT
INFO:root:[window 2026-09-24T12:02:20Z] QuickPay  n=   81 err=  1.23% p95=  412.5ms top=504_TIMEOUT
INFO:root:[window 2026-09-24T12:02:15Z] QuickPay  n=   55 err=  1.82% p95=  401.5ms top=504_TIMEOUT
INFO:root:[window 2026-09-24T12:02:10Z] QuickPay  n=   17 err=  0.00% p95=  367.5ms top=None
INFO:root:[window 2026-09-24T12:01:45Z] QuickPay  n=    2 err=  0.00% p95=  210.3ms top=None
INFO:root:[window 2026-09-24T12:01:40Z] QuickPay  n=    2 err=  0.00% p95=  210.3ms top=None
INFO:root:[window 2026-09-24T12:01:35Z] QuickPay  n=    2 err=  0.00% p95=  210.3ms top=None
INFO:root:[window 2026-09-24T12:01:30Z] QuickPay  n=    2 err=  0.00% p95=  210.3ms top=None
INFO:root:[window 2026-09-24T12:01:25Z] QuickPay  n=    2 err=  0.00% p95=  210.3ms top=None
INFO:root:[window 2026-09-24T12:01:20Z] QuickPay  n=    2 err=  0.00% p95=  210.3ms top=None
INFO:root:[window 2026-09-24T12:01:15Z] QuickPay  n=    2 err=  0.00% p95=  210.3ms top=None
INFO:root:[window 2026-09-24T12:01:10Z] QuickPay  n=    2 err=  0.00% p95=  210.3ms top=None
INFO:root:[window 2026-09-24T12:01:05Z] QuickPay  n=    2 err=  0.00% p95=  210.3ms top=None
INFO:root:[window 2026-09-24T12:01:00Z] QuickPay  n=    2 err=  0.00% p95=  210.3ms top=None
INFO:root:[window 2026-09-24T12:01:50Z] QuickPay  n=    1 err=  0.00% p95=  210.3ms top=None
INFO:root:[window 2026-09-24T12:03:00Z] QuickPay  n=  369 err=  1.36% p95=  441.8ms top=504_TIMEOUT
INFO:root:[window 2026-09-24T12:03:00Z] FastPay   n= 2404 err=  0.71% p95=  434.5ms top=504_TIMEOUT
INFO:root:[window 2026-09-24T12:03:00Z] SecurePay n= 1163 err=  0.52% p95=  437.0ms top=504_TIMEOUT
I0924 17:33:00.824428 9282152 ev_poll_posix.cc:587] FD from fork parent still in poll list: fd(7, generation: 1)
I0924 17:33:00.824501 9282152 ev_poll_posix.cc:587] FD from fork parent still in poll list: fd(3, generation: 1)
I0924 17:33:01.293680 9282247 ev_poll_posix.cc:587] FD from fork parent still in poll list: fd(7, generation: 1)
I0924 17:33:01.293735 9282247 ev_poll_posix.cc:587] FD from fork parent still in poll list: fd(3, generation: 1)
INFO:root:[window 2026-09-24T12:03:00Z] SecurePay n=   11 err=  0.00% p95=  415.3ms top=None
INFO:root:[window 2026-09-24T12:02:55Z] SecurePay n=   11 err=  0.00% p95=  415.3ms top=None
INFO:root:[window 2026-09-24T12:02:50Z] SecurePay n=   11 err=  0.00% p95=  415.3ms top=None
INFO:root:[window 2026-09-24T12:02:45Z] SecurePay n=   11 err=  0.00% p95=  415.3ms top=None
INFO:root:[window 2026-09-24T12:02:40Z] SecurePay n=   11 err=  0.00% p95=  415.3ms top=None
INFO:root:[window 2026-09-24T12:02:35Z] SecurePay n=   11 err=  0.00% p95=  415.3ms top=None
INFO:root:[window 2026-09-24T12:02:30Z] SecurePay n=   11 err=  0.00% p95=  415.3ms top=None
INFO:root:[window 2026-09-24T12:02:25Z] SecurePay n=   11 err=  0.00% p95=  415.3ms top=None
INFO:root:[window 2026-09-24T12:02:20Z] SecurePay n=   11 err=  0.00% p95=  415.3ms top=None
INFO:root:[window 2026-09-24T12:03:00Z] FastPay   n=   17 err=  0.00% p95=  421.3ms top=None
INFO:root:[window 2026-09-24T12:02:55Z] FastPay   n=   18 err=  5.56% p95=  464.7ms top=504_TIMEOUT
INFO:root:[window 2026-09-24T12:02:50Z] FastPay   n=   18 err=  5.56% p95=  464.7ms top=504_TIMEOUT
INFO:root:[window 2026-09-24T12:02:45Z] FastPay   n=   19 err= 10.53% p95= 3783.2ms top=504_TIMEOUT
INFO:root:[window 2026-09-24T12:02:40Z] FastPay   n=   19 err= 10.53% p95= 3783.2ms top=504_TIMEOUT
INFO:root:[window 2026-09-24T12:02:35Z] FastPay   n=   19 err= 10.53% p95= 3783.2ms top=504_TIMEOUT
INFO:root:[window 2026-09-24T12:02:30Z] FastPay   n=   19 err= 10.53% p95= 3783.2ms top=504_TIMEOUT
INFO:root:[window 2026-09-24T12:02:25Z] FastPay   n=   19 err= 10.53% p95= 3783.2ms top=504_TIMEOUT
INFO:root:[window 2026-09-24T12:02:20Z] FastPay   n=   19 err= 10.53% p95= 3783.2ms top=504_TIMEOUT
INFO:root:[window 2026-09-24T12:02:15Z] FastPay   n=    2 err=100.00% p95= 3783.2ms top=504_TIMEOUT
INFO:root:[window 2026-09-24T12:02:10Z] FastPay   n=    2 err=100.00% p95= 3783.2ms top=504_TIMEOUT
INFO:root:[window 2026-09-24T12:02:05Z] FastPay   n=    2 err=100.00% p95= 3783.2ms top=504_TIMEOUT
INFO:root:[window 2026-09-24T12:02:00Z] FastPay   n=    2 err=100.00% p95= 3783.2ms top=504_TIMEOUT
INFO:root:[window 2026-09-24T12:01:55Z] FastPay   n=    1 err=100.00% p95= 5597.0ms top=504_TIMEOUT
INFO:root:[window 2026-09-24T12:01:50Z] FastPay   n=    1 err=100.00% p95= 5597.0ms top=504_TIMEOUT
INFO:root:[window 2026-09-24T12:03:00Z] QuickPay  n=    3 err=  0.00% p95=  199.5ms top=None
INFO:root:[window 2026-09-24T12:02:55Z] QuickPay  n=    3 err=  0.00% p95=  199.5ms top=None
INFO:root:[window 2026-09-24T12:02:50Z] QuickPay  n=    3 err=  0.00% p95=  199.5ms top=None
INFO:root:[window 2026-09-24T12:02:45Z] QuickPay  n=    3 err=  0.00% p95=  199.5ms top=None
INFO:root:[window 2026-09-24T12:02:40Z] QuickPay  n=    3 err=  0.00% p95=  199.5ms top=None
INFO:root:[window 2026-09-24T12:02:35Z] QuickPay  n=    3 err=  0.00% p95=  199.5ms top=None
INFO:root:[window 2026-09-24T12:02:30Z] QuickPay  n=    3 err=  0.00% p95=  199.5ms top=None
INFO:root:[window 2026-09-24T12:02:25Z] QuickPay  n=    3 err=  0.00% p95=  199.5ms top=None
INFO:root:[window 2026-09-24T12:02:20Z] QuickPay  n=    3 err=  0.00% p95=  199.5ms top=None
I0924 17:33:03.241349 9282503 ev_poll_posix.cc:587] FD from fork parent still in poll list: fd(7, generation: 1)
I0924 17:33:03.241404 9282503 ev_poll_posix.cc:587] FD from fork parent still in poll list: fd(3, generation: 1)
INFO:root:[window 2026-09-24T12:02:40Z] FastPay   n=  216 err=  0.93% p95=  421.3ms top=504_TIMEOUT
INFO:root:[window 2026-09-24T12:02:35Z] FastPay   n=  217 err=  1.38% p95=  421.3ms top=504_TIMEOUT
INFO:root:[window 2026-09-24T12:02:30Z] FastPay   n=  217 err=  1.38% p95=  421.3ms top=504_TIMEOUT
INFO:root:[window 2026-09-24T12:02:25Z] FastPay   n=  217 err=  1.38% p95=  421.3ms top=504_TIMEOUT
INFO:root:[window 2026-09-24T12:02:20Z] FastPay   n=  110 err=  1.82% p95=  429.5ms top=502_BAD_GATEWAY
INFO:root:[window 2026-09-24T12:02:15Z] FastPay   n=    3 err= 33.33% p95=  342.6ms top=502_BAD_GATEWAY
INFO:root:[window 2026-09-24T12:02:10Z] FastPay   n=    4 err= 25.00% p95=  370.1ms top=502_BAD_GATEWAY
INFO:root:[window 2026-09-24T12:02:05Z] FastPay   n=    4 err= 25.00% p95=  370.1ms top=502_BAD_GATEWAY
INFO:root:[window 2026-09-24T12:02:00Z] FastPay   n=    5 err= 20.00% p95=  370.1ms top=502_BAD_GATEWAY
INFO:root:[window 2026-09-24T12:01:55Z] FastPay   n=    5 err= 20.00% p95=  370.1ms top=502_BAD_GATEWAY
INFO:root:[window 2026-09-24T12:01:50Z] FastPay   n=    5 err= 20.00% p95=  370.1ms top=502_BAD_GATEWAY
INFO:root:[window 2026-09-24T12:01:45Z] FastPay   n=    5 err= 20.00% p95=  370.1ms top=502_BAD_GATEWAY
INFO:root:[window 2026-09-24T12:01:40Z] FastPay   n=    4 err= 25.00% p95=  370.1ms top=502_BAD_GATEWAY
INFO:root:[window 2026-09-24T12:03:00Z] FastPay   n=  215 err=  0.93% p95=  421.3ms top=504_TIMEOUT
INFO:root:[window 2026-09-24T12:02:55Z] FastPay   n=  215 err=  0.93% p95=  421.3ms top=504_TIMEOUT
INFO:root:[window 2026-09-24T12:02:50Z] FastPay   n=  215 err=  0.93% p95=  421.3ms top=504_TIMEOUT
INFO:root:[window 2026-09-24T12:02:45Z] FastPay   n=  215 err=  0.93% p95=  421.3ms top=504_TIMEOUT
INFO:root:[window 2026-09-24T12:01:35Z] FastPay   n=    3 err=  0.00% p95=  342.6ms top=None
INFO:root:[window 2026-09-24T12:01:30Z] FastPay   n=    3 err=  0.00% p95=  342.6ms top=None
INFO:root:[window 2026-09-24T12:01:25Z] FastPay   n=    3 err=  0.00% p95=  342.6ms top=None
INFO:root:[window 2026-09-24T12:01:20Z] FastPay   n=    3 err=  0.00% p95=  342.6ms top=None
INFO:root:[window 2026-09-24T12:01:15Z] FastPay   n=    2 err=  0.00% p95=  304.6ms top=None
INFO:root:[window 2026-09-24T12:01:10Z] FastPay   n=    1 err=  0.00% p95=  304.6ms top=None
INFO:root:[window 2026-09-24T12:01:05Z] FastPay   n=    1 err=  0.00% p95=  304.6ms top=None
INFO:root:[window 2026-09-24T12:03:00Z] SecurePay n=  138 err=  0.72% p95=  430.4ms top=504_TIMEOUT
INFO:root:[window 2026-09-24T12:02:55Z] SecurePay n=  138 err=  0.72% p95=  430.4ms top=504_TIMEOUT
INFO:root:[window 2026-09-24T12:02:50Z] SecurePay n=  138 err=  0.72% p95=  430.4ms top=504_TIMEOUT
INFO:root:[window 2026-09-24T12:02:45Z] SecurePay n=  138 err=  0.72% p95=  430.4ms top=504_TIMEOUT
INFO:root:[window 2026-09-24T12:02:40Z] SecurePay n=  138 err=  0.72% p95=  430.4ms top=504_TIMEOUT
INFO:root:[window 2026-09-24T12:02:35Z] SecurePay n=  138 err=  0.72% p95=  430.4ms top=504_TIMEOUT
INFO:root:[window 2026-09-24T12:02:30Z] SecurePay n=  138 err=  0.72% p95=  430.4ms top=504_TIMEOUT
INFO:root:[window 2026-09-24T12:02:25Z] SecurePay n=  138 err=  0.72% p95=  430.4ms top=504_TIMEOUT
INFO:root:[window 2026-09-24T12:02:20Z] SecurePay n=   65 err=  0.00% p95=  413.1ms top=None
INFO:root:[window 2026-09-24T12:03:00Z] QuickPay  n=   43 err=  2.33% p95=  419.0ms top=504_TIMEOUT
INFO:root:[window 2026-09-24T12:02:55Z] QuickPay  n=   43 err=  2.33% p95=  419.0ms top=504_TIMEOUT
INFO:root:[window 2026-09-24T12:02:50Z] QuickPay  n=   43 err=  2.33% p95=  419.0ms top=504_TIMEOUT
INFO:root:[window 2026-09-24T12:02:45Z] QuickPay  n=   43 err=  2.33% p95=  419.0ms top=504_TIMEOUT
INFO:root:[window 2026-09-24T12:02:40Z] QuickPay  n=   43 err=  2.33% p95=  419.0ms top=504_TIMEOUT
INFO:root:[window 2026-09-24T12:02:35Z] QuickPay  n=   43 err=  2.33% p95=  419.0ms top=504_TIMEOUT
INFO:root:[window 2026-09-24T12:02:30Z] QuickPay  n=   43 err=  2.33% p95=  419.0ms top=504_TIMEOUT
INFO:root:[window 2026-09-24T12:02:25Z] QuickPay  n=   43 err=  2.33% p95=  419.0ms top=504_TIMEOUT
INFO:root:[window 2026-09-24T12:02:20Z] QuickPay  n=   24 err=  0.00% p95=  320.6ms top=None
INFO:root:[window 2026-09-24T12:02:05Z] QuickPay  n=    1 err=  0.00% p95=  362.7ms top=None
INFO:root:[window 2026-09-24T12:02:00Z] QuickPay  n=    1 err=  0.00% p95=  362.7ms top=None
INFO:root:[window 2026-09-24T12:01:55Z] QuickPay  n=    1 err=  0.00% p95=  362.7ms top=None
INFO:root:[window 2026-09-24T12:01:50Z] QuickPay  n=    1 err=  0.00% p95=  362.7ms top=None
INFO:root:[window 2026-09-24T12:01:45Z] QuickPay  n=    1 err=  0.00% p95=  362.7ms top=None
INFO:root:[window 2026-09-24T12:01:40Z] QuickPay  n=    1 err=  0.00% p95=  362.7ms top=None
INFO:root:[window 2026-09-24T12:01:35Z] QuickPay  n=    1 err=  0.00% p95=  362.7ms top=None
INFO:root:[window 2026-09-24T12:01:30Z] QuickPay  n=    1 err=  0.00% p95=  362.7ms top=None
INFO:root:[window 2026-09-24T12:01:25Z] QuickPay  n=    1 err=  0.00% p95=  362.7ms top=None
INFO:root:[window 2026-09-24T12:01:20Z] QuickPay  n=    1 err=  0.00% p95=  362.7ms top=None
INFO:root:[window 2026-09-24T12:01:15Z] QuickPay  n=    1 err=  0.00% p95=  362.7ms top=None
INFO:root:[window 2026-09-24T12:01:10Z] QuickPay  n=    1 err=  0.00% p95=  362.7ms top=None
INFO:root:[window 2026-09-24T12:03:05Z] QuickPay  n=  325 err=  1.54% p95=  436.6ms top=504_TIMEOUT
INFO:root:[window 2026-09-24T12:03:05Z] FastPay   n= 2188 err=  5.26% p95=  481.7ms top=504_TIMEOUT
INFO:root:[window 2026-09-24T12:03:05Z] SecurePay n= 1060 err=  0.57% p95=  437.0ms top=504_TIMEOUT
I0924 17:33:06.136141 9282775 ev_poll_posix.cc:587] FD from fork parent still in poll list: fd(7, generation: 1)
I0924 17:33:06.136186 9282775 ev_poll_posix.cc:587] FD from fork parent still in poll list: fd(3, generation: 1)
I0924 17:33:06.578870 9282923 ev_poll_posix.cc:587] FD from fork parent still in poll list: fd(7, generation: 1)
I0924 17:33:06.578913 9282923 ev_poll_posix.cc:587] FD from fork parent still in poll list: fd(3, generation: 1)
INFO:root:[window 2026-09-24T12:03:05Z] FastPay   n=  593 err=  1.01% p95=  433.7ms top=504_TIMEOUT
INFO:root:[window 2026-09-24T12:03:00Z] FastPay   n=  593 err=  1.01% p95=  433.7ms top=504_TIMEOUT
INFO:root:[window 2026-09-24T12:02:55Z] FastPay   n=  593 err=  1.01% p95=  433.7ms top=504_TIMEOUT
INFO:root:[window 2026-09-24T12:02:50Z] FastPay   n=  593 err=  1.01% p95=  433.7ms top=504_TIMEOUT
INFO:root:[window 2026-09-24T12:02:45Z] FastPay   n=  593 err=  1.01% p95=  433.7ms top=504_TIMEOUT
INFO:root:[window 2026-09-24T12:02:40Z] FastPay   n=  593 err=  1.01% p95=  433.7ms top=504_TIMEOUT
INFO:root:[window 2026-09-24T12:02:35Z] FastPay   n=  593 err=  1.01% p95=  433.7ms top=504_TIMEOUT
INFO:root:[window 2026-09-24T12:02:30Z] FastPay   n=  593 err=  1.01% p95=  433.7ms top=504_TIMEOUT
INFO:root:[window 2026-09-24T12:02:25Z] FastPay   n=  593 err=  1.01% p95=  433.7ms top=504_TIMEOUT
INFO:root:[window 2026-09-24T12:02:20Z] FastPay   n=  119 err=  0.00% p95=  429.7ms top=None
INFO:root:[window 2026-09-24T12:02:15Z] FastPay   n=    1 err=  0.00% p95=  269.3ms top=None
INFO:root:[window 2026-09-24T12:02:10Z] FastPay   n=    1 err=  0.00% p95=  269.3ms top=None
INFO:root:[window 2026-09-24T12:02:05Z] FastPay   n=    2 err=  0.00% p95=  137.6ms top=None
INFO:root:[window 2026-09-24T12:02:00Z] FastPay   n=    2 err=  0.00% p95=  137.6ms top=None
INFO:root:[window 2026-09-24T12:01:55Z] FastPay   n=    5 err=  0.00% p95=  269.3ms top=None
INFO:root:[window 2026-09-24T12:01:50Z] FastPay   n=    5 err=  0.00% p95=  269.3ms top=None
INFO:root:[window 2026-09-24T12:01:45Z] FastPay   n=    5 err=  0.00% p95=  269.3ms top=None
INFO:root:[window 2026-09-24T12:01:40Z] FastPay   n=    5 err=  0.00% p95=  269.3ms top=None
INFO:root:[window 2026-09-24T12:01:35Z] FastPay   n=    5 err=  0.00% p95=  269.3ms top=None
INFO:root:[window 2026-09-24T12:01:30Z] FastPay   n=    5 err=  0.00% p95=  269.3ms top=None
INFO:root:[window 2026-09-24T12:01:25Z] FastPay   n=    5 err=  0.00% p95=  269.3ms top=None
INFO:root:[window 2026-09-24T12:01:20Z] FastPay   n=    5 err=  0.00% p95=  269.3ms top=None
INFO:root:[window 2026-09-24T12:01:15Z] FastPay   n=    4 err=  0.00% p95=  232.8ms top=None
INFO:root:[window 2026-09-24T12:01:10Z] FastPay   n=    4 err=  0.00% p95=  232.8ms top=None
INFO:root:[window 2026-09-24T12:03:05Z] QuickPay  n=  109 err=  0.92% p95=  430.5ms top=502_BAD_GATEWAY
INFO:root:[window 2026-09-24T12:03:00Z] QuickPay  n=  109 err=  0.92% p95=  430.5ms top=502_BAD_GATEWAY
INFO:root:[window 2026-09-24T12:02:55Z] QuickPay  n=  109 err=  0.92% p95=  430.5ms top=502_BAD_GATEWAY
INFO:root:[window 2026-09-24T12:02:50Z] QuickPay  n=  109 err=  0.92% p95=  430.5ms top=502_BAD_GATEWAY
INFO:root:[window 2026-09-24T12:02:45Z] QuickPay  n=  109 err=  0.92% p95=  430.5ms top=502_BAD_GATEWAY
INFO:root:[window 2026-09-24T12:02:40Z] QuickPay  n=  109 err=  0.92% p95=  430.5ms top=502_BAD_GATEWAY
INFO:root:[window 2026-09-24T12:02:35Z] QuickPay  n=  109 err=  0.92% p95=  430.5ms top=502_BAD_GATEWAY
INFO:root:[window 2026-09-24T12:02:30Z] QuickPay  n=  109 err=  0.92% p95=  430.5ms top=502_BAD_GATEWAY
INFO:root:[window 2026-09-24T12:02:25Z] QuickPay  n=  109 err=  0.92% p95=  430.5ms top=502_BAD_GATEWAY
INFO:root:[window 2026-09-24T12:02:20Z] QuickPay  n=   22 err=  0.00% p95=  430.5ms top=None
INFO:root:[window 2026-09-24T12:02:15Z] QuickPay  n=    1 err=  0.00% p95=  144.9ms top=None
INFO:root:[window 2026-09-24T12:02:10Z] QuickPay  n=    1 err=  0.00% p95=  144.9ms top=None
INFO:root:[window 2026-09-24T12:02:05Z] QuickPay  n=    1 err=  0.00% p95=  144.9ms top=None
INFO:root:[window 2026-09-24T12:02:00Z] QuickPay  n=    1 err=  0.00% p95=  144.9ms top=None
INFO:root:[window 2026-09-24T12:01:55Z] QuickPay  n=    1 err=  0.00% p95=  144.9ms top=None
INFO:root:[window 2026-09-24T12:01:50Z] QuickPay  n=    1 err=  0.00% p95=  144.9ms top=None
INFO:root:[window 2026-09-24T12:01:45Z] QuickPay  n=    1 err=  0.00% p95=  144.9ms top=None
INFO:root:[window 2026-09-24T12:01:40Z] QuickPay  n=    1 err=  0.00% p95=  144.9ms top=None
INFO:root:[window 2026-09-24T12:01:35Z] QuickPay  n=    1 err=  0.00% p95=  144.9ms top=None
INFO:root:[window 2026-09-24T12:01:30Z] QuickPay  n=    1 err=  0.00% p95=  144.9ms top=None
INFO:root:[window 2026-09-24T12:01:25Z] QuickPay  n=    1 err=  0.00% p95=  144.9ms top=None
INFO:root:[window 2026-09-24T12:01:20Z] QuickPay  n=    1 err=  0.00% p95=  144.9ms top=None
INFO:root:[window 2026-09-24T12:03:05Z] SecurePay n=  289 err=  0.69% p95=  426.1ms top=504_TIMEOUT
INFO:root:[window 2026-09-24T12:03:00Z] SecurePay n=  289 err=  0.69% p95=  426.1ms top=504_TIMEOUT
INFO:root:[window 2026-09-24T12:02:55Z] SecurePay n=  289 err=  0.69% p95=  426.1ms top=504_TIMEOUT
INFO:root:[window 2026-09-24T12:02:50Z] SecurePay n=  289 err=  0.69% p95=  426.1ms top=504_TIMEOUT
INFO:root:[window 2026-09-24T12:02:45Z] SecurePay n=  289 err=  0.69% p95=  426.1ms top=504_TIMEOUT
INFO:root:[window 2026-09-24T12:02:40Z] SecurePay n=  289 err=  0.69% p95=  426.1ms top=504_TIMEOUT
INFO:root:[window 2026-09-24T12:02:35Z] SecurePay n=  289 err=  0.69% p95=  426.1ms top=504_TIMEOUT
INFO:root:[window 2026-09-24T12:02:30Z] SecurePay n=  289 err=  0.69% p95=  426.1ms top=504_TIMEOUT
INFO:root:[window 2026-09-24T12:02:25Z] SecurePay n=  289 err=  0.69% p95=  426.1ms top=504_TIMEOUT
INFO:root:[window 2026-09-24T12:02:20Z] SecurePay n=   57 err=  0.00% p95=  426.5ms top=None
INFO:root:[window 2026-09-24T12:02:15Z] SecurePay n=    2 err=  0.00% p95=  268.9ms top=None
INFO:root:[window 2026-09-24T12:02:10Z] SecurePay n=    2 err=  0.00% p95=  268.9ms top=None
INFO:root:[window 2026-09-24T12:02:05Z] SecurePay n=    2 err=  0.00% p95=  268.9ms top=None
INFO:root:[window 2026-09-24T12:02:00Z] SecurePay n=    2 err=  0.00% p95=  268.9ms top=None
INFO:root:[window 2026-09-24T12:01:55Z] SecurePay n=    2 err=  0.00% p95=  268.9ms top=None
INFO:root:[window 2026-09-24T12:01:50Z] SecurePay n=    3 err=  0.00% p95=  328.2ms top=None
INFO:root:[window 2026-09-24T12:01:45Z] SecurePay n=    3 err=  0.00% p95=  328.2ms top=None
INFO:root:[window 2026-09-24T12:01:40Z] SecurePay n=    3 err=  0.00% p95=  328.2ms top=None
INFO:root:[window 2026-09-24T12:01:35Z] SecurePay n=    3 err=  0.00% p95=  328.2ms top=None
INFO:root:[window 2026-09-24T12:01:30Z] SecurePay n=    3 err=  0.00% p95=  328.2ms top=None
INFO:root:[window 2026-09-24T12:01:25Z] SecurePay n=    3 err=  0.00% p95=  328.2ms top=None
INFO:root:[window 2026-09-24T12:01:20Z] SecurePay n=    2 err=  0.00% p95=  268.9ms top=None
INFO:root:[window 2026-09-24T12:01:15Z] SecurePay n=    1 err=  0.00% p95=  379.4ms top=None
INFO:root:[window 2026-09-24T12:01:10Z] SecurePay n=    1 err=  0.00% p95=  379.4ms top=None
I0924 17:33:08.878778 9283145 ev_poll_posix.cc:587] FD from fork parent still in poll list: fd(7, generation: 1)
I0924 17:33:08.878836 9283145 ev_poll_posix.cc:587] FD from fork parent still in poll list: fd(3, generation: 1)
INFO:root:[window 2026-09-24T12:03:05Z] FastPay   n=  594 err=  1.18% p95=  453.1ms top=504_TIMEOUT
INFO:root:[window 2026-09-24T12:03:00Z] FastPay   n=  594 err=  1.18% p95=  453.1ms top=504_TIMEOUT
INFO:root:[window 2026-09-24T12:02:55Z] FastPay   n=  594 err=  1.18% p95=  453.1ms top=504_TIMEOUT
INFO:root:[window 2026-09-24T12:02:50Z] FastPay   n=  594 err=  1.18% p95=  453.1ms top=504_TIMEOUT
INFO:root:[window 2026-09-24T12:02:45Z] FastPay   n=  594 err=  1.18% p95=  453.1ms top=504_TIMEOUT
INFO:root:[window 2026-09-24T12:02:40Z] FastPay   n=  594 err=  1.18% p95=  453.1ms top=504_TIMEOUT
INFO:root:[window 2026-09-24T12:02:35Z] FastPay   n=  594 err=  1.18% p95=  453.1ms top=504_TIMEOUT
INFO:root:[window 2026-09-24T12:02:30Z] FastPay   n=  230 err=  1.30% p95=  444.9ms top=504_TIMEOUT
INFO:root:[window 2026-09-24T12:02:15Z] FastPay   n=    4 err=  0.00% p95=  244.0ms top=None
INFO:root:[window 2026-09-24T12:02:10Z] FastPay   n=    7 err=  0.00% p95=  284.6ms top=None
INFO:root:[window 2026-09-24T12:02:05Z] FastPay   n=    7 err=  0.00% p95=  284.6ms top=None
INFO:root:[window 2026-09-24T12:02:00Z] FastPay   n=    8 err=  0.00% p95=  295.5ms top=None
INFO:root:[window 2026-09-24T12:01:55Z] FastPay   n=    8 err=  0.00% p95=  295.5ms top=None
INFO:root:[window 2026-09-24T12:01:50Z] FastPay   n=    8 err=  0.00% p95=  295.5ms top=None
INFO:root:[window 2026-09-24T12:01:45Z] FastPay   n=    8 err=  0.00% p95=  295.5ms top=None
INFO:root:[window 2026-09-24T12:01:40Z] FastPay   n=    8 err=  0.00% p95=  295.5ms top=None
INFO:root:[window 2026-09-24T12:01:35Z] FastPay   n=    8 err=  0.00% p95=  295.5ms top=None
INFO:root:[window 2026-09-24T12:01:30Z] FastPay   n=    8 err=  0.00% p95=  295.5ms top=None
INFO:root:[window 2026-09-24T12:01:25Z] FastPay   n=    8 err=  0.00% p95=  295.5ms top=None
INFO:root:[window 2026-09-24T12:01:20Z] FastPay   n=    7 err=  0.00% p95=  295.5ms top=None
INFO:root:[window 2026-09-24T12:01:15Z] FastPay   n=    4 err=  0.00% p95=  295.5ms top=None
INFO:root:[window 2026-09-24T12:02:20Z] FastPay   n=    1 err=  0.00% p95=  213.5ms top=None
INFO:root:[window 2026-09-24T12:01:10Z] FastPay   n=    1 err=  0.00% p95=  317.0ms top=None
INFO:root:[window 2026-09-24T12:03:05Z] SecurePay n=  302 err=  0.66% p95=  447.6ms top=502_BAD_GATEWAY
INFO:root:[window 2026-09-24T12:03:00Z] SecurePay n=  302 err=  0.66% p95=  447.6ms top=502_BAD_GATEWAY
INFO:root:[window 2026-09-24T12:02:55Z] SecurePay n=  302 err=  0.66% p95=  447.6ms top=502_BAD_GATEWAY
INFO:root:[window 2026-09-24T12:02:50Z] SecurePay n=  302 err=  0.66% p95=  447.6ms top=502_BAD_GATEWAY
INFO:root:[window 2026-09-24T12:02:45Z] SecurePay n=  302 err=  0.66% p95=  447.6ms top=502_BAD_GATEWAY
INFO:root:[window 2026-09-24T12:02:40Z] SecurePay n=  302 err=  0.66% p95=  447.6ms top=502_BAD_GATEWAY
INFO:root:[window 2026-09-24T12:02:35Z] SecurePay n=  302 err=  0.66% p95=  447.6ms top=502_BAD_GATEWAY
INFO:root:[window 2026-09-24T12:02:30Z] SecurePay n=  127 err=  0.00% p95=  448.1ms top=None
INFO:root:[window 2026-09-24T12:02:25Z] SecurePay n=    1 err=  0.00% p95=  275.0ms top=None
INFO:root:[window 2026-09-24T12:02:20Z] SecurePay n=    2 err=  0.00% p95=  252.9ms top=None
INFO:root:[window 2026-09-24T12:02:15Z] SecurePay n=    4 err=  0.00% p95=  275.0ms top=None
INFO:root:[window 2026-09-24T12:02:10Z] SecurePay n=    5 err=  0.00% p95=  305.8ms top=None
INFO:root:[window 2026-09-24T12:02:05Z] SecurePay n=    5 err=  0.00% p95=  305.8ms top=None
INFO:root:[window 2026-09-24T12:02:00Z] SecurePay n=    5 err=  0.00% p95=  305.8ms top=None
INFO:root:[window 2026-09-24T12:01:55Z] SecurePay n=    5 err=  0.00% p95=  305.8ms top=None
INFO:root:[window 2026-09-24T12:01:50Z] SecurePay n=    5 err=  0.00% p95=  305.8ms top=None
INFO:root:[window 2026-09-24T12:01:45Z] SecurePay n=    5 err=  0.00% p95=  305.8ms top=None
INFO:root:[window 2026-09-24T12:01:40Z] SecurePay n=    5 err=  0.00% p95=  305.8ms top=None
INFO:root:[window 2026-09-24T12:01:35Z] SecurePay n=    5 err=  0.00% p95=  305.8ms top=None
INFO:root:[window 2026-09-24T12:01:30Z] SecurePay n=    5 err=  0.00% p95=  305.8ms top=None
INFO:root:[window 2026-09-24T12:01:25Z] SecurePay n=    4 err=  0.00% p95=  305.8ms top=None
INFO:root:[window 2026-09-24T12:01:20Z] SecurePay n=    3 err=  0.00% p95=  305.8ms top=None
INFO:root:[window 2026-09-24T12:01:15Z] SecurePay n=    1 err=  0.00% p95=  329.9ms top=None
INFO:root:[window 2026-09-24T12:03:05Z] QuickPay  n=   91 err=  1.10% p95=  449.7ms top=504_TIMEOUT
INFO:root:[window 2026-09-24T12:03:00Z] QuickPay  n=   91 err=  1.10% p95=  449.7ms top=504_TIMEOUT
INFO:root:[window 2026-09-24T12:02:55Z] QuickPay  n=   91 err=  1.10% p95=  449.7ms top=504_TIMEOUT
INFO:root:[window 2026-09-24T12:02:50Z] QuickPay  n=   91 err=  1.10% p95=  449.7ms top=504_TIMEOUT
INFO:root:[window 2026-09-24T12:02:45Z] QuickPay  n=   91 err=  1.10% p95=  449.7ms top=504_TIMEOUT
INFO:root:[window 2026-09-24T12:02:40Z] QuickPay  n=   91 err=  1.10% p95=  449.7ms top=504_TIMEOUT
INFO:root:[window 2026-09-24T12:02:35Z] QuickPay  n=   91 err=  1.10% p95=  449.7ms top=504_TIMEOUT
INFO:root:[window 2026-09-24T12:02:30Z] QuickPay  n=   36 err=  0.00% p95=  444.0ms top=None
INFO:root:[window 2026-09-24T12:03:10Z] QuickPay  n=  452 err=  1.33% p95=  442.1ms top=504_TIMEOUT
INFO:root:[window 2026-09-24T12:03:10Z] FastPay   n= 2897 err=  7.59% p95= 4040.7ms top=504_TIMEOUT
INFO:root:[window 2026-09-24T12:03:10Z] SecurePay n= 1414 err=  0.71% p95=  435.6ms top=504_TIMEOUT
I0924 17:33:11.518544 9283486 ev_poll_posix.cc:587] FD from fork parent still in poll list: fd(7, generation: 1)
I0924 17:33:12.012275 9283609 ev_poll_posix.cc:587] FD from fork parent still in poll list: fd(7, generation: 1)
I0924 17:33:12.012329 9283609 ev_poll_posix.cc:587] FD from fork parent still in poll list: fd(3, generation: 1)
INFO:root:[window 2026-09-24T12:03:10Z] SecurePay n=  121 err=  0.00% p95=  408.6ms top=None
INFO:root:[window 2026-09-24T12:03:00Z] SecurePay n=    1 err=  0.00% p95=  330.8ms top=None
INFO:root:[window 2026-09-24T12:02:55Z] SecurePay n=    1 err=  0.00% p95=  330.8ms top=None
INFO:root:[window 2026-09-24T12:02:50Z] SecurePay n=    1 err=  0.00% p95=  330.8ms top=None
INFO:root:[window 2026-09-24T12:02:45Z] SecurePay n=    1 err=  0.00% p95=  330.8ms top=None
INFO:root:[window 2026-09-24T12:02:40Z] SecurePay n=    1 err=  0.00% p95=  330.8ms top=None
INFO:root:[window 2026-09-24T12:02:35Z] SecurePay n=    1 err=  0.00% p95=  330.8ms top=None
INFO:root:[window 2026-09-24T12:02:30Z] SecurePay n=    1 err=  0.00% p95=  330.8ms top=None
INFO:root:[window 2026-09-24T12:02:25Z] SecurePay n=    1 err=  0.00% p95=  330.8ms top=None
INFO:root:[window 2026-09-24T12:02:20Z] SecurePay n=    1 err=  0.00% p95=  330.8ms top=None
INFO:root:[window 2026-09-24T12:02:15Z] SecurePay n=    1 err=  0.00% p95=  330.8ms top=None
INFO:root:[window 2026-09-24T12:02:10Z] SecurePay n=    1 err=  0.00% p95=  330.8ms top=None
INFO:root:[window 2026-09-24T12:02:05Z] SecurePay n=    1 err=  0.00% p95=  330.8ms top=None
INFO:root:[window 2026-09-24T12:03:10Z] FastPay   n=  244 err= 79.10% p95= 5785.4ms top=504_TIMEOUT  <-- BREACH
INFO:root:[window 2026-09-24T12:02:55Z] FastPay   n=    2 err=100.00% p95=  214.2ms top=502_BAD_GATEWAY
INFO:root:[window 2026-09-24T12:02:50Z] FastPay   n=    2 err=100.00% p95=  214.2ms top=502_BAD_GATEWAY
INFO:root:[window 2026-09-24T12:02:45Z] FastPay   n=    3 err= 66.67% p95=  218.5ms top=502_BAD_GATEWAY
INFO:root:[window 2026-09-24T12:02:40Z] FastPay   n=    3 err= 66.67% p95=  218.5ms top=502_BAD_GATEWAY
INFO:root:[window 2026-09-24T12:02:35Z] FastPay   n=    3 err= 66.67% p95=  218.5ms top=502_BAD_GATEWAY
INFO:root:[window 2026-09-24T12:02:30Z] FastPay   n=    3 err= 66.67% p95=  218.5ms top=502_BAD_GATEWAY
INFO:root:[window 2026-09-24T12:02:25Z] FastPay   n=    3 err= 66.67% p95=  218.5ms top=502_BAD_GATEWAY
INFO:root:[window 2026-09-24T12:02:20Z] FastPay   n=    3 err= 66.67% p95=  218.5ms top=502_BAD_GATEWAY
INFO:root:[window 2026-09-24T12:02:15Z] FastPay   n=    3 err= 66.67% p95=  218.5ms top=502_BAD_GATEWAY
INFO:root:[window 2026-09-24T12:02:10Z] FastPay   n=    3 err= 66.67% p95=  218.5ms top=502_BAD_GATEWAY
INFO:root:[window 2026-09-24T12:02:05Z] FastPay   n=    3 err= 66.67% p95=  218.5ms top=502_BAD_GATEWAY
INFO:root:[window 2026-09-24T12:02:00Z] FastPay   n=    3 err= 66.67% p95=  218.5ms top=502_BAD_GATEWAY
INFO:root:[window 2026-09-24T12:01:55Z] FastPay   n=    1 err=  0.00% p95=  218.5ms top=None
INFO:root:[window 2026-09-24T12:01:50Z] FastPay   n=    1 err=  0.00% p95=  218.5ms top=None
INFO:root:[window 2026-09-24T12:03:10Z] QuickPay  n=   32 err=  9.38% p95=  482.7ms top=504_TIMEOUT
INFO:root:[window 2026-09-24T12:02:55Z] QuickPay  n=    1 err=  0.00% p95=  499.6ms top=None
INFO:root:[window 2026-09-24T12:02:50Z] QuickPay  n=    1 err=  0.00% p95=  499.6ms top=None
INFO:root:[window 2026-09-24T12:02:45Z] QuickPay  n=    1 err=  0.00% p95=  499.6ms top=None
INFO:root:[window 2026-09-24T12:02:40Z] QuickPay  n=    1 err=  0.00% p95=  499.6ms top=None
INFO:root:[window 2026-09-24T12:02:35Z] QuickPay  n=    1 err=  0.00% p95=  499.6ms top=None
INFO:root:[window 2026-09-24T12:02:30Z] QuickPay  n=    1 err=  0.00% p95=  499.6ms top=None
INFO:root:[window 2026-09-24T12:02:25Z] QuickPay  n=    1 err=  0.00% p95=  499.6ms top=None
INFO:root:[window 2026-09-24T12:02:20Z] QuickPay  n=    1 err=  0.00% p95=  499.6ms top=None
INFO:root:[window 2026-09-24T12:02:15Z] QuickPay  n=    1 err=  0.00% p95=  499.6ms top=None
INFO:root:[window 2026-09-24T12:02:10Z] QuickPay  n=    1 err=  0.00% p95=  499.6ms top=None
INFO:root:[window 2026-09-24T12:02:05Z] QuickPay  n=    1 err=  0.00% p95=  499.6ms top=None
INFO:root:[window 2026-09-24T12:02:00Z] QuickPay  n=    1 err=  0.00% p95=  499.6ms top=None
I0924 17:33:13.345964 9283777 ev_poll_posix.cc:587] FD from fork parent still in poll list: fd(7, generation: 1)
I0924 17:33:13.346070 9283777 ev_poll_posix.cc:587] FD from fork parent still in poll list: fd(3, generation: 1)
WARNING:root:ALERT FastPay error_rate=79.1% n=244 -> published to agent-triggers
INFO:root:[window 2026-09-24T12:03:05Z] FastPay   n=    2 err= 50.00% p95=  442.4ms top=504_TIMEOUT
INFO:root:[window 2026-09-24T12:03:00Z] FastPay   n=    2 err= 50.00% p95=  442.4ms top=504_TIMEOUT
INFO:root:[window 2026-09-24T12:02:55Z] FastPay   n=    2 err= 50.00% p95=  442.4ms top=504_TIMEOUT
INFO:root:[window 2026-09-24T12:02:50Z] FastPay   n=    2 err= 50.00% p95=  442.4ms top=504_TIMEOUT
INFO:root:[window 2026-09-24T12:02:45Z] FastPay   n=    2 err= 50.00% p95=  442.4ms top=504_TIMEOUT
INFO:root:[window 2026-09-24T12:02:40Z] FastPay   n=    2 err= 50.00% p95=  442.4ms top=504_TIMEOUT
INFO:root:[window 2026-09-24T12:02:35Z] FastPay   n=    2 err= 50.00% p95=  442.4ms top=504_TIMEOUT
INFO:root:[window 2026-09-24T12:02:30Z] FastPay   n=    2 err= 50.00% p95=  442.4ms top=504_TIMEOUT
INFO:root:[window 2026-09-24T12:02:25Z] FastPay   n=    2 err= 50.00% p95=  442.4ms top=504_TIMEOUT
INFO:root:[window 2026-09-24T12:02:20Z] FastPay   n=    2 err= 50.00% p95=  442.4ms top=504_TIMEOUT
INFO:root:[window 2026-09-24T12:02:15Z] FastPay   n=    2 err= 50.00% p95=  442.4ms top=504_TIMEOUT
INFO:root:[window 2026-09-24T12:02:10Z] FastPay   n=    2 err= 50.00% p95=  442.4ms top=504_TIMEOUT
INFO:root:[window 2026-09-24T12:03:05Z] SecurePay n=    1 err=  0.00% p95=  192.4ms top=None
INFO:root:[window 2026-09-24T12:03:00Z] SecurePay n=    1 err=  0.00% p95=  192.4ms top=None
INFO:root:[window 2026-09-24T12:02:55Z] SecurePay n=    1 err=  0.00% p95=  192.4ms top=None
INFO:root:[window 2026-09-24T12:02:50Z] SecurePay n=    1 err=  0.00% p95=  192.4ms top=None
INFO:root:[window 2026-09-24T12:02:45Z] SecurePay n=    1 err=  0.00% p95=  192.4ms top=None
INFO:root:[window 2026-09-24T12:02:40Z] SecurePay n=    1 err=  0.00% p95=  192.4ms top=None
INFO:root:[window 2026-09-24T12:02:35Z] SecurePay n=    1 err=  0.00% p95=  192.4ms top=None
INFO:root:[window 2026-09-24T12:02:30Z] SecurePay n=    1 err=  0.00% p95=  192.4ms top=None
INFO:root:[window 2026-09-24T12:02:25Z] SecurePay n=    1 err=  0.00% p95=  192.4ms top=None
INFO:root:[window 2026-09-24T12:02:20Z] SecurePay n=    1 err=  0.00% p95=  192.4ms top=None
INFO:root:[window 2026-09-24T12:02:15Z] SecurePay n=    1 err=  0.00% p95=  192.4ms top=None
INFO:root:[window 2026-09-24T12:02:10Z] SecurePay n=    1 err=  0.00% p95=  192.4ms top=None
INFO:root:[window 2026-09-24T12:03:15Z] QuickPay  n=  459 err=  1.96% p95=  444.0ms top=504_TIMEOUT
INFO:root:[window 2026-09-24T12:03:15Z] FastPay   n= 2893 err= 24.30% p95= 5304.4ms top=504_TIMEOUT  <-- BREACH
INFO:root:[window 2026-09-24T12:03:15Z] SecurePay n= 1411 err=  0.57% p95=  429.8ms top=504_TIMEOUT
I0924 17:33:16.315558 9284123 ev_poll_posix.cc:587] FD from fork parent still in poll list: fd(7, generation: 1)
I0924 17:33:16.315598 9284123 ev_poll_posix.cc:587] FD from fork parent still in poll list: fd(3, generation: 1)
I0924 17:33:16.869937 9284281 ev_poll_posix.cc:587] FD from fork parent still in poll list: fd(7, generation: 1)
I0924 17:33:16.869985 9284281 ev_poll_posix.cc:587] FD from fork parent still in poll list: fd(3, generation: 1)
INFO:root:[window 2026-09-24T12:02:55Z] SecurePay n=    1 err=  0.00% p95=  191.6ms top=None
INFO:root:[window 2026-09-24T12:02:50Z] SecurePay n=    1 err=  0.00% p95=  191.6ms top=None
INFO:root:[window 2026-09-24T12:02:45Z] SecurePay n=    1 err=  0.00% p95=  191.6ms top=None
INFO:root:[window 2026-09-24T12:02:40Z] SecurePay n=    1 err=  0.00% p95=  191.6ms top=None
INFO:root:[window 2026-09-24T12:02:35Z] SecurePay n=    1 err=  0.00% p95=  191.6ms top=None
INFO:root:[window 2026-09-24T12:02:30Z] SecurePay n=    1 err=  0.00% p95=  191.6ms top=None
INFO:root:[window 2026-09-24T12:02:25Z] SecurePay n=    1 err=  0.00% p95=  191.6ms top=None
INFO:root:[window 2026-09-24T12:02:20Z] SecurePay n=    1 err=  0.00% p95=  191.6ms top=None
INFO:root:[window 2026-09-24T12:02:15Z] SecurePay n=    1 err=  0.00% p95=  191.6ms top=None
INFO:root:[window 2026-09-24T12:02:10Z] SecurePay n=    1 err=  0.00% p95=  191.6ms top=None
INFO:root:[window 2026-09-24T12:02:05Z] SecurePay n=    1 err=  0.00% p95=  191.6ms top=None
INFO:root:[window 2026-09-24T12:02:00Z] SecurePay n=    1 err=  0.00% p95=  191.6ms top=None
INFO:root:[window 2026-09-24T12:03:05Z] FastPay   n=    2 err=100.00% p95=  208.1ms top=504_TIMEOUT
INFO:root:[window 2026-09-24T12:03:00Z] FastPay   n=    2 err=100.00% p95=  208.1ms top=504_TIMEOUT
INFO:root:[window 2026-09-24T12:02:55Z] FastPay   n=    2 err=100.00% p95=  208.1ms top=504_TIMEOUT
INFO:root:[window 2026-09-24T12:02:50Z] FastPay   n=    2 err=100.00% p95=  208.1ms top=504_TIMEOUT
INFO:root:[window 2026-09-24T12:02:45Z] FastPay   n=    4 err=100.00% p95= 5065.0ms top=504_TIMEOUT
INFO:root:[window 2026-09-24T12:02:40Z] FastPay   n=    4 err=100.00% p95= 5065.0ms top=504_TIMEOUT
INFO:root:[window 2026-09-24T12:02:35Z] FastPay   n=    4 err=100.00% p95= 5065.0ms top=504_TIMEOUT
INFO:root:[window 2026-09-24T12:02:30Z] FastPay   n=    4 err=100.00% p95= 5065.0ms top=504_TIMEOUT
INFO:root:[window 2026-09-24T12:02:25Z] FastPay   n=    4 err=100.00% p95= 5065.0ms top=504_TIMEOUT
INFO:root:[window 2026-09-24T12:02:20Z] FastPay   n=    4 err=100.00% p95= 5065.0ms top=504_TIMEOUT
INFO:root:[window 2026-09-24T12:02:15Z] FastPay   n=    4 err=100.00% p95= 5065.0ms top=504_TIMEOUT
INFO:root:[window 2026-09-24T12:02:10Z] FastPay   n=    4 err=100.00% p95= 5065.0ms top=504_TIMEOUT
INFO:root:[window 2026-09-24T12:02:05Z] FastPay   n=    2 err=100.00% p95= 4581.5ms top=504_TIMEOUT
INFO:root:[window 2026-09-24T12:02:00Z] FastPay   n=    2 err=100.00% p95= 4581.5ms top=504_TIMEOUT
INFO:root:[window 2026-09-24T12:01:55Z] FastPay   n=    2 err=100.00% p95= 4581.5ms top=504_TIMEOUT
INFO:root:[window 2026-09-24T12:01:50Z] FastPay   n=    2 err=100.00% p95= 4581.5ms top=504_TIMEOUT
I0924 17:33:19.056972 9284503 ev_poll_posix.cc:587] FD from fork parent still in poll list: fd(7, generation: 1)
I0924 17:33:19.057021 9284503 ev_poll_posix.cc:587] FD from fork parent still in poll list: fd(3, generation: 1)
INFO:root:[window 2026-09-24T12:02:55Z] SecurePay n=    1 err=  0.00% p95=  350.9ms top=None
INFO:root:[window 2026-09-24T12:02:50Z] SecurePay n=    1 err=  0.00% p95=  350.9ms top=None
INFO:root:[window 2026-09-24T12:02:45Z] SecurePay n=    1 err=  0.00% p95=  350.9ms top=None
INFO:root:[window 2026-09-24T12:02:40Z] SecurePay n=    1 err=  0.00% p95=  350.9ms top=None
INFO:root:[window 2026-09-24T12:02:35Z] SecurePay n=    1 err=  0.00% p95=  350.9ms top=None
INFO:root:[window 2026-09-24T12:02:30Z] SecurePay n=    1 err=  0.00% p95=  350.9ms top=None
INFO:root:[window 2026-09-24T12:02:25Z] SecurePay n=    1 err=  0.00% p95=  350.9ms top=None
INFO:root:[window 2026-09-24T12:02:20Z] SecurePay n=    1 err=  0.00% p95=  350.9ms top=None
INFO:root:[window 2026-09-24T12:02:15Z] SecurePay n=    1 err=  0.00% p95=  350.9ms top=None
INFO:root:[window 2026-09-24T12:02:10Z] SecurePay n=    1 err=  0.00% p95=  350.9ms top=None
INFO:root:[window 2026-09-24T12:02:05Z] SecurePay n=    1 err=  0.00% p95=  350.9ms top=None
INFO:root:[window 2026-09-24T12:02:00Z] SecurePay n=    1 err=  0.00% p95=  350.9ms top=None
INFO:root:[window 2026-09-24T12:02:45Z] FastPay   n=    2 err= 50.00% p95=  308.9ms top=504_TIMEOUT
INFO:root:[window 2026-09-24T12:02:40Z] FastPay   n=    2 err= 50.00% p95=  308.9ms top=504_TIMEOUT
INFO:root:[window 2026-09-24T12:02:35Z] FastPay   n=    2 err= 50.00% p95=  308.9ms top=504_TIMEOUT
INFO:root:[window 2026-09-24T12:02:30Z] FastPay   n=    2 err= 50.00% p95=  308.9ms top=504_TIMEOUT
INFO:root:[window 2026-09-24T12:02:25Z] FastPay   n=    2 err= 50.00% p95=  308.9ms top=504_TIMEOUT
INFO:root:[window 2026-09-24T12:02:20Z] FastPay   n=    2 err= 50.00% p95=  308.9ms top=504_TIMEOUT
INFO:root:[window 2026-09-24T12:02:15Z] FastPay   n=    2 err= 50.00% p95=  308.9ms top=504_TIMEOUT
INFO:root:[window 2026-09-24T12:02:10Z] FastPay   n=    2 err= 50.00% p95=  308.9ms top=504_TIMEOUT
INFO:root:[window 2026-09-24T12:02:05Z] FastPay   n=    1 err=  0.00% p95=  308.9ms top=None
INFO:root:[window 2026-09-24T12:02:00Z] FastPay   n=    1 err=  0.00% p95=  308.9ms top=None
INFO:root:[window 2026-09-24T12:01:55Z] FastPay   n=    1 err=  0.00% p95=  308.9ms top=None
INFO:root:[window 2026-09-24T12:01:50Z] FastPay   n=    1 err=  0.00% p95=  308.9ms top=None
INFO:root:[window 2026-09-24T12:03:05Z] FastPay   n=    1 err=100.00% p95= 3586.6ms top=504_TIMEOUT
INFO:root:[window 2026-09-24T12:03:00Z] FastPay   n=    1 err=100.00% p95= 3586.6ms top=504_TIMEOUT
INFO:root:[window 2026-09-24T12:02:55Z] FastPay   n=    1 err=100.00% p95= 3586.6ms top=504_TIMEOUT
INFO:root:[window 2026-09-24T12:02:50Z] FastPay   n=    1 err=100.00% p95= 3586.6ms top=504_TIMEOUT
I0924 17:33:20.930592 9284692 ev_poll_posix.cc:587] FD from fork parent still in poll list: fd(7, generation: 1)
INFO:root:[window 2026-09-24T12:03:20Z] QuickPay  n=  433 err=  2.54% p95=  455.8ms top=504_TIMEOUT
INFO:root:[window 2026-09-24T12:03:20Z] FastPay   n= 2777 err= 38.17% p95= 5604.1ms top=504_TIMEOUT  <-- BREACH
INFO:root:[window 2026-09-24T12:03:20Z] SecurePay n= 1358 err=  0.66% p95=  432.1ms top=502_BAD_GATEWAY
I0924 17:33:22.981139 9284879 ev_poll_posix.cc:587] FD from fork parent still in poll list: fd(7, generation: 1)
I0924 17:33:22.981198 9284879 ev_poll_posix.cc:587] FD from fork parent still in poll list: fd(3, generation: 1)
INFO:root:[window 2026-09-24T12:03:25Z] QuickPay  n=  404 err=  2.48% p95=  455.8ms top=504_TIMEOUT
INFO:root:[window 2026-09-24T12:03:25Z] FastPay   n= 2538 err= 51.65% p95= 5689.1ms top=504_TIMEOUT  <-- BREACH
INFO:root:[window 2026-09-24T12:03:25Z] SecurePay n= 1233 err=  0.49% p95=  429.2ms top=502_BAD_GATEWAY
I0924 17:33:26.916160 9285359 ev_poll_posix.cc:587] FD from fork parent still in poll list: fd(7, generation: 1)
INFO:root:[window 2026-09-24T12:03:25Z] FastPay   n=  615 err= 11.87% p95= 4818.3ms top=504_TIMEOUT
INFO:root:[window 2026-09-24T12:03:20Z] FastPay   n=  615 err= 11.87% p95= 4818.3ms top=504_TIMEOUT
INFO:root:[window 2026-09-24T12:03:15Z] FastPay   n=  615 err= 11.87% p95= 4818.3ms top=504_TIMEOUT
INFO:root:[window 2026-09-24T12:03:10Z] FastPay   n=  615 err= 11.87% p95= 4818.3ms top=504_TIMEOUT
INFO:root:[window 2026-09-24T12:03:05Z] FastPay   n=  615 err= 11.87% p95= 4818.3ms top=504_TIMEOUT
INFO:root:[window 2026-09-24T12:03:00Z] FastPay   n=  615 err= 11.87% p95= 4818.3ms top=504_TIMEOUT
INFO:root:[window 2026-09-24T12:02:55Z] FastPay   n=  563 err=  5.51% p95=  470.3ms top=504_TIMEOUT
INFO:root:[window 2026-09-24T12:02:50Z] FastPay   n=  522 err=  0.77% p95=  439.7ms top=502_BAD_GATEWAY
INFO:root:[window 2026-09-24T12:02:45Z] FastPay   n=  322 err=  0.93% p95=  441.7ms top=504_TIMEOUT
INFO:root:[window 2026-09-24T12:02:25Z] FastPay   n=    7 err= 28.57% p95= 5033.9ms top=504_TIMEOUT
INFO:root:[window 2026-09-24T12:02:20Z] FastPay   n=    8 err= 25.00% p95= 5033.9ms top=504_TIMEOUT
INFO:root:[window 2026-09-24T12:02:15Z] FastPay   n=    8 err= 25.00% p95= 5033.9ms top=504_TIMEOUT
INFO:root:[window 2026-09-24T12:02:10Z] FastPay   n=    8 err= 25.00% p95= 5033.9ms top=504_TIMEOUT
INFO:root:[window 2026-09-24T12:02:05Z] FastPay   n=    8 err= 25.00% p95= 5033.9ms top=504_TIMEOUT
INFO:root:[window 2026-09-24T12:02:00Z] FastPay   n=    8 err= 25.00% p95= 5033.9ms top=504_TIMEOUT
INFO:root:[window 2026-09-24T12:01:55Z] FastPay   n=    8 err= 25.00% p95= 5033.9ms top=504_TIMEOUT
INFO:root:[window 2026-09-24T12:01:50Z] FastPay   n=    8 err= 25.00% p95= 5033.9ms top=504_TIMEOUT
INFO:root:[window 2026-09-24T12:01:45Z] FastPay   n=    6 err=  0.00% p95=  320.0ms top=None
INFO:root:[window 2026-09-24T12:01:40Z] FastPay   n=    5 err=  0.00% p95=  307.5ms top=None
INFO:root:[window 2026-09-24T12:01:35Z] FastPay   n=    4 err=  0.00% p95=  307.5ms top=None
INFO:root:[window 2026-09-24T12:01:30Z] FastPay   n=    3 err=  0.00% p95=  304.9ms top=None
INFO:root:[window 2026-09-24T12:02:30Z] FastPay   n=    5 err= 40.00% p95= 5033.9ms top=504_TIMEOUT
INFO:root:[window 2026-09-24T12:02:40Z] FastPay   n=  147 err=  1.36% p95=  425.0ms top=504_TIMEOUT
INFO:root:[window 2026-09-24T12:02:35Z] FastPay   n=   26 err=  7.69% p95=  406.0ms top=504_TIMEOUT
INFO:root:[window 2026-09-24T12:03:25Z] SecurePay n=  282 err=  0.71% p95=  427.3ms top=504_TIMEOUT
INFO:root:[window 2026-09-24T12:03:20Z] SecurePay n=  282 err=  0.71% p95=  427.3ms top=504_TIMEOUT
INFO:root:[window 2026-09-24T12:03:15Z] SecurePay n=  282 err=  0.71% p95=  427.3ms top=504_TIMEOUT
INFO:root:[window 2026-09-24T12:03:10Z] SecurePay n=  282 err=  0.71% p95=  427.3ms top=504_TIMEOUT
INFO:root:[window 2026-09-24T12:03:05Z] SecurePay n=  282 err=  0.71% p95=  427.3ms top=504_TIMEOUT
INFO:root:[window 2026-09-24T12:03:00Z] SecurePay n=  282 err=  0.71% p95=  427.3ms top=504_TIMEOUT
INFO:root:[window 2026-09-24T12:02:55Z] SecurePay n=  254 err=  0.79% p95=  444.3ms top=504_TIMEOUT
INFO:root:[window 2026-09-24T12:02:50Z] SecurePay n=  239 err=  0.42% p95=  429.8ms top=504_TIMEOUT
INFO:root:[window 2026-09-24T12:02:45Z] SecurePay n=  162 err=  0.62% p95=  412.6ms top=504_TIMEOUT
INFO:root:[window 2026-09-24T12:02:40Z] SecurePay n=   68 err=  1.47% p95=  412.6ms top=504_TIMEOUT
INFO:root:[window 2026-09-24T12:02:10Z] SecurePay n=    1 err=  0.00% p95=  237.1ms top=None
INFO:root:[window 2026-09-24T12:02:05Z] SecurePay n=    1 err=  0.00% p95=  237.1ms top=None
INFO:root:[window 2026-09-24T12:02:00Z] SecurePay n=    1 err=  0.00% p95=  237.1ms top=None
INFO:root:[window 2026-09-24T12:01:55Z] SecurePay n=    1 err=  0.00% p95=  237.1ms top=None
INFO:root:[window 2026-09-24T12:01:50Z] SecurePay n=    1 err=  0.00% p95=  237.1ms top=None
INFO:root:[window 2026-09-24T12:01:45Z] SecurePay n=    1 err=  0.00% p95=  237.1ms top=None
INFO:root:[window 2026-09-24T12:01:40Z] SecurePay n=    1 err=  0.00% p95=  237.1ms top=None
INFO:root:[window 2026-09-24T12:01:35Z] SecurePay n=    1 err=  0.00% p95=  237.1ms top=None
INFO:root:[window 2026-09-24T12:01:30Z] SecurePay n=    1 err=  0.00% p95=  237.1ms top=None
INFO:root:[window 2026-09-24T12:02:35Z] SecurePay n=    5 err=  0.00% p95=  294.4ms top=None
INFO:root:[window 2026-09-24T12:03:25Z] QuickPay  n=   93 err=  0.00% p95=  408.8ms top=None
INFO:root:[window 2026-09-24T12:03:20Z] QuickPay  n=   93 err=  0.00% p95=  408.8ms top=None
INFO:root:[window 2026-09-24T12:03:15Z] QuickPay  n=   93 err=  0.00% p95=  408.8ms top=None
INFO:root:[window 2026-09-24T12:03:10Z] QuickPay  n=   93 err=  0.00% p95=  408.8ms top=None
INFO:root:[window 2026-09-24T12:03:05Z] QuickPay  n=   93 err=  0.00% p95=  408.8ms top=None
INFO:root:[window 2026-09-24T12:03:00Z] QuickPay  n=   93 err=  0.00% p95=  408.8ms top=None
INFO:root:[window 2026-09-24T12:02:55Z] QuickPay  n=   84 err=  0.00% p95=  408.8ms top=None
INFO:root:[window 2026-09-24T12:02:50Z] QuickPay  n=   81 err=  0.00% p95=  434.1ms top=None
INFO:root:[window 2026-09-24T12:02:45Z] QuickPay  n=   46 err=  0.00% p95=  439.3ms top=None
INFO:root:[window 2026-09-24T12:02:40Z] QuickPay  n=   19 err=  0.00% p95=  404.2ms top=None
INFO:root:[window 2026-09-24T12:02:35Z] QuickPay  n=    3 err=  0.00% p95=  363.8ms top=None
INFO:root:[window 2026-09-24T12:02:30Z] QuickPay  n=    1 err=  0.00% p95=  363.8ms top=None
INFO:root:[window 2026-09-24T12:02:25Z] QuickPay  n=    1 err=  0.00% p95=  363.8ms top=None
INFO:root:[window 2026-09-24T12:02:20Z] QuickPay  n=    1 err=  0.00% p95=  363.8ms top=None
INFO:root:[window 2026-09-24T12:02:15Z] QuickPay  n=    1 err=  0.00% p95=  363.8ms top=None
INFO:root:[window 2026-09-24T12:02:10Z] QuickPay  n=    1 err=  0.00% p95=  363.8ms top=None
INFO:root:[window 2026-09-24T12:02:05Z] QuickPay  n=    1 err=  0.00% p95=  363.8ms top=None
INFO:root:[window 2026-09-24T12:02:00Z] QuickPay  n=    1 err=  0.00% p95=  363.8ms top=None
INFO:root:[window 2026-09-24T12:01:55Z] QuickPay  n=    1 err=  0.00% p95=  363.8ms top=None
INFO:root:[window 2026-09-24T12:01:50Z] QuickPay  n=    1 err=  0.00% p95=  363.8ms top=None
INFO:root:[window 2026-09-24T12:01:45Z] QuickPay  n=    1 err=  0.00% p95=  363.8ms top=None
INFO:root:[window 2026-09-24T12:01:40Z] QuickPay  n=    1 err=  0.00% p95=  363.8ms top=None
I0924 17:33:29.974297 9285610 ev_poll_posix.cc:587] FD from fork parent still in poll list: fd(7, generation: 1)
I0924 17:33:29.974383 9285610 ev_poll_posix.cc:587] FD from fork parent still in poll list: fd(3, generation: 1)
INFO:root:[window 2026-09-24T12:03:25Z] SecurePay n=  297 err=  1.01% p95=  453.8ms top=504_TIMEOUT
INFO:root:[window 2026-09-24T12:03:20Z] SecurePay n=  297 err=  1.01% p95=  453.8ms top=504_TIMEOUT
INFO:root:[window 2026-09-24T12:03:15Z] SecurePay n=  297 err=  1.01% p95=  453.8ms top=504_TIMEOUT
INFO:root:[window 2026-09-24T12:03:10Z] SecurePay n=  297 err=  1.01% p95=  453.8ms top=504_TIMEOUT
INFO:root:[window 2026-09-24T12:03:05Z] SecurePay n=  297 err=  1.01% p95=  453.8ms top=504_TIMEOUT
INFO:root:[window 2026-09-24T12:03:00Z] SecurePay n=  297 err=  1.01% p95=  453.8ms top=504_TIMEOUT
INFO:root:[window 2026-09-24T12:02:55Z] SecurePay n=  297 err=  1.01% p95=  453.8ms top=504_TIMEOUT
INFO:root:[window 2026-09-24T12:02:50Z] SecurePay n=  297 err=  1.01% p95=  453.8ms top=504_TIMEOUT
INFO:root:[window 2026-09-24T12:02:45Z] SecurePay n=  297 err=  1.01% p95=  453.8ms top=504_TIMEOUT
INFO:root:[window 2026-09-24T12:02:40Z] SecurePay n=  222 err=  0.90% p95=  457.6ms top=504_TIMEOUT
INFO:root:[window 2026-09-24T12:02:35Z] SecurePay n=   50 err=  2.00% p95=  467.9ms top=504_TIMEOUT
INFO:root:[window 2026-09-24T12:02:30Z] SecurePay n=    1 err=  0.00% p95=  230.9ms top=None
INFO:root:[window 2026-09-24T12:02:25Z] SecurePay n=    1 err=  0.00% p95=  230.9ms top=None
INFO:root:[window 2026-09-24T12:02:20Z] SecurePay n=    2 err=  0.00% p95=  230.9ms top=None
INFO:root:[window 2026-09-24T12:02:15Z] SecurePay n=    2 err=  0.00% p95=  230.9ms top=None
INFO:root:[window 2026-09-24T12:02:10Z] SecurePay n=    2 err=  0.00% p95=  230.9ms top=None
INFO:root:[window 2026-09-24T12:02:05Z] SecurePay n=    3 err=  0.00% p95=  230.9ms top=None
INFO:root:[window 2026-09-24T12:02:00Z] SecurePay n=    3 err=  0.00% p95=  230.9ms top=None
INFO:root:[window 2026-09-24T12:01:55Z] SecurePay n=    3 err=  0.00% p95=  230.9ms top=None
INFO:root:[window 2026-09-24T12:01:50Z] SecurePay n=    3 err=  0.00% p95=  230.9ms top=None
INFO:root:[window 2026-09-24T12:01:45Z] SecurePay n=    3 err=  0.00% p95=  230.9ms top=None
INFO:root:[window 2026-09-24T12:01:40Z] SecurePay n=    3 err=  0.00% p95=  230.9ms top=None
INFO:root:[window 2026-09-24T12:01:35Z] SecurePay n=    3 err=  0.00% p95=  230.9ms top=None
INFO:root:[window 2026-09-24T12:01:30Z] SecurePay n=    2 err=  0.00% p95=  104.9ms top=None
INFO:root:[window 2026-09-24T12:03:25Z] FastPay   n=  586 err=  0.51% p95=  428.9ms top=504_TIMEOUT
INFO:root:[window 2026-09-24T12:03:20Z] FastPay   n=  586 err=  0.51% p95=  428.9ms top=504_TIMEOUT
INFO:root:[window 2026-09-24T12:03:15Z] FastPay   n=  586 err=  0.51% p95=  428.9ms top=504_TIMEOUT
INFO:root:[window 2026-09-24T12:03:10Z] FastPay   n=  586 err=  0.51% p95=  428.9ms top=504_TIMEOUT
INFO:root:[window 2026-09-24T12:03:05Z] FastPay   n=  586 err=  0.51% p95=  428.9ms top=504_TIMEOUT
INFO:root:[window 2026-09-24T12:03:00Z] FastPay   n=  586 err=  0.51% p95=  428.9ms top=504_TIMEOUT
INFO:root:[window 2026-09-24T12:02:55Z] FastPay   n=  586 err=  0.51% p95=  428.9ms top=504_TIMEOUT
INFO:root:[window 2026-09-24T12:02:50Z] FastPay   n=  586 err=  0.51% p95=  428.9ms top=504_TIMEOUT
INFO:root:[window 2026-09-24T12:02:45Z] FastPay   n=  586 err=  0.51% p95=  428.9ms top=504_TIMEOUT
INFO:root:[window 2026-09-24T12:02:40Z] FastPay   n=  451 err=  0.44% p95=  428.1ms top=504_TIMEOUT
INFO:root:[window 2026-09-24T12:02:35Z] FastPay   n=  101 err=  0.00% p95=  418.3ms top=None
INFO:root:[window 2026-09-24T12:02:15Z] FastPay   n=    6 err=  0.00% p95=  442.4ms top=None
INFO:root:[window 2026-09-24T12:02:10Z] FastPay   n=    6 err=  0.00% p95=  442.4ms top=None
INFO:root:[window 2026-09-24T12:02:05Z] FastPay   n=    6 err=  0.00% p95=  442.4ms top=None
INFO:root:[window 2026-09-24T12:02:00Z] FastPay   n=    6 err=  0.00% p95=  442.4ms top=None
INFO:root:[window 2026-09-24T12:01:55Z] FastPay   n=    6 err=  0.00% p95=  442.4ms top=None
INFO:root:[window 2026-09-24T12:01:50Z] FastPay   n=    6 err=  0.00% p95=  442.4ms top=None
INFO:root:[window 2026-09-24T12:01:45Z] FastPay   n=    6 err=  0.00% p95=  442.4ms top=None
INFO:root:[window 2026-09-24T12:01:40Z] FastPay   n=    6 err=  0.00% p95=  442.4ms top=None
INFO:root:[window 2026-09-24T12:01:35Z] FastPay   n=    5 err=  0.00% p95=  442.4ms top=None
INFO:root:[window 2026-09-24T12:01:30Z] FastPay   n=    4 err=  0.00% p95=  442.4ms top=None
INFO:root:[window 2026-09-24T12:02:30Z] FastPay   n=    2 err=  0.00% p95=  233.8ms top=None
INFO:root:[window 2026-09-24T12:02:25Z] FastPay   n=    2 err=  0.00% p95=  233.8ms top=None
INFO:root:[window 2026-09-24T12:02:20Z] FastPay   n=    2 err=  0.00% p95=  233.8ms top=None
INFO:root:[window 2026-09-24T12:03:25Z] QuickPay  n=  106 err=  0.00% p95=  416.5ms top=None
INFO:root:[window 2026-09-24T12:03:20Z] QuickPay  n=  106 err=  0.00% p95=  416.5ms top=None
INFO:root:[window 2026-09-24T12:03:15Z] QuickPay  n=  106 err=  0.00% p95=  416.5ms top=None
INFO:root:[window 2026-09-24T12:03:10Z] QuickPay  n=  106 err=  0.00% p95=  416.5ms top=None
INFO:root:[window 2026-09-24T12:03:05Z] QuickPay  n=  106 err=  0.00% p95=  416.5ms top=None
INFO:root:[window 2026-09-24T12:03:00Z] QuickPay  n=  106 err=  0.00% p95=  416.5ms top=None
INFO:root:[window 2026-09-24T12:02:55Z] QuickPay  n=  106 err=  0.00% p95=  416.5ms top=None
INFO:root:[window 2026-09-24T12:02:50Z] QuickPay  n=  106 err=  0.00% p95=  416.5ms top=None
INFO:root:[window 2026-09-24T12:02:45Z] QuickPay  n=  106 err=  0.00% p95=  416.5ms top=None
INFO:root:[window 2026-09-24T12:02:40Z] QuickPay  n=   85 err=  0.00% p95=  419.4ms top=None
INFO:root:[window 2026-09-24T12:02:35Z] QuickPay  n=   18 err=  0.00% p95=  416.5ms top=None
INFO:root:[window 2026-09-24T12:02:05Z] QuickPay  n=    2 err=  0.00% p95=  284.6ms top=None
INFO:root:[window 2026-09-24T12:02:00Z] QuickPay  n=    2 err=  0.00% p95=  284.6ms top=None
INFO:root:[window 2026-09-24T12:01:55Z] QuickPay  n=    2 err=  0.00% p95=  284.6ms top=None
INFO:root:[window 2026-09-24T12:01:50Z] QuickPay  n=    2 err=  0.00% p95=  284.6ms top=None
INFO:root:[window 2026-09-24T12:01:45Z] QuickPay  n=    2 err=  0.00% p95=  284.6ms top=None
INFO:root:[window 2026-09-24T12:01:40Z] QuickPay  n=    2 err=  0.00% p95=  284.6ms top=None
INFO:root:[window 2026-09-24T12:01:35Z] QuickPay  n=    2 err=  0.00% p95=  284.6ms top=None
INFO:root:[window 2026-09-24T12:01:30Z] QuickPay  n=    2 err=  0.00% p95=  284.6ms top=None
INFO:root:[window 2026-09-24T12:02:25Z] QuickPay  n=    1 err=  0.00% p95=  284.6ms top=None
INFO:root:[window 2026-09-24T12:02:20Z] QuickPay  n=    1 err=  0.00% p95=  284.6ms top=None
INFO:root:[window 2026-09-24T12:02:15Z] QuickPay  n=    1 err=  0.00% p95=  284.6ms top=None
INFO:root:[window 2026-09-24T12:02:10Z] QuickPay  n=    1 err=  0.00% p95=  284.6ms top=None
INFO:root:[window 2026-09-24T12:03:30Z] QuickPay  n=  566 err=  1.77% p95=  447.0ms top=504_TIMEOUT
INFO:root:[window 2026-09-24T12:03:30Z] FastPay   n= 3501 err= 39.53% p95= 5593.9ms top=504_TIMEOUT  <-- BREACH
INFO:root:[window 2026-09-24T12:03:30Z] SecurePay n= 1680 err=  0.65% p95=  436.3ms top=504_TIMEOUT
I0924 17:33:31.532090 9285785 ev_poll_posix.cc:587] FD from fork parent still in poll list: fd(7, generation: 1)
I0924 17:33:31.532262 9285785 ev_poll_posix.cc:587] FD from fork parent still in poll list: fd(3, generation: 1)
I0924 17:33:32.260322 9285929 ev_poll_posix.cc:587] FD from fork parent still in poll list: fd(7, generation: 1)
I0924 17:33:32.260500 9285929 ev_poll_posix.cc:587] FD from fork parent still in poll list: fd(3, generation: 1)
INFO:root:[window 2026-09-24T12:03:30Z] FastPay   n=  603 err=  0.83% p95=  438.4ms top=504_TIMEOUT
INFO:root:[window 2026-09-24T12:03:25Z] FastPay   n=  603 err=  0.83% p95=  438.4ms top=504_TIMEOUT
INFO:root:[window 2026-09-24T12:03:20Z] FastPay   n=  603 err=  0.83% p95=  438.4ms top=504_TIMEOUT
INFO:root:[window 2026-09-24T12:03:15Z] FastPay   n=  603 err=  0.83% p95=  438.4ms top=504_TIMEOUT
INFO:root:[window 2026-09-24T12:03:10Z] FastPay   n=  603 err=  0.83% p95=  438.4ms top=504_TIMEOUT
INFO:root:[window 2026-09-24T12:03:05Z] FastPay   n=  603 err=  0.83% p95=  438.4ms top=504_TIMEOUT
INFO:root:[window 2026-09-24T12:03:00Z] FastPay   n=  603 err=  0.83% p95=  438.4ms top=504_TIMEOUT
INFO:root:[window 2026-09-24T12:02:55Z] FastPay   n=  603 err=  0.83% p95=  438.4ms top=504_TIMEOUT
INFO:root:[window 2026-09-24T12:02:50Z] FastPay   n=  573 err=  0.70% p95=  435.7ms top=504_TIMEOUT
INFO:root:[window 2026-09-24T12:02:45Z] FastPay   n=  261 err=  1.15% p95=  469.6ms top=504_TIMEOUT
INFO:root:[window 2026-09-24T12:02:15Z] FastPay   n=    4 err=  0.00% p95=  344.0ms top=None
INFO:root:[window 2026-09-24T12:02:10Z] FastPay   n=    4 err=  0.00% p95=  344.0ms top=None
INFO:root:[window 2026-09-24T12:02:05Z] FastPay   n=    4 err=  0.00% p95=  344.0ms top=None
INFO:root:[window 2026-09-24T12:02:00Z] FastPay   n=    4 err=  0.00% p95=  344.0ms top=None
INFO:root:[window 2026-09-24T12:01:55Z] FastPay   n=    4 err=  0.00% p95=  344.0ms top=None
INFO:root:[window 2026-09-24T12:01:50Z] FastPay   n=    4 err=  0.00% p95=  344.0ms top=None
INFO:root:[window 2026-09-24T12:01:45Z] FastPay   n=    4 err=  0.00% p95=  344.0ms top=None
INFO:root:[window 2026-09-24T12:01:40Z] FastPay   n=    3 err=  0.00% p95=  344.0ms top=None
INFO:root:[window 2026-09-24T12:01:35Z] FastPay   n=    3 err=  0.00% p95=  344.0ms top=None
INFO:root:[window 2026-09-24T12:02:20Z] FastPay   n=    3 err=  0.00% p95=  291.9ms top=None
INFO:root:[window 2026-09-24T12:02:40Z] FastPay   n=    1 err=  0.00% p95=  187.8ms top=None
INFO:root:[window 2026-09-24T12:02:35Z] FastPay   n=    1 err=  0.00% p95=  187.8ms top=None
INFO:root:[window 2026-09-24T12:02:30Z] FastPay   n=    1 err=  0.00% p95=  187.8ms top=None
INFO:root:[window 2026-09-24T12:02:25Z] FastPay   n=    2 err=  0.00% p95=  187.8ms top=None
INFO:root:[window 2026-09-24T12:03:30Z] SecurePay n=  295 err=  0.68% p95=  444.7ms top=504_TIMEOUT
INFO:root:[window 2026-09-24T12:03:25Z] SecurePay n=  295 err=  0.68% p95=  444.7ms top=504_TIMEOUT
INFO:root:[window 2026-09-24T12:03:20Z] SecurePay n=  295 err=  0.68% p95=  444.7ms top=504_TIMEOUT
INFO:root:[window 2026-09-24T12:03:15Z] SecurePay n=  295 err=  0.68% p95=  444.7ms top=504_TIMEOUT
INFO:root:[window 2026-09-24T12:03:10Z] SecurePay n=  295 err=  0.68% p95=  444.7ms top=504_TIMEOUT
INFO:root:[window 2026-09-24T12:03:05Z] SecurePay n=  295 err=  0.68% p95=  444.7ms top=504_TIMEOUT
INFO:root:[window 2026-09-24T12:03:00Z] SecurePay n=  295 err=  0.68% p95=  444.7ms top=504_TIMEOUT
INFO:root:[window 2026-09-24T12:02:55Z] SecurePay n=  295 err=  0.68% p95=  444.7ms top=504_TIMEOUT
INFO:root:[window 2026-09-24T12:02:50Z] SecurePay n=  283 err=  0.71% p95=  434.0ms top=504_TIMEOUT
INFO:root:[window 2026-09-24T12:02:45Z] SecurePay n=  124 err=  0.81% p95=  426.3ms top=504_TIMEOUT
INFO:root:[window 2026-09-24T12:02:15Z] SecurePay n=    3 err=  0.00% p95=  224.8ms top=None
INFO:root:[window 2026-09-24T12:02:10Z] SecurePay n=    3 err=  0.00% p95=  224.8ms top=None
INFO:root:[window 2026-09-24T12:02:05Z] SecurePay n=    3 err=  0.00% p95=  224.8ms top=None
INFO:root:[window 2026-09-24T12:02:00Z] SecurePay n=    3 err=  0.00% p95=  224.8ms top=None
INFO:root:[window 2026-09-24T12:01:55Z] SecurePay n=    3 err=  0.00% p95=  224.8ms top=None
INFO:root:[window 2026-09-24T12:01:50Z] SecurePay n=    3 err=  0.00% p95=  224.8ms top=None
INFO:root:[window 2026-09-24T12:01:45Z] SecurePay n=    2 err=  0.00% p95=  224.8ms top=None
INFO:root:[window 2026-09-24T12:01:40Z] SecurePay n=    2 err=  0.00% p95=  224.8ms top=None
INFO:root:[window 2026-09-24T12:01:35Z] SecurePay n=    2 err=  0.00% p95=  224.8ms top=None
INFO:root:[window 2026-09-24T12:02:20Z] SecurePay n=    2 err=  0.00% p95=  196.7ms top=None
INFO:root:[window 2026-09-24T12:02:40Z] SecurePay n=    1 err=  0.00% p95=  196.7ms top=None
INFO:root:[window 2026-09-24T12:02:35Z] SecurePay n=    1 err=  0.00% p95=  196.7ms top=None
INFO:root:[window 2026-09-24T12:02:30Z] SecurePay n=    1 err=  0.00% p95=  196.7ms top=None
INFO:root:[window 2026-09-24T12:02:25Z] SecurePay n=    1 err=  0.00% p95=  196.7ms top=None
INFO:root:[window 2026-09-24T12:03:30Z] QuickPay  n=   95 err=  0.00% p95=  416.3ms top=None
INFO:root:[window 2026-09-24T12:03:25Z] QuickPay  n=   95 err=  0.00% p95=  416.3ms top=None
INFO:root:[window 2026-09-24T12:03:20Z] QuickPay  n=   95 err=  0.00% p95=  416.3ms top=None
INFO:root:[window 2026-09-24T12:03:15Z] QuickPay  n=   95 err=  0.00% p95=  416.3ms top=None
INFO:root:[window 2026-09-24T12:03:10Z] QuickPay  n=   95 err=  0.00% p95=  416.3ms top=None
INFO:root:[window 2026-09-24T12:03:05Z] QuickPay  n=   95 err=  0.00% p95=  416.3ms top=None
INFO:root:[window 2026-09-24T12:03:00Z] QuickPay  n=   95 err=  0.00% p95=  416.3ms top=None
INFO:root:[window 2026-09-24T12:02:55Z] QuickPay  n=   95 err=  0.00% p95=  416.3ms top=None
INFO:root:[window 2026-09-24T12:02:50Z] QuickPay  n=   87 err=  0.00% p95=  414.2ms top=None
INFO:root:[window 2026-09-24T12:02:45Z] QuickPay  n=   39 err=  0.00% p95=  414.2ms top=None
I0924 17:33:35.348174 9286190 ev_poll_posix.cc:587] FD from fork parent still in poll list: fd(7, generation: 1)
I0924 17:33:35.348268 9286190 ev_poll_posix.cc:587] FD from fork parent still in poll list: fd(3, generation: 1)
INFO:root:[window 2026-09-24T12:03:25Z] SecurePay n=    2 err=  0.00% p95=  262.1ms top=None
INFO:root:[window 2026-09-24T12:03:20Z] SecurePay n=    3 err=  0.00% p95=  278.7ms top=None
INFO:root:[window 2026-09-24T12:03:15Z] SecurePay n=    4 err=  0.00% p95=  372.7ms top=None
INFO:root:[window 2026-09-24T12:03:10Z] SecurePay n=    5 err=  0.00% p95=  372.7ms top=None
INFO:root:[window 2026-09-24T12:03:05Z] SecurePay n=    8 err=  0.00% p95=  372.7ms top=None
INFO:root:[window 2026-09-24T12:03:00Z] SecurePay n=    8 err=  0.00% p95=  372.7ms top=None
INFO:root:[window 2026-09-24T12:02:55Z] SecurePay n=    8 err=  0.00% p95=  372.7ms top=None
INFO:root:[window 2026-09-24T12:02:50Z] SecurePay n=    8 err=  0.00% p95=  372.7ms top=None
INFO:root:[window 2026-09-24T12:02:45Z] SecurePay n=    8 err=  0.00% p95=  372.7ms top=None
INFO:root:[window 2026-09-24T12:02:40Z] SecurePay n=    8 err=  0.00% p95=  372.7ms top=None
INFO:root:[window 2026-09-24T12:02:35Z] SecurePay n=    8 err=  0.00% p95=  372.7ms top=None
INFO:root:[window 2026-09-24T12:02:30Z] SecurePay n=    8 err=  0.00% p95=  372.7ms top=None
INFO:root:[window 2026-09-24T12:02:25Z] SecurePay n=    6 err=  0.00% p95=  372.7ms top=None
INFO:root:[window 2026-09-24T12:02:20Z] SecurePay n=    5 err=  0.00% p95=  275.4ms top=None
INFO:root:[window 2026-09-24T12:02:15Z] SecurePay n=    4 err=  0.00% p95=  258.8ms top=None
INFO:root:[window 2026-09-24T12:02:10Z] SecurePay n=    3 err=  0.00% p95=  244.2ms top=None
INFO:root:[window 2026-09-24T12:03:10Z] QuickPay  n=    1 err=  0.00% p95=  254.8ms top=None
INFO:root:[window 2026-09-24T12:03:05Z] QuickPay  n=    1 err=  0.00% p95=  254.8ms top=None
INFO:root:[window 2026-09-24T12:03:00Z] QuickPay  n=    1 err=  0.00% p95=  254.8ms top=None
INFO:root:[window 2026-09-24T12:02:55Z] QuickPay  n=    1 err=  0.00% p95=  254.8ms top=None
INFO:root:[window 2026-09-24T12:02:50Z] QuickPay  n=    1 err=  0.00% p95=  254.8ms top=None
INFO:root:[window 2026-09-24T12:02:45Z] QuickPay  n=    1 err=  0.00% p95=  254.8ms top=None
INFO:root:[window 2026-09-24T12:02:40Z] QuickPay  n=    1 err=  0.00% p95=  254.8ms top=None
INFO:root:[window 2026-09-24T12:02:35Z] QuickPay  n=    1 err=  0.00% p95=  254.8ms top=None
INFO:root:[window 2026-09-24T12:02:30Z] QuickPay  n=    1 err=  0.00% p95=  254.8ms top=None
INFO:root:[window 2026-09-24T12:02:25Z] QuickPay  n=    1 err=  0.00% p95=  254.8ms top=None
INFO:root:[window 2026-09-24T12:02:20Z] QuickPay  n=    1 err=  0.00% p95=  254.8ms top=None
INFO:root:[window 2026-09-24T12:02:15Z] QuickPay  n=    1 err=  0.00% p95=  254.8ms top=None
INFO:root:[window 2026-09-24T12:03:35Z] QuickPay  n=  623 err=  1.44% p95=  438.5ms top=504_TIMEOUT
INFO:root:[window 2026-09-24T12:03:35Z] FastPay   n= 3495 err= 39.63% p95= 5593.9ms top=504_TIMEOUT  <-- BREACH
INFO:root:[window 2026-09-24T12:03:35Z] SecurePay n= 2228 err=  0.76% p95=  433.0ms top=504_TIMEOUT
I0924 17:33:37.507154 9286455 ev_poll_posix.cc:587] FD from fork parent still in poll list: fd(7, generation: 1)
I0924 17:33:37.507261 9286455 ev_poll_posix.cc:587] FD from fork parent still in poll list: fd(3, generation: 1)
I0924 17:33:37.959112 9286560 ev_poll_posix.cc:587] FD from fork parent still in poll list: fd(7, generation: 1)
I0924 17:33:37.959156 9286560 ev_poll_posix.cc:587] FD from fork parent still in poll list: fd(3, generation: 1)
INFO:root:[window 2026-09-24T12:03:35Z] FastPay   n=  600 err= 74.67% p95= 5724.6ms top=504_TIMEOUT  <-- BREACH
INFO:root:[window 2026-09-24T12:03:30Z] FastPay   n=  600 err= 74.67% p95= 5724.6ms top=504_TIMEOUT  <-- BREACH
INFO:root:[window 2026-09-24T12:03:25Z] FastPay   n=  600 err= 74.67% p95= 5724.6ms top=504_TIMEOUT  <-- BREACH
INFO:root:[window 2026-09-24T12:03:20Z] FastPay   n=  600 err= 74.67% p95= 5724.6ms top=504_TIMEOUT  <-- BREACH
INFO:root:[window 2026-09-24T12:03:15Z] FastPay   n=  494 err= 73.08% p95= 5716.1ms top=504_TIMEOUT  <-- BREACH
INFO:root:[window 2026-09-24T12:03:10Z] FastPay   n=  494 err= 73.08% p95= 5716.1ms top=504_TIMEOUT  <-- BREACH
INFO:root:[window 2026-09-24T12:03:05Z] FastPay   n=  362 err= 70.99% p95= 5737.1ms top=504_TIMEOUT  <-- BREACH
INFO:root:[window 2026-09-24T12:03:00Z] FastPay   n=  174 err= 68.97% p95= 5690.9ms top=504_TIMEOUT
INFO:root:[window 2026-09-24T12:02:45Z] FastPay   n=    2 err= 50.00% p95=  220.3ms top=504_TIMEOUT
INFO:root:[window 2026-09-24T12:02:40Z] FastPay   n=    2 err= 50.00% p95=  220.3ms top=504_TIMEOUT
INFO:root:[window 2026-09-24T12:02:35Z] FastPay   n=    3 err= 66.67% p95=  263.2ms top=504_TIMEOUT
INFO:root:[window 2026-09-24T12:02:30Z] FastPay   n=    3 err= 66.67% p95=  263.2ms top=504_TIMEOUT
INFO:root:[window 2026-09-24T12:02:25Z] FastPay   n=    4 err= 50.00% p95=  312.9ms top=504_TIMEOUT
INFO:root:[window 2026-09-24T12:02:20Z] FastPay   n=    4 err= 50.00% p95=  312.9ms top=504_TIMEOUT
INFO:root:[window 2026-09-24T12:02:15Z] FastPay   n=    4 err= 50.00% p95=  312.9ms top=504_TIMEOUT
INFO:root:[window 2026-09-24T12:02:10Z] FastPay   n=    4 err= 50.00% p95=  312.9ms top=504_TIMEOUT
INFO:root:[window 2026-09-24T12:02:05Z] FastPay   n=    4 err= 50.00% p95=  312.9ms top=504_TIMEOUT
INFO:root:[window 2026-09-24T12:02:00Z] FastPay   n=    4 err= 50.00% p95=  312.9ms top=504_TIMEOUT
INFO:root:[window 2026-09-24T12:01:55Z] FastPay   n=    4 err= 50.00% p95=  312.9ms top=504_TIMEOUT
INFO:root:[window 2026-09-24T12:01:50Z] FastPay   n=    3 err= 66.67% p95=  312.9ms top=504_TIMEOUT
INFO:root:[window 2026-09-24T12:02:55Z] FastPay   n=   37 err=  2.70% p95=  422.1ms top=504_TIMEOUT
INFO:root:[window 2026-09-24T12:02:50Z] FastPay   n=    1 err=  0.00% p95=  220.3ms top=None
INFO:root:[window 2026-09-24T12:01:45Z] FastPay   n=    2 err= 50.00% p95=  263.2ms top=502_BAD_GATEWAY
INFO:root:[window 2026-09-24T12:01:40Z] FastPay   n=    2 err= 50.00% p95=  263.2ms top=502_BAD_GATEWAY
INFO:root:[window 2026-09-24T12:03:35Z] SecurePay n=  300 err=  0.67% p95=  448.2ms top=502_BAD_GATEWAY
INFO:root:[window 2026-09-24T12:03:30Z] SecurePay n=  300 err=  0.67% p95=  448.2ms top=502_BAD_GATEWAY
INFO:root:[window 2026-09-24T12:03:25Z] SecurePay n=  300 err=  0.67% p95=  448.2ms top=502_BAD_GATEWAY
INFO:root:[window 2026-09-24T12:03:20Z] SecurePay n=  300 err=  0.67% p95=  448.2ms top=502_BAD_GATEWAY
INFO:root:[window 2026-09-24T12:03:15Z] SecurePay n=  259 err=  0.77% p95=  448.2ms top=502_BAD_GATEWAY
INFO:root:[window 2026-09-24T12:03:10Z] SecurePay n=  259 err=  0.77% p95=  448.2ms top=502_BAD_GATEWAY
INFO:root:[window 2026-09-24T12:03:05Z] SecurePay n=  210 err=  0.48% p95=  448.2ms top=502_BAD_GATEWAY
INFO:root:[window 2026-09-24T12:02:45Z] SecurePay n=    1 err=  0.00% p95=  402.5ms top=None
INFO:root:[window 2026-09-24T12:02:40Z] SecurePay n=    1 err=  0.00% p95=  402.5ms top=None
INFO:root:[window 2026-09-24T12:02:35Z] SecurePay n=    1 err=  0.00% p95=  402.5ms top=None
INFO:root:[window 2026-09-24T12:02:30Z] SecurePay n=    1 err=  0.00% p95=  402.5ms top=None
INFO:root:[window 2026-09-24T12:02:25Z] SecurePay n=    1 err=  0.00% p95=  402.5ms top=None
INFO:root:[window 2026-09-24T12:02:20Z] SecurePay n=    1 err=  0.00% p95=  402.5ms top=None
INFO:root:[window 2026-09-24T12:02:15Z] SecurePay n=    1 err=  0.00% p95=  402.5ms top=None
INFO:root:[window 2026-09-24T12:02:10Z] SecurePay n=    1 err=  0.00% p95=  402.5ms top=None
INFO:root:[window 2026-09-24T12:02:05Z] SecurePay n=    1 err=  0.00% p95=  402.5ms top=None
INFO:root:[window 2026-09-24T12:02:00Z] SecurePay n=    1 err=  0.00% p95=  402.5ms top=None
INFO:root:[window 2026-09-24T12:01:55Z] SecurePay n=    1 err=  0.00% p95=  402.5ms top=None
INFO:root:[window 2026-09-24T12:01:50Z] SecurePay n=    1 err=  0.00% p95=  402.5ms top=None
INFO:root:[window 2026-09-24T12:03:00Z] SecurePay n=   91 err=  0.00% p95=  425.9ms top=None
INFO:root:[window 2026-09-24T12:02:55Z] SecurePay n=   15 err=  0.00% p95=  389.6ms top=None
INFO:root:[window 2026-09-24T12:03:35Z] QuickPay  n=   94 err=  2.13% p95=  455.7ms top=504_TIMEOUT
INFO:root:[window 2026-09-24T12:03:30Z] QuickPay  n=   94 err=  2.13% p95=  455.7ms top=504_TIMEOUT
INFO:root:[window 2026-09-24T12:03:25Z] QuickPay  n=   94 err=  2.13% p95=  455.7ms top=504_TIMEOUT
INFO:root:[window 2026-09-24T12:03:20Z] QuickPay  n=   94 err=  2.13% p95=  455.7ms top=504_TIMEOUT
INFO:root:[window 2026-09-24T12:03:15Z] QuickPay  n=   83 err=  2.41% p95=  455.7ms top=504_TIMEOUT
INFO:root:[window 2026-09-24T12:03:10Z] QuickPay  n=   83 err=  2.41% p95=  455.7ms top=504_TIMEOUT
INFO:root:[window 2026-09-24T12:03:05Z] QuickPay  n=   66 err=  3.03% p95=  462.8ms top=504_TIMEOUT
INFO:root:[window 2026-09-24T12:03:00Z] QuickPay  n=   30 err=  0.00% p95=  411.7ms top=None
INFO:root:[window 2026-09-24T12:02:55Z] QuickPay  n=    8 err=  0.00% p95=  343.6ms top=None
INFO:root:[window 2026-09-24T12:02:50Z] QuickPay  n=    1 err=  0.00% p95=  315.8ms top=None
INFO:root:[window 2026-09-24T12:02:45Z] QuickPay  n=    1 err=  0.00% p95=  315.8ms top=None
INFO:root:[window 2026-09-24T12:02:40Z] QuickPay  n=    1 err=  0.00% p95=  315.8ms top=None
INFO:root:[window 2026-09-24T12:02:35Z] QuickPay  n=    1 err=  0.00% p95=  315.8ms top=None
INFO:root:[window 2026-09-24T12:02:30Z] QuickPay  n=    1 err=  0.00% p95=  315.8ms top=None
INFO:root:[window 2026-09-24T12:02:25Z] QuickPay  n=    1 err=  0.00% p95=  315.8ms top=None
INFO:root:[window 2026-09-24T12:02:20Z] QuickPay  n=    1 err=  0.00% p95=  315.8ms top=None
INFO:root:[window 2026-09-24T12:02:15Z] QuickPay  n=    1 err=  0.00% p95=  315.8ms top=None
INFO:root:[window 2026-09-24T12:02:10Z] QuickPay  n=    1 err=  0.00% p95=  315.8ms top=None
INFO:root:[window 2026-09-24T12:02:05Z] QuickPay  n=    1 err=  0.00% p95=  315.8ms top=None
INFO:root:[window 2026-09-24T12:02:00Z] QuickPay  n=    1 err=  0.00% p95=  315.8ms top=None
INFO:root:[window 2026-09-24T12:01:55Z] QuickPay  n=    1 err=  0.00% p95=  315.8ms top=None
INFO:root:[window 2026-09-24T12:03:40Z] QuickPay  n=  629 err=  1.91% p95=  452.0ms top=504_TIMEOUT
INFO:root:[window 2026-09-24T12:03:40Z] FastPay   n= 3510 err= 52.11% p95= 5670.7ms top=504_TIMEOUT  <-- BREACH
INFO:root:[window 2026-09-24T12:03:40Z] SecurePay n= 2409 err=  0.75% p95=  433.0ms top=504_TIMEOUT
I0924 17:33:40.593450 9286823 ev_poll_posix.cc:587] FD from fork parent still in poll list: fd(7, generation: 1)
I0924 17:33:40.593493 9286823 ev_poll_posix.cc:587] FD from fork parent still in poll list: fd(3, generation: 1)
I0924 17:33:41.098936 9286964 ev_poll_posix.cc:587] FD from fork parent still in poll list: fd(7, generation: 1)
I0924 17:33:41.098990 9286964 ev_poll_posix.cc:587] FD from fork parent still in poll list: fd(3, generation: 1)
INFO:root:[window 2026-09-24T12:03:40Z] SecurePay n=  284 err=  0.00% p95=  434.7ms top=None
INFO:root:[window 2026-09-24T12:03:35Z] SecurePay n=  284 err=  0.00% p95=  434.7ms top=None
INFO:root:[window 2026-09-24T12:03:30Z] SecurePay n=  284 err=  0.00% p95=  434.7ms top=None
INFO:root:[window 2026-09-24T12:03:25Z] SecurePay n=  284 err=  0.00% p95=  434.7ms top=None
INFO:root:[window 2026-09-24T12:03:20Z] SecurePay n=  284 err=  0.00% p95=  434.7ms top=None
INFO:root:[window 2026-09-24T12:03:15Z] SecurePay n=  284 err=  0.00% p95=  434.7ms top=None
INFO:root:[window 2026-09-24T12:03:10Z] SecurePay n=  284 err=  0.00% p95=  434.7ms top=None
INFO:root:[window 2026-09-24T12:03:05Z] SecurePay n=  284 err=  0.00% p95=  434.7ms top=None
INFO:root:[window 2026-09-24T12:03:00Z] SecurePay n=  284 err=  0.00% p95=  434.7ms top=None
INFO:root:[window 2026-09-24T12:02:55Z] SecurePay n=  229 err=  0.00% p95=  438.6ms top=None
INFO:root:[window 2026-09-24T12:03:40Z] FastPay   n=  608 err= 38.98% p95= 5576.7ms top=504_TIMEOUT  <-- BREACH
INFO:root:[window 2026-09-24T12:03:35Z] FastPay   n=  608 err= 38.98% p95= 5576.7ms top=504_TIMEOUT  <-- BREACH
INFO:root:[window 2026-09-24T12:03:30Z] FastPay   n=  608 err= 38.98% p95= 5576.7ms top=504_TIMEOUT  <-- BREACH
INFO:root:[window 2026-09-24T12:03:25Z] FastPay   n=  608 err= 38.98% p95= 5576.7ms top=504_TIMEOUT  <-- BREACH
INFO:root:[window 2026-09-24T12:03:20Z] FastPay   n=  608 err= 38.98% p95= 5576.7ms top=504_TIMEOUT  <-- BREACH
INFO:root:[window 2026-09-24T12:03:15Z] FastPay   n=  608 err= 38.98% p95= 5576.7ms top=504_TIMEOUT  <-- BREACH
INFO:root:[window 2026-09-24T12:03:10Z] FastPay   n=  608 err= 38.98% p95= 5576.7ms top=504_TIMEOUT  <-- BREACH
INFO:root:[window 2026-09-24T12:03:05Z] FastPay   n=  608 err= 38.98% p95= 5576.7ms top=504_TIMEOUT  <-- BREACH
INFO:root:[window 2026-09-24T12:03:00Z] FastPay   n=  608 err= 38.98% p95= 5576.7ms top=504_TIMEOUT  <-- BREACH
INFO:root:[window 2026-09-24T12:02:55Z] FastPay   n=  513 err= 32.16% p95= 5481.4ms top=504_TIMEOUT  <-- BREACH
INFO:root:[window 2026-09-24T12:02:30Z] FastPay   n=    4 err= 25.00% p95=  476.2ms top=504_TIMEOUT
INFO:root:[window 2026-09-24T12:02:25Z] FastPay   n=    5 err= 20.00% p95=  476.2ms top=504_TIMEOUT
INFO:root:[window 2026-09-24T12:02:20Z] FastPay   n=    5 err= 20.00% p95=  476.2ms top=504_TIMEOUT
INFO:root:[window 2026-09-24T12:02:15Z] FastPay   n=    5 err= 20.00% p95=  476.2ms top=504_TIMEOUT
INFO:root:[window 2026-09-24T12:02:10Z] FastPay   n=    5 err= 20.00% p95=  476.2ms top=504_TIMEOUT
INFO:root:[window 2026-09-24T12:02:05Z] FastPay   n=    5 err= 20.00% p95=  476.2ms top=504_TIMEOUT
INFO:root:[window 2026-09-24T12:02:00Z] FastPay   n=    5 err= 20.00% p95=  476.2ms top=504_TIMEOUT
INFO:root:[window 2026-09-24T12:01:55Z] FastPay   n=    5 err= 20.00% p95=  476.2ms top=504_TIMEOUT
INFO:root:[window 2026-09-24T12:01:50Z] FastPay   n=    5 err= 20.00% p95=  476.2ms top=504_TIMEOUT
INFO:root:[window 2026-09-24T12:01:45Z] FastPay   n=    5 err= 20.00% p95=  476.2ms top=504_TIMEOUT
INFO:root:[window 2026-09-24T12:02:35Z] FastPay   n=    1 err=  0.00% p95=  207.1ms top=None
INFO:root:[window 2026-09-24T12:03:40Z] QuickPay  n=  103 err=  1.94% p95=  420.5ms top=504_TIMEOUT
INFO:root:[window 2026-09-24T12:03:35Z] QuickPay  n=  103 err=  1.94% p95=  420.5ms top=504_TIMEOUT
INFO:root:[window 2026-09-24T12:03:30Z] QuickPay  n=  103 err=  1.94% p95=  420.5ms top=504_TIMEOUT
INFO:root:[window 2026-09-24T12:03:25Z] QuickPay  n=  103 err=  1.94% p95=  420.5ms top=504_TIMEOUT
INFO:root:[window 2026-09-24T12:03:20Z] QuickPay  n=  103 err=  1.94% p95=  420.5ms top=504_TIMEOUT
INFO:root:[window 2026-09-24T12:03:15Z] QuickPay  n=  103 err=  1.94% p95=  420.5ms top=504_TIMEOUT
INFO:root:[window 2026-09-24T12:03:10Z] QuickPay  n=  103 err=  1.94% p95=  420.5ms top=504_TIMEOUT
INFO:root:[window 2026-09-24T12:03:05Z] QuickPay  n=  103 err=  1.94% p95=  420.5ms top=504_TIMEOUT
INFO:root:[window 2026-09-24T12:03:00Z] QuickPay  n=  103 err=  1.94% p95=  420.5ms top=504_TIMEOUT
INFO:root:[window 2026-09-24T12:02:55Z] QuickPay  n=   84 err=  2.38% p95=  420.5ms top=504_TIMEOUT
I0924 17:33:43.347350 9287278 ev_poll_posix.cc:587] FD from fork parent still in poll list: fd(7, generation: 1)
I0924 17:33:43.347467 9287278 ev_poll_posix.cc:587] FD from fork parent still in poll list: fd(3, generation: 1)
INFO:root:[window 2026-09-24T12:03:40Z] FastPay   n=  566 err= 79.33% p95= 5799.2ms top=504_TIMEOUT  <-- BREACH
INFO:root:[window 2026-09-24T12:03:35Z] FastPay   n=  566 err= 79.33% p95= 5799.2ms top=504_TIMEOUT  <-- BREACH
INFO:root:[window 2026-09-24T12:03:30Z] FastPay   n=  566 err= 79.33% p95= 5799.2ms top=504_TIMEOUT  <-- BREACH
INFO:root:[window 2026-09-24T12:03:25Z] FastPay   n=  566 err= 79.33% p95= 5799.2ms top=504_TIMEOUT  <-- BREACH
INFO:root:[window 2026-09-24T12:03:20Z] FastPay   n=  566 err= 79.33% p95= 5799.2ms top=504_TIMEOUT  <-- BREACH
INFO:root:[window 2026-09-24T12:03:15Z] FastPay   n=  541 err= 79.11% p95= 5809.4ms top=504_TIMEOUT  <-- BREACH
INFO:root:[window 2026-09-24T12:03:10Z] FastPay   n=  423 err= 78.25% p95= 5814.6ms top=504_TIMEOUT  <-- BREACH
INFO:root:[window 2026-09-24T12:03:05Z] FastPay   n=  423 err= 78.25% p95= 5814.6ms top=504_TIMEOUT  <-- BREACH
INFO:root:[window 2026-09-24T12:03:00Z] FastPay   n=  298 err= 80.87% p95= 5809.4ms top=504_TIMEOUT  <-- BREACH
INFO:root:[window 2026-09-24T12:02:35Z] FastPay   n=    7 err=100.00% p95= 5443.2ms top=504_TIMEOUT
INFO:root:[window 2026-09-24T12:02:30Z] FastPay   n=    7 err=100.00% p95= 5443.2ms top=504_TIMEOUT
INFO:root:[window 2026-09-24T12:02:25Z] FastPay   n=    7 err=100.00% p95= 5443.2ms top=504_TIMEOUT
INFO:root:[window 2026-09-24T12:02:20Z] FastPay   n=    7 err=100.00% p95= 5443.2ms top=504_TIMEOUT
INFO:root:[window 2026-09-24T12:02:15Z] FastPay   n=    7 err=100.00% p95= 5443.2ms top=504_TIMEOUT
INFO:root:[window 2026-09-24T12:02:10Z] FastPay   n=    7 err=100.00% p95= 5443.2ms top=504_TIMEOUT
INFO:root:[window 2026-09-24T12:02:05Z] FastPay   n=    7 err=100.00% p95= 5443.2ms top=504_TIMEOUT
INFO:root:[window 2026-09-24T12:02:00Z] FastPay   n=    7 err=100.00% p95= 5443.2ms top=504_TIMEOUT
INFO:root:[window 2026-09-24T12:01:55Z] FastPay   n=    6 err=100.00% p95= 5370.3ms top=504_TIMEOUT
INFO:root:[window 2026-09-24T12:01:50Z] FastPay   n=    6 err=100.00% p95= 5370.3ms top=504_TIMEOUT
INFO:root:[window 2026-09-24T12:01:45Z] FastPay   n=    4 err=100.00% p95= 3678.9ms top=502_BAD_GATEWAY
INFO:root:[window 2026-09-24T12:02:45Z] FastPay   n=    3 err=100.00% p95= 5370.3ms top=504_TIMEOUT
INFO:root:[window 2026-09-24T12:02:40Z] FastPay   n=    4 err=100.00% p95= 5370.3ms top=504_TIMEOUT
INFO:root:[window 2026-09-24T12:02:55Z] FastPay   n=    1 err=100.00% p95= 5443.2ms top=504_TIMEOUT
INFO:root:[window 2026-09-24T12:02:50Z] FastPay   n=    1 err=100.00% p95= 5443.2ms top=504_TIMEOUT
INFO:root:[window 2026-09-24T12:03:40Z] SecurePay n=  316 err=  1.58% p95=  439.3ms top=504_TIMEOUT
INFO:root:[window 2026-09-24T12:03:35Z] SecurePay n=  316 err=  1.58% p95=  439.3ms top=504_TIMEOUT
INFO:root:[window 2026-09-24T12:03:30Z] SecurePay n=  316 err=  1.58% p95=  439.3ms top=504_TIMEOUT
INFO:root:[window 2026-09-24T12:03:25Z] SecurePay n=  316 err=  1.58% p95=  439.3ms top=504_TIMEOUT
INFO:root:[window 2026-09-24T12:03:20Z] SecurePay n=  316 err=  1.58% p95=  439.3ms top=504_TIMEOUT
INFO:root:[window 2026-09-24T12:03:15Z] SecurePay n=  302 err=  1.66% p95=  439.3ms top=504_TIMEOUT
INFO:root:[window 2026-09-24T12:03:10Z] SecurePay n=  246 err=  2.03% p95=  450.3ms top=504_TIMEOUT
INFO:root:[window 2026-09-24T12:03:05Z] SecurePay n=  246 err=  2.03% p95=  450.3ms top=504_TIMEOUT
INFO:root:[window 2026-09-24T12:03:00Z] SecurePay n=  147 err=  2.04% p95=  450.4ms top=504_TIMEOUT
INFO:root:[window 2026-09-24T12:02:45Z] SecurePay n=    5 err=  0.00% p95=  290.5ms top=None
INFO:root:[window 2026-09-24T12:02:40Z] SecurePay n=    5 err=  0.00% p95=  290.5ms top=None
INFO:root:[window 2026-09-24T12:02:35Z] SecurePay n=    5 err=  0.00% p95=  290.5ms top=None
INFO:root:[window 2026-09-24T12:02:30Z] SecurePay n=    5 err=  0.00% p95=  290.5ms top=None
INFO:root:[window 2026-09-24T12:02:25Z] SecurePay n=    5 err=  0.00% p95=  290.5ms top=None
INFO:root:[window 2026-09-24T12:02:20Z] SecurePay n=    5 err=  0.00% p95=  290.5ms top=None
INFO:root:[window 2026-09-24T12:02:15Z] SecurePay n=    5 err=  0.00% p95=  290.5ms top=None
INFO:root:[window 2026-09-24T12:02:10Z] SecurePay n=    5 err=  0.00% p95=  290.5ms top=None
INFO:root:[window 2026-09-24T12:02:05Z] SecurePay n=    5 err=  0.00% p95=  290.5ms top=None
INFO:root:[window 2026-09-24T12:02:00Z] SecurePay n=    4 err=  0.00% p95=  290.5ms top=None
INFO:root:[window 2026-09-24T12:01:55Z] SecurePay n=    4 err=  0.00% p95=  290.5ms top=None
INFO:root:[window 2026-09-24T12:01:50Z] SecurePay n=    2 err=  0.00% p95=  254.7ms top=None
INFO:root:[window 2026-09-24T12:02:50Z] SecurePay n=    3 err=  0.00% p95=  241.3ms top=None
INFO:root:[window 2026-09-24T12:02:55Z] SecurePay n=    1 err=  0.00% p95=  163.2ms top=None
INFO:root:[window 2026-09-24T12:03:40Z] QuickPay  n=  103 err=  0.97% p95=  477.0ms top=504_TIMEOUT
INFO:root:[window 2026-09-24T12:03:35Z] QuickPay  n=  103 err=  0.97% p95=  477.0ms top=504_TIMEOUT
INFO:root:[window 2026-09-24T12:03:30Z] QuickPay  n=  103 err=  0.97% p95=  477.0ms top=504_TIMEOUT
INFO:root:[window 2026-09-24T12:03:25Z] QuickPay  n=  103 err=  0.97% p95=  477.0ms top=504_TIMEOUT
INFO:root:[window 2026-09-24T12:03:20Z] QuickPay  n=  103 err=  0.97% p95=  477.0ms top=504_TIMEOUT
INFO:root:[window 2026-09-24T12:03:15Z] QuickPay  n=  100 err=  1.00% p95=  487.0ms top=504_TIMEOUT
INFO:root:[window 2026-09-24T12:03:10Z] QuickPay  n=   78 err=  0.00% p95=  454.1ms top=None
INFO:root:[window 2026-09-24T12:03:05Z] QuickPay  n=   78 err=  0.00% p95=  454.1ms top=None
INFO:root:[window 2026-09-24T12:03:00Z] QuickPay  n=   51 err=  0.00% p95=  437.9ms top=None
INFO:root:[window 2026-09-24T12:02:35Z] QuickPay  n=    3 err=  0.00% p95=  274.8ms top=None
INFO:root:[window 2026-09-24T12:02:30Z] QuickPay  n=    3 err=  0.00% p95=  274.8ms top=None
INFO:root:[window 2026-09-24T12:02:25Z] QuickPay  n=    3 err=  0.00% p95=  274.8ms top=None
INFO:root:[window 2026-09-24T12:02:20Z] QuickPay  n=    3 err=  0.00% p95=  274.8ms top=None
INFO:root:[window 2026-09-24T12:02:15Z] QuickPay  n=    3 err=  0.00% p95=  274.8ms top=None
INFO:root:[window 2026-09-24T12:02:10Z] QuickPay  n=    3 err=  0.00% p95=  274.8ms top=None
INFO:root:[window 2026-09-24T12:02:05Z] QuickPay  n=    3 err=  0.00% p95=  274.8ms top=None
INFO:root:[window 2026-09-24T12:02:00Z] QuickPay  n=    3 err=  0.00% p95=  274.8ms top=None
INFO:root:[window 2026-09-24T12:01:55Z] QuickPay  n=    2 err=  0.00% p95=  228.7ms top=None
INFO:root:[window 2026-09-24T12:01:50Z] QuickPay  n=    2 err=  0.00% p95=  228.7ms top=None
INFO:root:[window 2026-09-24T12:01:45Z] QuickPay  n=    2 err=  0.00% p95=  228.7ms top=None
INFO:root:[window 2026-09-24T12:02:40Z] QuickPay  n=    2 err=  0.00% p95=  274.8ms top=None
INFO:root:[window 2026-09-24T12:02:55Z] QuickPay  n=    1 err=  0.00% p95=  314.0ms top=None
INFO:root:[window 2026-09-24T12:02:50Z] QuickPay  n=    1 err=  0.00% p95=  314.0ms top=None
INFO:root:[window 2026-09-24T12:02:45Z] QuickPay  n=    1 err=  0.00% p95=  314.0ms top=None
INFO:root:[window 2026-09-24T12:03:45Z] QuickPay  n=  748 err=  2.01% p95=  455.7ms top=504_TIMEOUT
INFO:root:[window 2026-09-24T12:03:45Z] FastPay   n= 4112 err= 61.04% p95= 5724.4ms top=504_TIMEOUT  <-- BREACH
INFO:root:[window 2026-09-24T12:03:45Z] SecurePay n= 2717 err=  0.77% p95=  434.0ms top=504_TIMEOUT
I0924 17:33:45.591666 9287556 ev_poll_posix.cc:587] FD from fork parent still in poll list: fd(7, generation: 1)
I0924 17:33:46.335575 9287694 ev_poll_posix.cc:587] FD from fork parent still in poll list: fd(7, generation: 1)
I0924 17:33:46.335673 9287694 ev_poll_posix.cc:587] FD from fork parent still in poll list: fd(3, generation: 1)
INFO:root:[window 2026-09-24T12:03:45Z] QuickPay  n=   57 err=  0.00% p95=  460.2ms top=None
INFO:root:[window 2026-09-24T12:03:45Z] SecurePay n=  535 err=  0.19% p95=  422.9ms top=504_TIMEOUT
INFO:root:[window 2026-09-24T12:03:30Z] SecurePay n=    2 err=  0.00% p95=  128.4ms top=None
INFO:root:[window 2026-09-24T12:03:25Z] SecurePay n=    2 err=  0.00% p95=  128.4ms top=None
INFO:root:[window 2026-09-24T12:03:20Z] SecurePay n=    4 err=  0.00% p95=  231.5ms top=None
INFO:root:[window 2026-09-24T12:03:15Z] SecurePay n=    7 err=  0.00% p95=  328.4ms top=None
INFO:root:[window 2026-09-24T12:03:10Z] SecurePay n=    8 err=  0.00% p95=  328.4ms top=None
INFO:root:[window 2026-09-24T12:03:05Z] SecurePay n=    8 err=  0.00% p95=  328.4ms top=None
INFO:root:[window 2026-09-24T12:03:00Z] SecurePay n=    8 err=  0.00% p95=  328.4ms top=None
INFO:root:[window 2026-09-24T12:02:55Z] SecurePay n=    8 err=  0.00% p95=  328.4ms top=None
INFO:root:[window 2026-09-24T12:02:50Z] SecurePay n=    8 err=  0.00% p95=  328.4ms top=None
INFO:root:[window 2026-09-24T12:02:45Z] SecurePay n=    8 err=  0.00% p95=  328.4ms top=None
INFO:root:[window 2026-09-24T12:02:40Z] SecurePay n=    8 err=  0.00% p95=  328.4ms top=None
INFO:root:[window 2026-09-24T12:02:35Z] SecurePay n=    8 err=  0.00% p95=  328.4ms top=None
INFO:root:[window 2026-09-24T12:02:30Z] SecurePay n=    6 err=  0.00% p95=  289.6ms top=None
INFO:root:[window 2026-09-24T12:02:25Z] SecurePay n=    6 err=  0.00% p95=  289.6ms top=None
INFO:root:[window 2026-09-24T12:02:20Z] SecurePay n=    4 err=  0.00% p95=  289.6ms top=None
INFO:root:[window 2026-09-24T12:02:15Z] SecurePay n=    1 err=  0.00% p95=  275.0ms top=None
I0924 17:33:48.004576 9287873 ev_poll_posix.cc:587] FD from fork parent still in poll list: fd(7, generation: 1)
I0924 17:33:48.004623 9287873 ev_poll_posix.cc:587] FD from fork parent still in poll list: fd(3, generation: 1)
INFO:root:[window 2026-09-24T12:03:45Z] SecurePay n=  323 err=  0.62% p95=  428.3ms top=504_TIMEOUT
INFO:root:[window 2026-09-24T12:03:40Z] SecurePay n=  324 err=  0.62% p95=  428.3ms top=504_TIMEOUT
INFO:root:[window 2026-09-24T12:03:35Z] SecurePay n=  146 err=  0.68% p95=  438.5ms top=504_TIMEOUT
INFO:root:[window 2026-09-24T12:03:30Z] SecurePay n=  148 err=  0.68% p95=  438.5ms top=504_TIMEOUT
INFO:root:[window 2026-09-24T12:03:25Z] SecurePay n=  116 err=  0.86% p95=  428.3ms top=504_TIMEOUT
INFO:root:[window 2026-09-24T12:03:20Z] SecurePay n=    3 err=  0.00% p95=  394.5ms top=None
INFO:root:[window 2026-09-24T12:03:15Z] SecurePay n=    3 err=  0.00% p95=  394.5ms top=None
INFO:root:[window 2026-09-24T12:03:10Z] SecurePay n=    3 err=  0.00% p95=  394.5ms top=None
INFO:root:[window 2026-09-24T12:03:05Z] SecurePay n=    3 err=  0.00% p95=  394.5ms top=None
INFO:root:[window 2026-09-24T12:03:00Z] SecurePay n=    3 err=  0.00% p95=  394.5ms top=None
INFO:root:[window 2026-09-24T12:02:55Z] SecurePay n=    3 err=  0.00% p95=  394.5ms top=None
INFO:root:[window 2026-09-24T12:02:50Z] SecurePay n=    4 err=  0.00% p95=  394.5ms top=None
INFO:root:[window 2026-09-24T12:02:45Z] SecurePay n=    4 err=  0.00% p95=  394.5ms top=None
INFO:root:[window 2026-09-24T12:02:40Z] SecurePay n=    3 err=  0.00% p95=  311.8ms top=None
INFO:root:[window 2026-09-24T12:02:35Z] SecurePay n=    3 err=  0.00% p95=  311.8ms top=None
INFO:root:[window 2026-09-24T12:02:30Z] SecurePay n=    1 err=  0.00% p95=  253.1ms top=None
INFO:root:[window 2026-09-24T12:02:25Z] SecurePay n=    1 err=  0.00% p95=  253.1ms top=None
INFO:root:[window 2026-09-24T12:02:20Z] SecurePay n=    1 err=  0.00% p95=  253.1ms top=None
INFO:root:[window 2026-09-24T12:02:15Z] SecurePay n=    1 err=  0.00% p95=  253.1ms top=None
INFO:root:[window 2026-09-24T12:02:10Z] SecurePay n=    1 err=  0.00% p95=  253.1ms top=None
INFO:root:[window 2026-09-24T12:02:05Z] SecurePay n=    1 err=  0.00% p95=  253.1ms top=None
INFO:root:[window 2026-09-24T12:02:00Z] SecurePay n=    1 err=  0.00% p95=  253.1ms top=None
INFO:root:[window 2026-09-24T12:01:55Z] SecurePay n=    1 err=  0.00% p95=  253.1ms top=None
INFO:root:[window 2026-09-24T12:03:45Z] FastPay   n=  305 err= 77.38% p95= 5823.2ms top=504_TIMEOUT  <-- BREACH
INFO:root:[window 2026-09-24T12:03:40Z] FastPay   n=  305 err= 77.38% p95= 5823.2ms top=504_TIMEOUT  <-- BREACH
INFO:root:[window 2026-09-24T12:03:35Z] FastPay   n=  305 err= 77.38% p95= 5823.2ms top=504_TIMEOUT  <-- BREACH
INFO:root:[window 2026-09-24T12:03:30Z] FastPay   n=  305 err= 77.38% p95= 5823.2ms top=504_TIMEOUT  <-- BREACH
INFO:root:[window 2026-09-24T12:03:25Z] FastPay   n=  243 err= 77.37% p95= 5823.2ms top=504_TIMEOUT  <-- BREACH
INFO:root:[window 2026-09-24T12:02:55Z] FastPay   n=    2 err=100.00% p95= 3910.6ms top=504_TIMEOUT
INFO:root:[window 2026-09-24T12:02:50Z] FastPay   n=    2 err=100.00% p95= 3910.6ms top=504_TIMEOUT
INFO:root:[window 2026-09-24T12:02:45Z] FastPay   n=    2 err=100.00% p95= 3910.6ms top=504_TIMEOUT
INFO:root:[window 2026-09-24T12:02:40Z] FastPay   n=    2 err=100.00% p95= 3910.6ms top=504_TIMEOUT
INFO:root:[window 2026-09-24T12:02:35Z] FastPay   n=    2 err=100.00% p95= 3910.6ms top=504_TIMEOUT
INFO:root:[window 2026-09-24T12:02:30Z] FastPay   n=    2 err=100.00% p95= 3910.6ms top=504_TIMEOUT
INFO:root:[window 2026-09-24T12:02:25Z] FastPay   n=    2 err=100.00% p95= 3910.6ms top=504_TIMEOUT
INFO:root:[window 2026-09-24T12:02:20Z] FastPay   n=    2 err=100.00% p95= 3910.6ms top=504_TIMEOUT
INFO:root:[window 2026-09-24T12:02:15Z] FastPay   n=    2 err=100.00% p95= 3910.6ms top=504_TIMEOUT
INFO:root:[window 2026-09-24T12:02:10Z] FastPay   n=    2 err=100.00% p95= 3910.6ms top=504_TIMEOUT
INFO:root:[window 2026-09-24T12:02:05Z] FastPay   n=    2 err=100.00% p95= 3910.6ms top=504_TIMEOUT
INFO:root:[window 2026-09-24T12:02:00Z] FastPay   n=    1 err=100.00% p95= 3910.6ms top=504_TIMEOUT
INFO:root:[window 2026-09-24T12:03:00Z] FastPay   n=    1 err=100.00% p95= 5686.8ms top=504_TIMEOUT
INFO:root:[window 2026-09-24T12:03:45Z] QuickPay  n=   79 err=  2.53% p95=  475.0ms top=504_TIMEOUT
INFO:root:[window 2026-09-24T12:03:40Z] QuickPay  n=   79 err=  2.53% p95=  475.0ms top=504_TIMEOUT
INFO:root:[window 2026-09-24T12:03:35Z] QuickPay  n=   58 err=  1.72% p95=  435.5ms top=504_TIMEOUT
INFO:root:[window 2026-09-24T12:03:30Z] QuickPay  n=   58 err=  1.72% p95=  435.5ms top=504_TIMEOUT
INFO:root:[window 2026-09-24T12:03:25Z] QuickPay  n=   41 err=  2.44% p95=  422.8ms top=504_TIMEOUT
INFO:root:[window 2026-09-24T12:03:15Z] QuickPay  n=    1 err=  0.00% p95=  266.2ms top=None
INFO:root:[window 2026-09-24T12:03:10Z] QuickPay  n=    1 err=  0.00% p95=  266.2ms top=None
INFO:root:[window 2026-09-24T12:03:05Z] QuickPay  n=    1 err=  0.00% p95=  266.2ms top=None
INFO:root:[window 2026-09-24T12:03:00Z] QuickPay  n=    1 err=  0.00% p95=  266.2ms top=None
INFO:root:[window 2026-09-24T12:02:55Z] QuickPay  n=    1 err=  0.00% p95=  266.2ms top=None
INFO:root:[window 2026-09-24T12:02:50Z] QuickPay  n=    1 err=  0.00% p95=  266.2ms top=None
INFO:root:[window 2026-09-24T12:02:45Z] QuickPay  n=    1 err=  0.00% p95=  266.2ms top=None
INFO:root:[window 2026-09-24T12:02:40Z] QuickPay  n=    1 err=  0.00% p95=  266.2ms top=None
INFO:root:[window 2026-09-24T12:02:35Z] QuickPay  n=    1 err=  0.00% p95=  266.2ms top=None
INFO:root:[window 2026-09-24T12:02:30Z] QuickPay  n=    1 err=  0.00% p95=  266.2ms top=None
INFO:root:[window 2026-09-24T12:02:25Z] QuickPay  n=    1 err=  0.00% p95=  266.2ms top=None
INFO:root:[window 2026-09-24T12:02:20Z] QuickPay  n=    1 err=  0.00% p95=  266.2ms top=None
INFO:root:[window 2026-09-24T12:03:50Z] QuickPay  n=  823 err=  2.07% p95=  459.2ms top=504_TIMEOUT
INFO:root:[window 2026-09-24T12:03:50Z] FastPay   n= 3903 err= 70.25% p95= 5755.9ms top=504_TIMEOUT  <-- BREACH
INFO:root:[window 2026-09-24T12:03:50Z] SecurePay n= 3514 err=  0.68% p95=  430.6ms top=504_TIMEOUT
I0924 17:33:50.394164 9288092 ev_poll_posix.cc:587] FD from fork parent still in poll list: fd(7, generation: 1)
I0924 17:33:50.394209 9288092 ev_poll_posix.cc:587] FD from fork parent still in poll list: fd(3, generation: 1)
I0924 17:33:50.864633 9288185 ev_poll_posix.cc:587] FD from fork parent still in poll list: fd(7, generation: 1)
I0924 17:33:50.864731 9288185 ev_poll_posix.cc:587] FD from fork parent still in poll list: fd(3, generation: 1)
INFO:root:[window 2026-09-24T12:03:50Z] FastPay   n=  248 err= 78.63% p95= 5698.5ms top=504_TIMEOUT  <-- BREACH
INFO:root:[window 2026-09-24T12:03:45Z] FastPay   n=  248 err= 78.63% p95= 5698.5ms top=504_TIMEOUT  <-- BREACH
INFO:root:[window 2026-09-24T12:03:40Z] FastPay   n=  248 err= 78.63% p95= 5698.5ms top=504_TIMEOUT  <-- BREACH
INFO:root:[window 2026-09-24T12:03:35Z] FastPay   n=  248 err= 78.63% p95= 5698.5ms top=504_TIMEOUT  <-- BREACH
INFO:root:[window 2026-09-24T12:03:30Z] FastPay   n=  248 err= 78.63% p95= 5698.5ms top=504_TIMEOUT  <-- BREACH
INFO:root:[window 2026-09-24T12:03:25Z] FastPay   n=  591 err= 32.83% p95= 5478.4ms top=504_TIMEOUT  <-- BREACH
INFO:root:[window 2026-09-24T12:03:20Z] FastPay   n=  591 err= 32.83% p95= 5478.4ms top=504_TIMEOUT  <-- BREACH
INFO:root:[window 2026-09-24T12:03:15Z] FastPay   n=  591 err= 32.83% p95= 5478.4ms top=504_TIMEOUT  <-- BREACH
INFO:root:[window 2026-09-24T12:03:10Z] FastPay   n=  589 err= 32.77% p95= 5478.4ms top=504_TIMEOUT  <-- BREACH
INFO:root:[window 2026-09-24T12:03:05Z] FastPay   n=  466 err= 20.60% p95= 5020.9ms top=504_TIMEOUT  <-- BREACH
INFO:root:[window 2026-09-24T12:03:00Z] FastPay   n=  349 err=  1.15% p95=  440.6ms top=504_TIMEOUT
INFO:root:[window 2026-09-24T12:02:55Z] FastPay   n=  349 err=  1.15% p95=  440.6ms top=504_TIMEOUT
INFO:root:[window 2026-09-24T12:02:50Z] FastPay   n=  351 err=  1.71% p95=  443.7ms top=504_TIMEOUT
INFO:root:[window 2026-09-24T12:02:45Z] FastPay   n=  352 err=  1.99% p95=  449.9ms top=504_TIMEOUT
INFO:root:[window 2026-09-24T12:02:40Z] FastPay   n=  354 err=  2.26% p95=  451.5ms top=504_TIMEOUT
INFO:root:[window 2026-09-24T12:02:35Z] FastPay   n=  354 err=  2.26% p95=  451.5ms top=504_TIMEOUT
INFO:root:[window 2026-09-24T12:02:30Z] FastPay   n=  354 err=  2.26% p95=  451.5ms top=504_TIMEOUT
INFO:root:[window 2026-09-24T12:02:20Z] FastPay   n=    9 err= 55.56% p95= 5139.9ms top=504_TIMEOUT
INFO:root:[window 2026-09-24T12:02:15Z] FastPay   n=    9 err= 55.56% p95= 5139.9ms top=504_TIMEOUT
INFO:root:[window 2026-09-24T12:02:10Z] FastPay   n=    9 err= 55.56% p95= 5139.9ms top=504_TIMEOUT
INFO:root:[window 2026-09-24T12:02:05Z] FastPay   n=    9 err= 55.56% p95= 5139.9ms top=504_TIMEOUT
INFO:root:[window 2026-09-24T12:02:00Z] FastPay   n=    8 err= 50.00% p95= 5139.9ms top=504_TIMEOUT
INFO:root:[window 2026-09-24T12:01:55Z] FastPay   n=    8 err= 50.00% p95= 5139.9ms top=504_TIMEOUT
INFO:root:[window 2026-09-24T12:02:25Z] FastPay   n=    6 err= 83.33% p95= 5139.9ms top=504_TIMEOUT
INFO:root:[window 2026-09-24T12:03:50Z] QuickPay  n=   45 err=  2.22% p95=  389.3ms top=504_TIMEOUT
INFO:root:[window 2026-09-24T12:03:45Z] QuickPay  n=   45 err=  2.22% p95=  389.3ms top=504_TIMEOUT
INFO:root:[window 2026-09-24T12:03:40Z] QuickPay  n=   45 err=  2.22% p95=  389.3ms top=504_TIMEOUT
INFO:root:[window 2026-09-24T12:03:35Z] QuickPay  n=   45 err=  2.22% p95=  389.3ms top=504_TIMEOUT
INFO:root:[window 2026-09-24T12:03:30Z] QuickPay  n=   45 err=  2.22% p95=  389.3ms top=504_TIMEOUT
INFO:root:[window 2026-09-24T12:03:25Z] QuickPay  n=  109 err=  0.92% p95=  414.1ms top=504_TIMEOUT
INFO:root:[window 2026-09-24T12:03:20Z] QuickPay  n=  109 err=  0.92% p95=  414.1ms top=504_TIMEOUT
INFO:root:[window 2026-09-24T12:03:15Z] QuickPay  n=  109 err=  0.92% p95=  414.1ms top=504_TIMEOUT
INFO:root:[window 2026-09-24T12:03:10Z] QuickPay  n=  109 err=  0.92% p95=  414.1ms top=504_TIMEOUT
INFO:root:[window 2026-09-24T12:03:05Z] QuickPay  n=   92 err=  0.00% p95=  396.8ms top=None
INFO:root:[window 2026-09-24T12:03:00Z] QuickPay  n=   67 err=  0.00% p95=  399.8ms top=None
INFO:root:[window 2026-09-24T12:02:55Z] QuickPay  n=   67 err=  0.00% p95=  399.8ms top=None
INFO:root:[window 2026-09-24T12:02:50Z] QuickPay  n=   67 err=  0.00% p95=  399.8ms top=None
INFO:root:[window 2026-09-24T12:02:45Z] QuickPay  n=   67 err=  0.00% p95=  399.8ms top=None
INFO:root:[window 2026-09-24T12:02:40Z] QuickPay  n=   67 err=  0.00% p95=  399.8ms top=None
INFO:root:[window 2026-09-24T12:02:35Z] QuickPay  n=   67 err=  0.00% p95=  399.8ms top=None
INFO:root:[window 2026-09-24T12:02:30Z] QuickPay  n=   67 err=  0.00% p95=  399.8ms top=None
INFO:root:[window 2026-09-24T12:02:15Z] QuickPay  n=    2 err=  0.00% p95=  268.5ms top=None
INFO:root:[window 2026-09-24T12:02:10Z] QuickPay  n=    2 err=  0.00% p95=  268.5ms top=None
INFO:root:[window 2026-09-24T12:02:05Z] QuickPay  n=    2 err=  0.00% p95=  268.5ms top=None
INFO:root:[window 2026-09-24T12:02:00Z] QuickPay  n=    2 err=  0.00% p95=  268.5ms top=None
INFO:root:[window 2026-09-24T12:01:55Z] QuickPay  n=    2 err=  0.00% p95=  268.5ms top=None
INFO:root:[window 2026-09-24T12:02:25Z] QuickPay  n=    1 err=  0.00% p95=  268.5ms top=None
INFO:root:[window 2026-09-24T12:02:20Z] QuickPay  n=    1 err=  0.00% p95=  268.5ms top=None
INFO:root:[window 2026-09-24T12:03:50Z] SecurePay n=  113 err=  1.77% p95=  429.7ms top=504_TIMEOUT
INFO:root:[window 2026-09-24T12:03:45Z] SecurePay n=  113 err=  1.77% p95=  429.7ms top=504_TIMEOUT
INFO:root:[window 2026-09-24T12:03:40Z] SecurePay n=  113 err=  1.77% p95=  429.7ms top=504_TIMEOUT
INFO:root:[window 2026-09-24T12:03:35Z] SecurePay n=  113 err=  1.77% p95=  429.7ms top=504_TIMEOUT
INFO:root:[window 2026-09-24T12:03:30Z] SecurePay n=  113 err=  1.77% p95=  429.7ms top=504_TIMEOUT
INFO:root:[window 2026-09-24T12:03:25Z] SecurePay n=  274 err=  0.73% p95=  426.3ms top=504_TIMEOUT
INFO:root:[window 2026-09-24T12:03:20Z] SecurePay n=  274 err=  0.73% p95=  426.3ms top=504_TIMEOUT
INFO:root:[window 2026-09-24T12:03:15Z] SecurePay n=  274 err=  0.73% p95=  426.3ms top=504_TIMEOUT
INFO:root:[window 2026-09-24T12:03:10Z] SecurePay n=  274 err=  0.73% p95=  426.3ms top=504_TIMEOUT
INFO:root:[window 2026-09-24T12:03:05Z] SecurePay n=  218 err=  0.00% p95=  430.5ms top=None
INFO:root:[window 2026-09-24T12:03:00Z] SecurePay n=  165 err=  0.00% p95=  425.8ms top=None
INFO:root:[window 2026-09-24T12:02:55Z] SecurePay n=  165 err=  0.00% p95=  425.8ms top=None
INFO:root:[window 2026-09-24T12:02:50Z] SecurePay n=  165 err=  0.00% p95=  425.8ms top=None
INFO:root:[window 2026-09-24T12:02:45Z] SecurePay n=  166 err=  0.00% p95=  425.8ms top=None
INFO:root:[window 2026-09-24T12:02:40Z] SecurePay n=  167 err=  0.00% p95=  425.8ms top=None
INFO:root:[window 2026-09-24T12:02:35Z] SecurePay n=  167 err=  0.00% p95=  425.8ms top=None
INFO:root:[window 2026-09-24T12:02:30Z] SecurePay n=  167 err=  0.00% p95=  425.8ms top=None
INFO:root:[window 2026-09-24T12:01:55Z] SecurePay n=    3 err=  0.00% p95=  343.8ms top=None
INFO:root:[window 2026-09-24T12:02:25Z] SecurePay n=    2 err=  0.00% p95=  205.6ms top=None
INFO:root:[window 2026-09-24T12:02:20Z] SecurePay n=    2 err=  0.00% p95=  205.6ms top=None
INFO:root:[window 2026-09-24T12:02:15Z] SecurePay n=    2 err=  0.00% p95=  205.6ms top=None
INFO:root:[window 2026-09-24T12:02:10Z] SecurePay n=    2 err=  0.00% p95=  205.6ms top=None
INFO:root:[window 2026-09-24T12:02:05Z] SecurePay n=    2 err=  0.00% p95=  205.6ms top=None
INFO:root:[window 2026-09-24T12:02:00Z] SecurePay n=    2 err=  0.00% p95=  205.6ms top=None
I0924 17:33:53.817657 9288453 ev_poll_posix.cc:587] FD from fork parent still in poll list: fd(7, generation: 1)
I0924 17:33:53.817903 9288453 ev_poll_posix.cc:587] FD from fork parent still in poll list: fd(3, generation: 1)
INFO:root:[window 2026-09-24T12:03:50Z] FastPay   n=  584 err= 79.79% p95= 5757.3ms top=504_TIMEOUT  <-- BREACH
INFO:root:[window 2026-09-24T12:03:45Z] FastPay   n=  584 err= 79.79% p95= 5757.3ms top=504_TIMEOUT  <-- BREACH
INFO:root:[window 2026-09-24T12:03:40Z] FastPay   n=  584 err= 79.79% p95= 5757.3ms top=504_TIMEOUT  <-- BREACH
INFO:root:[window 2026-09-24T12:03:35Z] FastPay   n=  584 err= 79.79% p95= 5757.3ms top=504_TIMEOUT  <-- BREACH
INFO:root:[window 2026-09-24T12:03:30Z] FastPay   n=  584 err= 79.79% p95= 5757.3ms top=504_TIMEOUT  <-- BREACH
INFO:root:[window 2026-09-24T12:03:25Z] FastPay   n=  117 err= 80.34% p95= 5732.4ms top=504_TIMEOUT
INFO:root:[window 2026-09-24T12:03:20Z] FastPay   n=  118 err= 80.51% p95= 5732.4ms top=504_TIMEOUT
INFO:root:[window 2026-09-24T12:03:15Z] FastPay   n=  118 err= 80.51% p95= 5732.4ms top=504_TIMEOUT
INFO:root:[window 2026-09-24T12:02:55Z] FastPay   n=    6 err= 83.33% p95= 5350.9ms top=504_TIMEOUT
INFO:root:[window 2026-09-24T12:02:50Z] FastPay   n=    7 err= 85.71% p95= 5350.9ms top=504_TIMEOUT
INFO:root:[window 2026-09-24T12:02:45Z] FastPay   n=    7 err= 85.71% p95= 5350.9ms top=504_TIMEOUT
INFO:root:[window 2026-09-24T12:02:40Z] FastPay   n=    8 err= 87.50% p95= 5350.9ms top=504_TIMEOUT
INFO:root:[window 2026-09-24T12:02:35Z] FastPay   n=    8 err= 87.50% p95= 5350.9ms top=504_TIMEOUT
INFO:root:[window 2026-09-24T12:02:30Z] FastPay   n=    8 err= 87.50% p95= 5350.9ms top=504_TIMEOUT
INFO:root:[window 2026-09-24T12:02:25Z] FastPay   n=    8 err= 87.50% p95= 5350.9ms top=504_TIMEOUT
INFO:root:[window 2026-09-24T12:02:20Z] FastPay   n=    7 err= 85.71% p95= 5350.9ms top=504_TIMEOUT
INFO:root:[window 2026-09-24T12:02:15Z] FastPay   n=    7 err= 85.71% p95= 5350.9ms top=504_TIMEOUT
INFO:root:[window 2026-09-24T12:02:10Z] FastPay   n=    7 err= 85.71% p95= 5350.9ms top=504_TIMEOUT
INFO:root:[window 2026-09-24T12:02:05Z] FastPay   n=    7 err= 85.71% p95= 5350.9ms top=504_TIMEOUT
INFO:root:[window 2026-09-24T12:02:00Z] FastPay   n=    3 err=100.00% p95= 4204.4ms top=504_TIMEOUT
INFO:root:[window 2026-09-24T12:01:55Z] FastPay   n=    2 err=100.00% p95=  308.0ms top=502_BAD_GATEWAY
INFO:root:[window 2026-09-24T12:03:00Z] FastPay   n=    5 err= 80.00% p95= 4041.1ms top=504_TIMEOUT
INFO:root:[window 2026-09-24T12:03:10Z] FastPay   n=    1 err=100.00% p95= 4041.1ms top=504_TIMEOUT
INFO:root:[window 2026-09-24T12:03:05Z] FastPay   n=    1 err=100.00% p95= 4041.1ms top=504_TIMEOUT
INFO:root:[window 2026-09-24T12:03:50Z] SecurePay n=  314 err=  1.27% p95=  425.6ms top=504_TIMEOUT
INFO:root:[window 2026-09-24T12:03:45Z] SecurePay n=  314 err=  1.27% p95=  425.6ms top=504_TIMEOUT
INFO:root:[window 2026-09-24T12:03:40Z] SecurePay n=  314 err=  1.27% p95=  425.6ms top=504_TIMEOUT
INFO:root:[window 2026-09-24T12:03:35Z] SecurePay n=  314 err=  1.27% p95=  425.6ms top=504_TIMEOUT
INFO:root:[window 2026-09-24T12:03:30Z] SecurePay n=  314 err=  1.27% p95=  425.6ms top=504_TIMEOUT
INFO:root:[window 2026-09-24T12:03:25Z] SecurePay n=   57 err=  1.75% p95=  429.3ms top=504_TIMEOUT
INFO:root:[window 2026-09-24T12:03:20Z] SecurePay n=   57 err=  1.75% p95=  429.3ms top=504_TIMEOUT
INFO:root:[window 2026-09-24T12:03:15Z] SecurePay n=   59 err=  3.39% p95=  435.8ms top=504_TIMEOUT
INFO:root:[window 2026-09-24T12:03:10Z] SecurePay n=    3 err= 33.33% p95=  397.5ms top=504_TIMEOUT
INFO:root:[window 2026-09-24T12:03:05Z] SecurePay n=    3 err= 33.33% p95=  397.5ms top=504_TIMEOUT
INFO:root:[window 2026-09-24T12:03:00Z] SecurePay n=    3 err= 33.33% p95=  397.5ms top=504_TIMEOUT
INFO:root:[window 2026-09-24T12:02:55Z] SecurePay n=    3 err= 33.33% p95=  397.5ms top=504_TIMEOUT
INFO:root:[window 2026-09-24T12:02:50Z] SecurePay n=    3 err= 33.33% p95=  397.5ms top=504_TIMEOUT
INFO:root:[window 2026-09-24T12:02:45Z] SecurePay n=    3 err= 33.33% p95=  397.5ms top=504_TIMEOUT
INFO:root:[window 2026-09-24T12:02:40Z] SecurePay n=    3 err= 33.33% p95=  397.5ms top=504_TIMEOUT
INFO:root:[window 2026-09-24T12:02:35Z] SecurePay n=    3 err= 33.33% p95=  397.5ms top=504_TIMEOUT
INFO:root:[window 2026-09-24T12:02:30Z] SecurePay n=    3 err= 33.33% p95=  397.5ms top=504_TIMEOUT
INFO:root:[window 2026-09-24T12:02:25Z] SecurePay n=    2 err= 50.00% p95=  397.5ms top=504_TIMEOUT
INFO:root:[window 2026-09-24T12:02:20Z] SecurePay n=    2 err= 50.00% p95=  397.5ms top=504_TIMEOUT
INFO:root:[window 2026-09-24T12:03:50Z] QuickPay  n=   91 err=  2.20% p95=  451.8ms top=504_TIMEOUT
INFO:root:[window 2026-09-24T12:03:45Z] QuickPay  n=   91 err=  2.20% p95=  451.8ms top=504_TIMEOUT
INFO:root:[window 2026-09-24T12:03:40Z] QuickPay  n=   91 err=  2.20% p95=  451.8ms top=504_TIMEOUT
INFO:root:[window 2026-09-24T12:03:35Z] QuickPay  n=   91 err=  2.20% p95=  451.8ms top=504_TIMEOUT
INFO:root:[window 2026-09-24T12:03:30Z] QuickPay  n=   91 err=  2.20% p95=  451.8ms top=504_TIMEOUT
INFO:root:[window 2026-09-24T12:03:25Z] QuickPay  n=   22 err=  0.00% p95=  417.0ms top=None
INFO:root:[window 2026-09-24T12:03:20Z] QuickPay  n=   22 err=  0.00% p95=  417.0ms top=None
INFO:root:[window 2026-09-24T12:03:15Z] QuickPay  n=   22 err=  0.00% p95=  417.0ms top=None
I0924 17:33:55.093827 9288605 ev_poll_posix.cc:587] FD from fork parent still in poll list: fd(7, generation: 1)
I0924 17:33:55.093878 9288605 ev_poll_posix.cc:587] FD from fork parent still in poll list: fd(3, generation: 1)
INFO:root:[window 2026-09-24T12:03:40Z] SecurePay n=    4 err=  0.00% p95=  329.9ms top=None
INFO:root:[window 2026-09-24T12:03:35Z] SecurePay n=    4 err=  0.00% p95=  329.9ms top=None
INFO:root:[window 2026-09-24T12:03:30Z] SecurePay n=    5 err=  0.00% p95=  399.4ms top=None
INFO:root:[window 2026-09-24T12:03:25Z] SecurePay n=    5 err=  0.00% p95=  399.4ms top=None
INFO:root:[window 2026-09-24T12:03:20Z] SecurePay n=    5 err=  0.00% p95=  399.4ms top=None
INFO:root:[window 2026-09-24T12:03:15Z] SecurePay n=    5 err=  0.00% p95=  399.4ms top=None
INFO:root:[window 2026-09-24T12:03:10Z] SecurePay n=    5 err=  0.00% p95=  399.4ms top=None
INFO:root:[window 2026-09-24T12:03:05Z] SecurePay n=    5 err=  0.00% p95=  399.4ms top=None
INFO:root:[window 2026-09-24T12:03:00Z] SecurePay n=    5 err=  0.00% p95=  399.4ms top=None
INFO:root:[window 2026-09-24T12:02:55Z] SecurePay n=    5 err=  0.00% p95=  399.4ms top=None
INFO:root:[window 2026-09-24T12:02:50Z] SecurePay n=    5 err=  0.00% p95=  399.4ms top=None
INFO:root:[window 2026-09-24T12:02:45Z] SecurePay n=    4 err=  0.00% p95=  329.9ms top=None
INFO:root:[window 2026-09-24T12:02:40Z] SecurePay n=    1 err=  0.00% p95=  485.1ms top=None
INFO:root:[window 2026-09-24T12:02:35Z] SecurePay n=    1 err=  0.00% p95=  485.1ms top=None
INFO:root:[window 2026-09-24T12:03:45Z] SecurePay n=    1 err=  0.00% p95=  399.4ms top=None
INFO:root:[window 2026-09-24T12:03:50Z] QuickPay  n=    1 err=  0.00% p95=  410.3ms top=None
INFO:root:[window 2026-09-24T12:03:45Z] QuickPay  n=    1 err=  0.00% p95=  410.3ms top=None
INFO:root:[window 2026-09-24T12:03:40Z] QuickPay  n=    1 err=  0.00% p95=  410.3ms top=None
INFO:root:[window 2026-09-24T12:03:35Z] QuickPay  n=    1 err=  0.00% p95=  410.3ms top=None
INFO:root:[window 2026-09-24T12:03:30Z] QuickPay  n=    1 err=  0.00% p95=  410.3ms top=None
INFO:root:[window 2026-09-24T12:03:25Z] QuickPay  n=    1 err=  0.00% p95=  410.3ms top=None
INFO:root:[window 2026-09-24T12:03:20Z] QuickPay  n=    1 err=  0.00% p95=  410.3ms top=None
INFO:root:[window 2026-09-24T12:03:15Z] QuickPay  n=    1 err=  0.00% p95=  410.3ms top=None
INFO:root:[window 2026-09-24T12:03:10Z] QuickPay  n=    1 err=  0.00% p95=  410.3ms top=None
INFO:root:[window 2026-09-24T12:03:05Z] QuickPay  n=    1 err=  0.00% p95=  410.3ms top=None
INFO:root:[window 2026-09-24T12:03:00Z] QuickPay  n=    1 err=  0.00% p95=  410.3ms top=None
INFO:root:[window 2026-09-24T12:02:55Z] QuickPay  n=    1 err=  0.00% p95=  410.3ms top=None
INFO:root:[window 2026-09-24T12:03:55Z] QuickPay  n=  943 err=  2.12% p95=  458.7ms top=504_TIMEOUT
INFO:root:[window 2026-09-24T12:03:55Z] FastPay   n= 4114 err= 78.00% p95= 5777.3ms top=504_TIMEOUT  <-- BREACH
INFO:root:[window 2026-09-24T12:03:55Z] SecurePay n= 4377 err=  0.78% p95=  429.0ms top=504_TIMEOUT
I0924 17:33:56.776108 9288903 ev_poll_posix.cc:587] FD from fork parent still in poll list: fd(7, generation: 1)
I0924 17:33:56.776165 9288903 ev_poll_posix.cc:587] FD from fork parent still in poll list: fd(3, generation: 1)
I0924 17:33:57.252131 9288995 ev_poll_posix.cc:587] FD from fork parent still in poll list: fd(7, generation: 1)
I0924 17:33:57.252194 9288995 ev_poll_posix.cc:587] FD from fork parent still in poll list: fd(3, generation: 1)
INFO:root:[window 2026-09-24T12:03:55Z] FastPay   n=  151 err= 80.13% p95= 5813.4ms top=504_TIMEOUT
INFO:root:[window 2026-09-24T12:03:50Z] FastPay   n=  151 err= 80.13% p95= 5813.4ms top=504_TIMEOUT
INFO:root:[window 2026-09-24T12:03:45Z] FastPay   n=  151 err= 80.13% p95= 5813.4ms top=504_TIMEOUT
INFO:root:[window 2026-09-24T12:03:40Z] FastPay   n=  151 err= 80.13% p95= 5813.4ms top=504_TIMEOUT
INFO:root:[window 2026-09-24T12:03:35Z] FastPay   n=  151 err= 80.13% p95= 5813.4ms top=504_TIMEOUT
INFO:root:[window 2026-09-24T12:03:30Z] FastPay   n=   28 err= 85.71% p95= 5708.0ms top=504_TIMEOUT
INFO:root:[window 2026-09-24T12:03:10Z] FastPay   n=    2 err=100.00% p95= 3597.0ms top=504_TIMEOUT
INFO:root:[window 2026-09-24T12:03:05Z] FastPay   n=    2 err=100.00% p95= 3597.0ms top=504_TIMEOUT
INFO:root:[window 2026-09-24T12:03:00Z] FastPay   n=    2 err=100.00% p95= 3597.0ms top=504_TIMEOUT
INFO:root:[window 2026-09-24T12:02:55Z] FastPay   n=    2 err=100.00% p95= 3597.0ms top=504_TIMEOUT
INFO:root:[window 2026-09-24T12:02:50Z] FastPay   n=    2 err=100.00% p95= 3597.0ms top=504_TIMEOUT
INFO:root:[window 2026-09-24T12:02:45Z] FastPay   n=    2 err=100.00% p95= 3597.0ms top=504_TIMEOUT
INFO:root:[window 2026-09-24T12:02:40Z] FastPay   n=    2 err=100.00% p95= 3597.0ms top=504_TIMEOUT
INFO:root:[window 2026-09-24T12:02:35Z] FastPay   n=    2 err=100.00% p95= 3597.0ms top=504_TIMEOUT
INFO:root:[window 2026-09-24T12:02:30Z] FastPay   n=    1 err=100.00% p95= 3597.0ms top=504_TIMEOUT
INFO:root:[window 2026-09-24T12:02:25Z] FastPay   n=    1 err=100.00% p95= 3597.0ms top=504_TIMEOUT
INFO:root:[window 2026-09-24T12:02:20Z] FastPay   n=    1 err=100.00% p95= 3597.0ms top=504_TIMEOUT
INFO:root:[window 2026-09-24T12:02:15Z] FastPay   n=    1 err=100.00% p95= 3597.0ms top=504_TIMEOUT
INFO:root:[window 2026-09-24T12:03:25Z] FastPay   n=    1 err=100.00% p95= 5362.0ms top=504_TIMEOUT
INFO:root:[window 2026-09-24T12:03:20Z] FastPay   n=    1 err=100.00% p95= 5362.0ms top=504_TIMEOUT
INFO:root:[window 2026-09-24T12:03:15Z] FastPay   n=    1 err=100.00% p95= 5362.0ms top=504_TIMEOUT
INFO:root:[window 2026-09-24T12:03:55Z] SecurePay n=  595 err=  0.17% p95=  423.3ms top=504_TIMEOUT
INFO:root:[window 2026-09-24T12:03:50Z] SecurePay n=  595 err=  0.17% p95=  423.3ms top=504_TIMEOUT
INFO:root:[window 2026-09-24T12:03:45Z] SecurePay n=  251 err=  0.40% p95=  432.6ms top=504_TIMEOUT
INFO:root:[window 2026-09-24T12:03:40Z] SecurePay n=   72 err=  0.00% p95=  450.9ms top=None
INFO:root:[window 2026-09-24T12:03:35Z] SecurePay n=   72 err=  0.00% p95=  450.9ms top=None
INFO:root:[window 2026-09-24T12:03:30Z] SecurePay n=   15 err=  0.00% p95=  485.9ms top=None
INFO:root:[window 2026-09-24T12:03:25Z] SecurePay n=    2 err=  0.00% p95=  164.9ms top=None
INFO:root:[window 2026-09-24T12:03:20Z] SecurePay n=    2 err=  0.00% p95=  164.9ms top=None
INFO:root:[window 2026-09-24T12:03:15Z] SecurePay n=    2 err=  0.00% p95=  164.9ms top=None
INFO:root:[window 2026-09-24T12:03:10Z] SecurePay n=    2 err=  0.00% p95=  164.9ms top=None
INFO:root:[window 2026-09-24T12:03:05Z] SecurePay n=    2 err=  0.00% p95=  164.9ms top=None
INFO:root:[window 2026-09-24T12:03:00Z] SecurePay n=    2 err=  0.00% p95=  164.9ms top=None
INFO:root:[window 2026-09-24T12:02:55Z] SecurePay n=    2 err=  0.00% p95=  164.9ms top=None
INFO:root:[window 2026-09-24T12:02:50Z] SecurePay n=    2 err=  0.00% p95=  164.9ms top=None
INFO:root:[window 2026-09-24T12:02:45Z] SecurePay n=    1 err=  0.00% p95=  287.7ms top=None
INFO:root:[window 2026-09-24T12:02:40Z] SecurePay n=    1 err=  0.00% p95=  287.7ms top=None
INFO:root:[window 2026-09-24T12:02:35Z] SecurePay n=    1 err=  0.00% p95=  287.7ms top=None
INFO:root:[window 2026-09-24T12:03:55Z] QuickPay  n=   95 err=  0.00% p95=  424.0ms top=None
INFO:root:[window 2026-09-24T12:03:50Z] QuickPay  n=   95 err=  0.00% p95=  424.0ms top=None
INFO:root:[window 2026-09-24T12:03:45Z] QuickPay  n=   43 err=  0.00% p95=  383.5ms top=None
INFO:root:[window 2026-09-24T12:03:40Z] QuickPay  n=   22 err=  0.00% p95=  383.5ms top=None
INFO:root:[window 2026-09-24T12:03:35Z] QuickPay  n=   22 err=  0.00% p95=  383.5ms top=None
INFO:root:[window 2026-09-24T12:03:30Z] QuickPay  n=    6 err=  0.00% p95=  325.6ms top=None
INFO:root:[window 2026-09-24T12:03:25Z] QuickPay  n=    1 err=  0.00% p95=  325.6ms top=None
INFO:root:[window 2026-09-24T12:03:20Z] QuickPay  n=    1 err=  0.00% p95=  325.6ms top=None
INFO:root:[window 2026-09-24T12:03:15Z] QuickPay  n=    1 err=  0.00% p95=  325.6ms top=None
INFO:root:[window 2026-09-24T12:03:10Z] QuickPay  n=    1 err=  0.00% p95=  325.6ms top=None
INFO:root:[window 2026-09-24T12:03:05Z] QuickPay  n=    1 err=  0.00% p95=  325.6ms top=None
INFO:root:[window 2026-09-24T12:03:00Z] QuickPay  n=    1 err=  0.00% p95=  325.6ms top=None
INFO:root:[window 2026-09-24T12:02:55Z] QuickPay  n=    1 err=  0.00% p95=  325.6ms top=None
INFO:root:[window 2026-09-24T12:02:50Z] QuickPay  n=    1 err=  0.00% p95=  325.6ms top=None
I0924 17:33:59.156107 9289467 ev_poll_posix.cc:587] FD from fork parent still in poll list: fd(7, generation: 1)
I0924 17:33:59.156158 9289467 ev_poll_posix.cc:587] FD from fork parent still in poll list: fd(3, generation: 1)
INFO:root:[window 2026-09-24T12:03:55Z] FastPay   n=  135 err= 82.96% p95= 5898.4ms top=504_TIMEOUT
INFO:root:[window 2026-09-24T12:03:50Z] FastPay   n=  135 err= 82.96% p95= 5898.4ms top=504_TIMEOUT
INFO:root:[window 2026-09-24T12:03:45Z] FastPay   n=  135 err= 82.96% p95= 5898.4ms top=504_TIMEOUT
INFO:root:[window 2026-09-24T12:03:40Z] FastPay   n=  135 err= 82.96% p95= 5898.4ms top=504_TIMEOUT
INFO:root:[window 2026-09-24T12:03:35Z] FastPay   n=  135 err= 82.96% p95= 5898.4ms top=504_TIMEOUT
INFO:root:[window 2026-09-24T12:03:30Z] FastPay   n=   20 err= 95.00% p95= 5990.6ms top=504_TIMEOUT
INFO:root:[window 2026-09-24T12:03:10Z] FastPay   n=    1 err=100.00% p95= 5759.3ms top=504_TIMEOUT
INFO:root:[window 2026-09-24T12:03:05Z] FastPay   n=    1 err=100.00% p95= 5759.3ms top=504_TIMEOUT
INFO:root:[window 2026-09-24T12:03:00Z] FastPay   n=    1 err=100.00% p95= 5759.3ms top=504_TIMEOUT
INFO:root:[window 2026-09-24T12:02:55Z] FastPay   n=    1 err=100.00% p95= 5759.3ms top=504_TIMEOUT
INFO:root:[window 2026-09-24T12:02:50Z] FastPay   n=    1 err=100.00% p95= 5759.3ms top=504_TIMEOUT
INFO:root:[window 2026-09-24T12:02:45Z] FastPay   n=    1 err=100.00% p95= 5759.3ms top=504_TIMEOUT
INFO:root:[window 2026-09-24T12:02:40Z] FastPay   n=    1 err=100.00% p95= 5759.3ms top=504_TIMEOUT
INFO:root:[window 2026-09-24T12:02:35Z] FastPay   n=    1 err=100.00% p95= 5759.3ms top=504_TIMEOUT
INFO:root:[window 2026-09-24T12:02:30Z] FastPay   n=    1 err=100.00% p95= 5759.3ms top=504_TIMEOUT
INFO:root:[window 2026-09-24T12:02:25Z] FastPay   n=    1 err=100.00% p95= 5759.3ms top=504_TIMEOUT
INFO:root:[window 2026-09-24T12:02:20Z] FastPay   n=    1 err=100.00% p95= 5759.3ms top=504_TIMEOUT
INFO:root:[window 2026-09-24T12:02:15Z] FastPay   n=    1 err=100.00% p95= 5759.3ms top=504_TIMEOUT
INFO:root:[window 2026-09-24T12:03:55Z] SecurePay n=  768 err=  0.65% p95=  441.0ms top=504_TIMEOUT
INFO:root:[window 2026-09-24T12:03:50Z] SecurePay n=  768 err=  0.65% p95=  441.0ms top=504_TIMEOUT
INFO:root:[window 2026-09-24T12:03:45Z] SecurePay n=  768 err=  0.65% p95=  441.0ms top=504_TIMEOUT
INFO:root:[window 2026-09-24T12:03:40Z] SecurePay n=  608 err=  0.49% p95=  436.3ms top=504_TIMEOUT
INFO:root:[window 2026-09-24T12:03:35Z] SecurePay n=   67 err=  0.00% p95=  408.1ms top=None
INFO:root:[window 2026-09-24T12:03:30Z] SecurePay n=    7 err=  0.00% p95=  283.3ms top=None
INFO:root:[window 2026-09-24T12:03:05Z] SecurePay n=    4 err=  0.00% p95=  372.4ms top=None
INFO:root:[window 2026-09-24T12:03:00Z] SecurePay n=    4 err=  0.00% p95=  372.4ms top=None
INFO:root:[window 2026-09-24T12:02:55Z] SecurePay n=    4 err=  0.00% p95=  372.4ms top=None
INFO:root:[window 2026-09-24T12:02:50Z] SecurePay n=    4 err=  0.00% p95=  372.4ms top=None
INFO:root:[window 2026-09-24T12:02:45Z] SecurePay n=    4 err=  0.00% p95=  372.4ms top=None
INFO:root:[window 2026-09-24T12:02:40Z] SecurePay n=    4 err=  0.00% p95=  372.4ms top=None
INFO:root:[window 2026-09-24T12:02:35Z] SecurePay n=    4 err=  0.00% p95=  372.4ms top=None
INFO:root:[window 2026-09-24T12:02:30Z] SecurePay n=    4 err=  0.00% p95=  372.4ms top=None
INFO:root:[window 2026-09-24T12:02:25Z] SecurePay n=    4 err=  0.00% p95=  372.4ms top=None
INFO:root:[window 2026-09-24T12:02:20Z] SecurePay n=    3 err=  0.00% p95=  372.4ms top=None
INFO:root:[window 2026-09-24T12:02:15Z] SecurePay n=    2 err=  0.00% p95=  365.2ms top=None
INFO:root:[window 2026-09-24T12:02:10Z] SecurePay n=    2 err=  0.00% p95=  365.2ms top=None
INFO:root:[window 2026-09-24T12:03:20Z] SecurePay n=    1 err=  0.00% p95=  240.3ms top=None
INFO:root:[window 2026-09-24T12:03:15Z] SecurePay n=    2 err=  0.00% p95=  240.3ms top=None
INFO:root:[window 2026-09-24T12:03:10Z] SecurePay n=    2 err=  0.00% p95=  240.3ms top=None
INFO:root:[window 2026-09-24T12:03:55Z] QuickPay  n=   91 err=  1.10% p95=  446.1ms top=504_TIMEOUT
INFO:root:[window 2026-09-24T12:03:50Z] QuickPay  n=   91 err=  1.10% p95=  446.1ms top=504_TIMEOUT
INFO:root:[window 2026-09-24T12:03:45Z] QuickPay  n=   91 err=  1.10% p95=  446.1ms top=504_TIMEOUT
INFO:root:[window 2026-09-24T12:03:40Z] QuickPay  n=   79 err=  1.27% p95=  394.3ms top=504_TIMEOUT
INFO:root:[window 2026-09-24T12:03:35Z] QuickPay  n=   24 err=  0.00% p95=  376.7ms top=None
INFO:root:[window 2026-09-24T12:03:30Z] QuickPay  n=    1 err=  0.00% p95=  275.9ms top=None
INFO:root:[window 2026-09-24T12:03:25Z] QuickPay  n=    1 err=  0.00% p95=  302.1ms top=None
INFO:root:[window 2026-09-24T12:03:20Z] QuickPay  n=    1 err=  0.00% p95=  302.1ms top=None
INFO:root:[window 2026-09-24T12:03:15Z] QuickPay  n=    1 err=  0.00% p95=  302.1ms top=None
INFO:root:[window 2026-09-24T12:03:10Z] QuickPay  n=    1 err=  0.00% p95=  302.1ms top=None
INFO:root:[window 2026-09-24T12:03:05Z] QuickPay  n=    1 err=  0.00% p95=  302.1ms top=None
INFO:root:[window 2026-09-24T12:03:00Z] QuickPay  n=    1 err=  0.00% p95=  302.1ms top=None
INFO:root:[window 2026-09-24T12:02:55Z] QuickPay  n=    1 err=  0.00% p95=  302.1ms top=None
INFO:root:[window 2026-09-24T12:02:50Z] QuickPay  n=    1 err=  0.00% p95=  302.1ms top=None
INFO:root:[window 2026-09-24T12:02:45Z] QuickPay  n=    1 err=  0.00% p95=  302.1ms top=None
INFO:root:[window 2026-09-24T12:02:40Z] QuickPay  n=    1 err=  0.00% p95=  302.1ms top=None
INFO:root:[window 2026-09-24T12:02:35Z] QuickPay  n=    1 err=  0.00% p95=  302.1ms top=None
INFO:root:[window 2026-09-24T12:02:30Z] QuickPay  n=    1 err=  0.00% p95=  302.1ms top=None
INFO:root:[window 2026-09-24T12:04:00Z] QuickPay  n= 1028 err=  2.04% p95=  455.7ms top=504_TIMEOUT
INFO:root:[window 2026-09-24T12:04:00Z] FastPay   n= 3818 err= 77.74% p95= 5785.4ms top=504_TIMEOUT  <-- BREACH
INFO:root:[window 2026-09-24T12:04:00Z] SecurePay n= 5435 err=  0.68% p95=  429.6ms top=504_TIMEOUT
I0924 17:34:01.477670 9289692 ev_poll_posix.cc:587] FD from fork parent still in poll list: fd(7, generation: 1)
I0924 17:34:01.477721 9289692 ev_poll_posix.cc:587] FD from fork parent still in poll list: fd(3, generation: 1)
I0924 17:34:01.964300 9289793 ev_poll_posix.cc:587] FD from fork parent still in poll list: fd(7, generation: 1)
I0924 17:34:01.964347 9289793 ev_poll_posix.cc:587] FD from fork parent still in poll list: fd(3, generation: 1)
INFO:root:[window 2026-09-24T12:04:00Z] SecurePay n=  891 err=  0.45% p95=  427.6ms top=502_BAD_GATEWAY
INFO:root:[window 2026-09-24T12:03:55Z] SecurePay n=  555 err=  0.72% p95=  426.9ms top=502_BAD_GATEWAY
INFO:root:[window 2026-09-24T12:03:50Z] SecurePay n=  379 err=  0.53% p95=  426.5ms top=502_BAD_GATEWAY
INFO:root:[window 2026-09-24T12:03:45Z] SecurePay n=   25 err=  0.00% p95=  421.7ms top=None
INFO:root:[window 2026-09-24T12:03:10Z] SecurePay n=   10 err=  0.00% p95=  386.2ms top=None
INFO:root:[window 2026-09-24T12:03:05Z] SecurePay n=   10 err=  0.00% p95=  386.2ms top=None
INFO:root:[window 2026-09-24T12:03:00Z] SecurePay n=   10 err=  0.00% p95=  386.2ms top=None
INFO:root:[window 2026-09-24T12:02:55Z] SecurePay n=   10 err=  0.00% p95=  386.2ms top=None
INFO:root:[window 2026-09-24T12:02:50Z] SecurePay n=   10 err=  0.00% p95=  386.2ms top=None
INFO:root:[window 2026-09-24T12:02:45Z] SecurePay n=    9 err=  0.00% p95=  386.2ms top=None
INFO:root:[window 2026-09-24T12:02:40Z] SecurePay n=    5 err=  0.00% p95=  357.6ms top=None
INFO:root:[window 2026-09-24T12:02:35Z] SecurePay n=    5 err=  0.00% p95=  357.6ms top=None
INFO:root:[window 2026-09-24T12:02:30Z] SecurePay n=    4 err=  0.00% p95=  355.4ms top=None
INFO:root:[window 2026-09-24T12:02:25Z] SecurePay n=    1 err=  0.00% p95=  357.6ms top=None
INFO:root:[window 2026-09-24T12:02:20Z] SecurePay n=    1 err=  0.00% p95=  357.6ms top=None
INFO:root:[window 2026-09-24T12:02:15Z] SecurePay n=    1 err=  0.00% p95=  357.6ms top=None
INFO:root:[window 2026-09-24T12:03:25Z] SecurePay n=    9 err=  0.00% p95=  386.2ms top=None
INFO:root:[window 2026-09-24T12:03:20Z] SecurePay n=    9 err=  0.00% p95=  386.2ms top=None
INFO:root:[window 2026-09-24T12:03:15Z] SecurePay n=    9 err=  0.00% p95=  386.2ms top=None
INFO:root:[window 2026-09-24T12:03:40Z] SecurePay n=    5 err=  0.00% p95=  386.2ms top=None
INFO:root:[window 2026-09-24T12:03:35Z] SecurePay n=    5 err=  0.00% p95=  386.2ms top=None
INFO:root:[window 2026-09-24T12:03:30Z] SecurePay n=    6 err=  0.00% p95=  386.2ms top=None
INFO:root:[window 2026-09-24T12:04:00Z] QuickPay  n=   98 err=  2.04% p95=  458.0ms top=504_TIMEOUT
INFO:root:[window 2026-09-24T12:03:55Z] QuickPay  n=   69 err=  0.00% p95=  427.1ms top=None
INFO:root:[window 2026-09-24T12:03:50Z] QuickPay  n=   48 err=  0.00% p95=  427.1ms top=None
INFO:root:[window 2026-09-24T12:03:45Z] QuickPay  n=    4 err=  0.00% p95=  356.4ms top=None
INFO:root:[window 2026-09-24T12:03:40Z] QuickPay  n=    1 err=  0.00% p95=  427.1ms top=None
INFO:root:[window 2026-09-24T12:03:35Z] QuickPay  n=    1 err=  0.00% p95=  427.1ms top=None
INFO:root:[window 2026-09-24T12:03:30Z] QuickPay  n=    1 err=  0.00% p95=  427.1ms top=None
INFO:root:[window 2026-09-24T12:03:25Z] QuickPay  n=    1 err=  0.00% p95=  427.1ms top=None
INFO:root:[window 2026-09-24T12:03:20Z] QuickPay  n=    1 err=  0.00% p95=  427.1ms top=None
INFO:root:[window 2026-09-24T12:03:15Z] QuickPay  n=    1 err=  0.00% p95=  427.1ms top=None
INFO:root:[window 2026-09-24T12:03:10Z] QuickPay  n=    1 err=  0.00% p95=  427.1ms top=None
INFO:root:[window 2026-09-24T12:03:05Z] QuickPay  n=    1 err=  0.00% p95=  427.1ms top=None
INFO:root:[window 2026-09-24T12:03:00Z] QuickPay  n=    1 err=  0.00% p95=  427.1ms top=None
I0924 17:34:04.574541 9290049 ev_poll_posix.cc:587] FD from fork parent still in poll list: fd(7, generation: 1)
I0924 17:34:04.574677 9290049 ev_poll_posix.cc:587] FD from fork parent still in poll list: fd(3, generation: 1)
INFO:root:[window 2026-09-24T12:03:50Z] SecurePay n=    7 err=  0.00% p95=  312.9ms top=None
INFO:root:[window 2026-09-24T12:03:45Z] SecurePay n=    8 err=  0.00% p95=  360.9ms top=None
INFO:root:[window 2026-09-24T12:03:40Z] SecurePay n=   10 err=  0.00% p95=  381.9ms top=None
INFO:root:[window 2026-09-24T12:03:35Z] SecurePay n=   12 err=  0.00% p95=  381.9ms top=None
INFO:root:[window 2026-09-24T12:03:30Z] SecurePay n=   15 err=  0.00% p95=  381.9ms top=None
INFO:root:[window 2026-09-24T12:03:25Z] SecurePay n=   15 err=  0.00% p95=  381.9ms top=None
INFO:root:[window 2026-09-24T12:03:20Z] SecurePay n=   15 err=  0.00% p95=  381.9ms top=None
INFO:root:[window 2026-09-24T12:03:15Z] SecurePay n=   15 err=  0.00% p95=  381.9ms top=None
INFO:root:[window 2026-09-24T12:03:10Z] SecurePay n=   15 err=  0.00% p95=  381.9ms top=None
INFO:root:[window 2026-09-24T12:03:05Z] SecurePay n=   15 err=  0.00% p95=  381.9ms top=None
INFO:root:[window 2026-09-24T12:03:00Z] SecurePay n=   14 err=  0.00% p95=  381.9ms top=None
INFO:root:[window 2026-09-24T12:02:55Z] SecurePay n=   11 err=  0.00% p95=  381.9ms top=None
INFO:root:[window 2026-09-24T12:03:55Z] SecurePay n=    4 err=  0.00% p95=  220.2ms top=None
INFO:root:[window 2026-09-24T12:02:50Z] SecurePay n=    8 err=  0.00% p95=  362.6ms top=None
INFO:root:[window 2026-09-24T12:02:45Z] SecurePay n=    7 err=  0.00% p95=  362.6ms top=None
INFO:root:[window 2026-09-24T12:02:40Z] SecurePay n=    5 err=  0.00% p95=  301.4ms top=None
INFO:root:[window 2026-09-24T12:02:35Z] SecurePay n=    3 err=  0.00% p95=  286.0ms top=None
INFO:root:[window 2026-09-24T12:04:00Z] SecurePay n=    1 err=  0.00% p95=  312.9ms top=None
INFO:root:[window 2026-09-24T12:04:05Z] QuickPay  n= 1113 err=  1.89% p95=  451.9ms top=504_TIMEOUT
INFO:root:[window 2026-09-24T12:04:05Z] FastPay   n= 3255 err= 78.34% p95= 5787.6ms top=504_TIMEOUT  <-- BREACH
INFO:root:[window 2026-09-24T12:04:05Z] SecurePay n= 6698 err=  0.64% p95=  428.3ms top=504_TIMEOUT
I0924 17:34:06.571654 9290270 ev_poll_posix.cc:587] FD from fork parent still in poll list: fd(7, generation: 1)
I0924 17:34:06.571697 9290270 ev_poll_posix.cc:587] FD from fork parent still in poll list: fd(3, generation: 1)
I0924 17:34:07.061824 9290374 ev_poll_posix.cc:587] FD from fork parent still in poll list: fd(7, generation: 1)
I0924 17:34:07.061883 9290374 ev_poll_posix.cc:587] FD from fork parent still in poll list: fd(3, generation: 1)
INFO:root:[window 2026-09-24T12:03:50Z] SecurePay n=    3 err=  0.00% p95=  276.0ms top=None
INFO:root:[window 2026-09-24T12:03:45Z] SecurePay n=    4 err=  0.00% p95=  276.0ms top=None
INFO:root:[window 2026-09-24T12:03:40Z] SecurePay n=    5 err=  0.00% p95=  387.9ms top=None
INFO:root:[window 2026-09-24T12:03:35Z] SecurePay n=    5 err=  0.00% p95=  387.9ms top=None
INFO:root:[window 2026-09-24T12:03:30Z] SecurePay n=    5 err=  0.00% p95=  387.9ms top=None
INFO:root:[window 2026-09-24T12:03:25Z] SecurePay n=    5 err=  0.00% p95=  387.9ms top=None
INFO:root:[window 2026-09-24T12:03:20Z] SecurePay n=    5 err=  0.00% p95=  387.9ms top=None
INFO:root:[window 2026-09-24T12:03:15Z] SecurePay n=    5 err=  0.00% p95=  387.9ms top=None
INFO:root:[window 2026-09-24T12:03:10Z] SecurePay n=    5 err=  0.00% p95=  387.9ms top=None
INFO:root:[window 2026-09-24T12:03:05Z] SecurePay n=    5 err=  0.00% p95=  387.9ms top=None
INFO:root:[window 2026-09-24T12:03:00Z] SecurePay n=    4 err=  0.00% p95=  387.9ms top=None
INFO:root:[window 2026-09-24T12:02:55Z] SecurePay n=    3 err=  0.00% p95=  270.2ms top=None
INFO:root:[window 2026-09-24T12:02:50Z] SecurePay n=    2 err=  0.00% p95=  240.5ms top=None
INFO:root:[window 2026-09-24T12:02:45Z] SecurePay n=    1 err=  0.00% p95=  446.0ms top=None
INFO:root:[window 2026-09-24T12:04:00Z] SecurePay n=    1 err=  0.00% p95=  276.0ms top=None
INFO:root:[window 2026-09-24T12:03:55Z] SecurePay n=    2 err=  0.00% p95=  276.0ms top=None
INFO:root:[window 2026-09-24T12:03:50Z] QuickPay  n=    1 err=  0.00% p95=  317.2ms top=None
INFO:root:[window 2026-09-24T12:03:45Z] QuickPay  n=    1 err=  0.00% p95=  317.2ms top=None
INFO:root:[window 2026-09-24T12:03:40Z] QuickPay  n=    1 err=  0.00% p95=  317.2ms top=None
INFO:root:[window 2026-09-24T12:03:35Z] QuickPay  n=    1 err=  0.00% p95=  317.2ms top=None
INFO:root:[window 2026-09-24T12:03:30Z] QuickPay  n=    1 err=  0.00% p95=  317.2ms top=None
INFO:root:[window 2026-09-24T12:03:25Z] QuickPay  n=    1 err=  0.00% p95=  317.2ms top=None
INFO:root:[window 2026-09-24T12:03:20Z] QuickPay  n=    1 err=  0.00% p95=  317.2ms top=None
INFO:root:[window 2026-09-24T12:03:15Z] QuickPay  n=    1 err=  0.00% p95=  317.2ms top=None
INFO:root:[window 2026-09-24T12:03:10Z] QuickPay  n=    1 err=  0.00% p95=  317.2ms top=None
INFO:root:[window 2026-09-24T12:03:05Z] QuickPay  n=    1 err=  0.00% p95=  317.2ms top=None
INFO:root:[window 2026-09-24T12:03:00Z] QuickPay  n=    1 err=  0.00% p95=  317.2ms top=None
INFO:root:[window 2026-09-24T12:02:55Z] QuickPay  n=    1 err=  0.00% p95=  317.2ms top=None
I0924 17:34:08.750454 9290553 ev_poll_posix.cc:587] FD from fork parent still in poll list: fd(7, generation: 1)
I0924 17:34:08.750515 9290553 ev_poll_posix.cc:587] FD from fork parent still in poll list: fd(3, generation: 1)
INFO:root:[window 2026-09-24T12:03:45Z] SecurePay n=    1 err=  0.00% p95=  305.0ms top=None
INFO:root:[window 2026-09-24T12:03:40Z] SecurePay n=    1 err=  0.00% p95=  305.0ms top=None
INFO:root:[window 2026-09-24T12:03:35Z] SecurePay n=    1 err=  0.00% p95=  305.0ms top=None
INFO:root:[window 2026-09-24T12:03:30Z] SecurePay n=    1 err=  0.00% p95=  305.0ms top=None
INFO:root:[window 2026-09-24T12:03:25Z] SecurePay n=    1 err=  0.00% p95=  305.0ms top=None
INFO:root:[window 2026-09-24T12:03:20Z] SecurePay n=    1 err=  0.00% p95=  305.0ms top=None
INFO:root:[window 2026-09-24T12:03:15Z] SecurePay n=    1 err=  0.00% p95=  305.0ms top=None
INFO:root:[window 2026-09-24T12:03:10Z] SecurePay n=    1 err=  0.00% p95=  305.0ms top=None
INFO:root:[window 2026-09-24T12:03:05Z] SecurePay n=    1 err=  0.00% p95=  305.0ms top=None
INFO:root:[window 2026-09-24T12:03:00Z] SecurePay n=    1 err=  0.00% p95=  305.0ms top=None
INFO:root:[window 2026-09-24T12:02:55Z] SecurePay n=    1 err=  0.00% p95=  305.0ms top=None
INFO:root:[window 2026-09-24T12:02:50Z] SecurePay n=    1 err=  0.00% p95=  305.0ms top=None
INFO:root:[window 2026-09-24T12:04:10Z] QuickPay  n= 1093 err=  1.65% p95=  451.5ms top=504_TIMEOUT
INFO:root:[window 2026-09-24T12:04:10Z] FastPay   n= 2629 err= 78.24% p95= 5810.0ms top=504_TIMEOUT  <-- BREACH
INFO:root:[window 2026-09-24T12:04:10Z] SecurePay n= 6948 err=  0.60% p95=  429.7ms top=504_TIMEOUT
I0924 17:34:10.679185 9290744 ev_poll_posix.cc:587] FD from fork parent still in poll list: fd(7, generation: 1)
I0924 17:34:10.679283 9290744 ev_poll_posix.cc:587] FD from fork parent still in poll list: fd(3, generation: 1)
I0924 17:34:11.163162 9290841 ev_poll_posix.cc:587] FD from fork parent still in poll list: fd(7, generation: 1)
I0924 17:34:11.163218 9290841 ev_poll_posix.cc:587] FD from fork parent still in poll list: fd(3, generation: 1)
INFO:root:[window 2026-09-24T12:04:10Z] SecurePay n=  177 err=  0.00% p95=  434.9ms top=None
INFO:root:[window 2026-09-24T12:04:05Z] SecurePay n=  177 err=  0.00% p95=  434.9ms top=None
INFO:root:[window 2026-09-24T12:04:00Z] SecurePay n=  177 err=  0.00% p95=  434.9ms top=None
INFO:root:[window 2026-09-24T12:04:10Z] QuickPay  n=   23 err=  0.00% p95=  364.3ms top=None
INFO:root:[window 2026-09-24T12:04:05Z] QuickPay  n=   23 err=  0.00% p95=  364.3ms top=None
INFO:root:[window 2026-09-24T12:04:00Z] QuickPay  n=   23 err=  0.00% p95=  364.3ms top=None
I0924 17:34:12.844687 9291015 ev_poll_posix.cc:587] FD from fork parent still in poll list: fd(7, generation: 1)
I0924 17:34:12.844754 9291015 ev_poll_posix.cc:587] FD from fork parent still in poll list: fd(3, generation: 1)
INFO:root:[window 2026-09-24T12:04:10Z] SecurePay n=  886 err=  0.79% p95=  433.7ms top=504_TIMEOUT
INFO:root:[window 2026-09-24T12:04:05Z] SecurePay n=  559 err=  0.18% p95=  422.2ms top=504_TIMEOUT
INFO:root:[window 2026-09-24T12:04:00Z] SecurePay n=  386 err=  0.00% p95=  417.9ms top=None
INFO:root:[window 2026-09-24T12:03:50Z] SecurePay n=    7 err=  0.00% p95=  342.5ms top=None
INFO:root:[window 2026-09-24T12:03:45Z] SecurePay n=    7 err=  0.00% p95=  342.5ms top=None
INFO:root:[window 2026-09-24T12:03:40Z] SecurePay n=    9 err=  0.00% p95=  396.7ms top=None
INFO:root:[window 2026-09-24T12:03:35Z] SecurePay n=   10 err=  0.00% p95=  462.2ms top=None
INFO:root:[window 2026-09-24T12:03:30Z] SecurePay n=   10 err=  0.00% p95=  462.2ms top=None
INFO:root:[window 2026-09-24T12:03:25Z] SecurePay n=   10 err=  0.00% p95=  462.2ms top=None
INFO:root:[window 2026-09-24T12:03:20Z] SecurePay n=   10 err=  0.00% p95=  462.2ms top=None
INFO:root:[window 2026-09-24T12:03:15Z] SecurePay n=   10 err=  0.00% p95=  462.2ms top=None
INFO:root:[window 2026-09-24T12:03:10Z] SecurePay n=   10 err=  0.00% p95=  462.2ms top=None
INFO:root:[window 2026-09-24T12:03:05Z] SecurePay n=   10 err=  0.00% p95=  462.2ms top=None
INFO:root:[window 2026-09-24T12:03:00Z] SecurePay n=    8 err=  0.00% p95=  396.7ms top=None
INFO:root:[window 2026-09-24T12:02:55Z] SecurePay n=    7 err=  0.00% p95=  396.7ms top=None
INFO:root:[window 2026-09-24T12:02:50Z] SecurePay n=    3 err=  0.00% p95=  396.7ms top=None
INFO:root:[window 2026-09-24T12:02:45Z] SecurePay n=    3 err=  0.00% p95=  396.7ms top=None
INFO:root:[window 2026-09-24T12:02:40Z] SecurePay n=    1 err=  0.00% p95=  462.2ms top=None
INFO:root:[window 2026-09-24T12:03:55Z] SecurePay n=    3 err=  0.00% p95=  325.4ms top=None
INFO:root:[window 2026-09-24T12:04:10Z] QuickPay  n=  104 err=  1.92% p95=  430.9ms top=504_TIMEOUT
INFO:root:[window 2026-09-24T12:04:05Z] QuickPay  n=   63 err=  3.17% p95=  415.6ms top=504_TIMEOUT
INFO:root:[window 2026-09-24T12:04:00Z] QuickPay  n=   39 err=  2.56% p95=  415.6ms top=504_TIMEOUT
I0924 17:34:15.023666 9291273 ev_poll_posix.cc:587] FD from fork parent still in poll list: fd(7, generation: 1)
I0924 17:34:15.023731 9291273 ev_poll_posix.cc:587] FD from fork parent still in poll list: fd(3, generation: 1)
INFO:root:[window 2026-09-24T12:04:10Z] SecurePay n=   24 err=  0.00% p95=  405.3ms top=None
INFO:root:[window 2026-09-24T12:03:55Z] SecurePay n=    6 err=  0.00% p95=  378.0ms top=None
INFO:root:[window 2026-09-24T12:03:50Z] SecurePay n=    8 err=  0.00% p95=  378.0ms top=None
INFO:root:[window 2026-09-24T12:03:45Z] SecurePay n=    8 err=  0.00% p95=  378.0ms top=None
INFO:root:[window 2026-09-24T12:03:40Z] SecurePay n=    8 err=  0.00% p95=  378.0ms top=None
INFO:root:[window 2026-09-24T12:03:35Z] SecurePay n=    8 err=  0.00% p95=  378.0ms top=None
INFO:root:[window 2026-09-24T12:03:30Z] SecurePay n=    8 err=  0.00% p95=  378.0ms top=None
INFO:root:[window 2026-09-24T12:03:25Z] SecurePay n=    8 err=  0.00% p95=  378.0ms top=None
INFO:root:[window 2026-09-24T12:03:20Z] SecurePay n=    8 err=  0.00% p95=  378.0ms top=None
INFO:root:[window 2026-09-24T12:03:15Z] SecurePay n=    8 err=  0.00% p95=  378.0ms top=None
INFO:root:[window 2026-09-24T12:03:10Z] SecurePay n=    7 err=  0.00% p95=  378.0ms top=None
INFO:root:[window 2026-09-24T12:03:05Z] SecurePay n=    5 err=  0.00% p95=  347.5ms top=None
INFO:root:[window 2026-09-24T12:03:00Z] SecurePay n=    3 err=  0.00% p95=  287.2ms top=None
INFO:root:[window 2026-09-24T12:04:00Z] SecurePay n=    5 err=  0.00% p95=  378.0ms top=None
INFO:root:[window 2026-09-24T12:04:05Z] SecurePay n=    3 err=  0.00% p95=  378.0ms top=None
INFO:root:[window 2026-09-24T12:02:55Z] SecurePay n=    2 err=  0.00% p95=  287.2ms top=None
INFO:root:[window 2026-09-24T12:04:10Z] QuickPay  n=    5 err=  0.00% p95=  397.8ms top=None
INFO:root:[window 2026-09-24T12:03:45Z] QuickPay  n=    1 err=  0.00% p95=  467.0ms top=None
INFO:root:[window 2026-09-24T12:03:40Z] QuickPay  n=    1 err=  0.00% p95=  467.0ms top=None
INFO:root:[window 2026-09-24T12:03:35Z] QuickPay  n=    1 err=  0.00% p95=  467.0ms top=None
INFO:root:[window 2026-09-24T12:03:30Z] QuickPay  n=    1 err=  0.00% p95=  467.0ms top=None
INFO:root:[window 2026-09-24T12:03:25Z] QuickPay  n=    1 err=  0.00% p95=  467.0ms top=None
INFO:root:[window 2026-09-24T12:03:20Z] QuickPay  n=    1 err=  0.00% p95=  467.0ms top=None
INFO:root:[window 2026-09-24T12:03:15Z] QuickPay  n=    1 err=  0.00% p95=  467.0ms top=None
INFO:root:[window 2026-09-24T12:03:10Z] QuickPay  n=    1 err=  0.00% p95=  467.0ms top=None
INFO:root:[window 2026-09-24T12:03:05Z] QuickPay  n=    1 err=  0.00% p95=  467.0ms top=None
INFO:root:[window 2026-09-24T12:03:00Z] QuickPay  n=    1 err=  0.00% p95=  467.0ms top=None
INFO:root:[window 2026-09-24T12:02:55Z] QuickPay  n=    1 err=  0.00% p95=  467.0ms top=None
INFO:root:[window 2026-09-24T12:02:50Z] QuickPay  n=    1 err=  0.00% p95=  467.0ms top=None
INFO:root:[window 2026-09-24T12:04:15Z] QuickPay  n= 1217 err=  1.56% p95=  448.2ms top=504_TIMEOUT
INFO:root:[window 2026-09-24T12:04:15Z] FastPay   n= 2006 err= 78.32% p95= 5814.0ms top=504_TIMEOUT  <-- BREACH
INFO:root:[window 2026-09-24T12:04:15Z] SecurePay n= 8640 err=  0.61% p95=  431.1ms top=504_TIMEOUT
I0924 17:34:16.296814 9291570 ev_poll_posix.cc:587] FD from fork parent still in poll list: fd(7, generation: 1)
I0924 17:34:16.296862 9291570 ev_poll_posix.cc:587] FD from fork parent still in poll list: fd(3, generation: 1)
I0924 17:34:16.903187 9291843 ev_poll_posix.cc:587] FD from fork parent still in poll list: fd(7, generation: 1)
INFO:root:[window 2026-09-24T12:04:15Z] SecurePay n=   28 err=  3.57% p95=  392.3ms top=504_TIMEOUT
INFO:root:[window 2026-09-24T12:04:05Z] SecurePay n=    1 err=  0.00% p95=  424.8ms top=None
INFO:root:[window 2026-09-24T12:04:00Z] SecurePay n=    1 err=  0.00% p95=  424.8ms top=None
INFO:root:[window 2026-09-24T12:03:55Z] SecurePay n=    1 err=  0.00% p95=  424.8ms top=None
INFO:root:[window 2026-09-24T12:03:50Z] SecurePay n=    3 err=  0.00% p95=  453.6ms top=None
INFO:root:[window 2026-09-24T12:03:45Z] SecurePay n=    3 err=  0.00% p95=  453.6ms top=None
INFO:root:[window 2026-09-24T12:03:40Z] SecurePay n=    3 err=  0.00% p95=  453.6ms top=None
INFO:root:[window 2026-09-24T12:03:35Z] SecurePay n=    3 err=  0.00% p95=  453.6ms top=None
INFO:root:[window 2026-09-24T12:03:30Z] SecurePay n=    3 err=  0.00% p95=  453.6ms top=None
INFO:root:[window 2026-09-24T12:03:25Z] SecurePay n=    3 err=  0.00% p95=  453.6ms top=None
INFO:root:[window 2026-09-24T12:03:20Z] SecurePay n=    3 err=  0.00% p95=  453.6ms top=None
INFO:root:[window 2026-09-24T12:03:15Z] SecurePay n=    3 err=  0.00% p95=  453.6ms top=None
INFO:root:[window 2026-09-24T12:03:10Z] SecurePay n=    3 err=  0.00% p95=  453.6ms top=None
INFO:root:[window 2026-09-24T12:03:05Z] SecurePay n=    2 err=  0.00% p95=  453.6ms top=None
INFO:root:[window 2026-09-24T12:03:00Z] SecurePay n=    2 err=  0.00% p95=  453.6ms top=None
INFO:root:[window 2026-09-24T12:02:55Z] SecurePay n=    2 err=  0.00% p95=  453.6ms top=None
I0924 17:34:18.608911 9292256 ev_poll_posix.cc:587] FD from fork parent still in poll list: fd(7, generation: 1)
I0924 17:34:18.608970 9292256 ev_poll_posix.cc:587] FD from fork parent still in poll list: fd(3, generation: 1)
INFO:root:[window 2026-09-24T12:03:50Z] SecurePay n=    2 err=  0.00% p95=  316.5ms top=None
INFO:root:[window 2026-09-24T12:03:45Z] SecurePay n=    2 err=  0.00% p95=  316.5ms top=None
INFO:root:[window 2026-09-24T12:03:40Z] SecurePay n=    2 err=  0.00% p95=  316.5ms top=None
INFO:root:[window 2026-09-24T12:03:35Z] SecurePay n=    2 err=  0.00% p95=  316.5ms top=None
INFO:root:[window 2026-09-24T12:03:30Z] SecurePay n=    2 err=  0.00% p95=  316.5ms top=None
INFO:root:[window 2026-09-24T12:03:25Z] SecurePay n=    2 err=  0.00% p95=  316.5ms top=None
INFO:root:[window 2026-09-24T12:03:20Z] SecurePay n=    2 err=  0.00% p95=  316.5ms top=None
INFO:root:[window 2026-09-24T12:03:15Z] SecurePay n=    2 err=  0.00% p95=  316.5ms top=None
INFO:root:[window 2026-09-24T12:03:10Z] SecurePay n=    2 err=  0.00% p95=  316.5ms top=None
INFO:root:[window 2026-09-24T12:03:05Z] SecurePay n=    2 err=  0.00% p95=  316.5ms top=None
INFO:root:[window 2026-09-24T12:03:00Z] SecurePay n=    2 err=  0.00% p95=  316.5ms top=None
INFO:root:[window 2026-09-24T12:02:55Z] SecurePay n=    1 err=  0.00% p95=  316.5ms top=None
INFO:root:[window 2026-09-24T12:03:55Z] SecurePay n=    1 err=  0.00% p95=  381.5ms top=None
I0924 17:34:20.263081 9292445 ev_poll_posix.cc:587] FD from fork parent still in poll list: fd(7, generation: 1)
I0924 17:34:20.263227 9292445 ev_poll_posix.cc:587] FD from fork parent still in poll list: fd(3, generation: 1)
INFO:root:[window 2026-09-24T12:04:15Z] SecurePay n=    1 err=  0.00% p95=  299.6ms top=None
INFO:root:[window 2026-09-24T12:04:10Z] SecurePay n=    1 err=  0.00% p95=  299.6ms top=None
INFO:root:[window 2026-09-24T12:04:05Z] SecurePay n=    1 err=  0.00% p95=  299.6ms top=None
INFO:root:[window 2026-09-24T12:04:00Z] SecurePay n=    1 err=  0.00% p95=  299.6ms top=None
INFO:root:[window 2026-09-24T12:03:55Z] SecurePay n=    2 err=  0.00% p95=  290.5ms top=None
INFO:root:[window 2026-09-24T12:03:50Z] SecurePay n=    2 err=  0.00% p95=  290.5ms top=None
INFO:root:[window 2026-09-24T12:03:45Z] SecurePay n=    2 err=  0.00% p95=  290.5ms top=None
INFO:root:[window 2026-09-24T12:03:40Z] SecurePay n=    2 err=  0.00% p95=  290.5ms top=None
INFO:root:[window 2026-09-24T12:03:35Z] SecurePay n=    2 err=  0.00% p95=  290.5ms top=None
INFO:root:[window 2026-09-24T12:03:30Z] SecurePay n=    2 err=  0.00% p95=  290.5ms top=None
INFO:root:[window 2026-09-24T12:03:25Z] SecurePay n=    2 err=  0.00% p95=  290.5ms top=None
INFO:root:[window 2026-09-24T12:03:20Z] SecurePay n=    2 err=  0.00% p95=  290.5ms top=None
INFO:root:[window 2026-09-24T12:03:15Z] SecurePay n=    1 err=  0.00% p95=  290.5ms top=None
INFO:root:[window 2026-09-24T12:03:10Z] SecurePay n=    1 err=  0.00% p95=  290.5ms top=None
INFO:root:[window 2026-09-24T12:03:05Z] SecurePay n=    1 err=  0.00% p95=  290.5ms top=None
INFO:root:[window 2026-09-24T12:03:00Z] SecurePay n=    1 err=  0.00% p95=  290.5ms top=None
INFO:root:[window 2026-09-24T12:04:20Z] QuickPay  n= 1231 err=  1.62% p95=  445.7ms top=504_TIMEOUT
INFO:root:[window 2026-09-24T12:04:20Z] FastPay   n= 1405 err= 78.51% p95= 5814.0ms top=504_TIMEOUT  <-- BREACH
INFO:root:[window 2026-09-24T12:04:20Z] SecurePay n= 9257 err=  0.59% p95=  432.2ms top=504_TIMEOUT
I0924 17:34:21.443654 9292576 ev_poll_posix.cc:587] FD from fork parent still in poll list: fd(7, generation: 1)
I0924 17:34:21.443696 9292576 ev_poll_posix.cc:587] FD from fork parent still in poll list: fd(3, generation: 1)
I0924 17:34:21.900358 9292713 ev_poll_posix.cc:587] FD from fork parent still in poll list: fd(7, generation: 1)
I0924 17:34:21.900418 9292713 ev_poll_posix.cc:587] FD from fork parent still in poll list: fd(3, generation: 1)
INFO:root:[window 2026-09-24T12:04:00Z] SecurePay n=    4 err= 25.00% p95=  455.7ms top=504_TIMEOUT
INFO:root:[window 2026-09-24T12:03:55Z] SecurePay n=    5 err= 20.00% p95=  455.7ms top=504_TIMEOUT
INFO:root:[window 2026-09-24T12:03:50Z] SecurePay n=    5 err= 20.00% p95=  455.7ms top=504_TIMEOUT
INFO:root:[window 2026-09-24T12:03:45Z] SecurePay n=    5 err= 20.00% p95=  455.7ms top=504_TIMEOUT
INFO:root:[window 2026-09-24T12:03:40Z] SecurePay n=    5 err= 20.00% p95=  455.7ms top=504_TIMEOUT
INFO:root:[window 2026-09-24T12:03:35Z] SecurePay n=    5 err= 20.00% p95=  455.7ms top=504_TIMEOUT
INFO:root:[window 2026-09-24T12:03:30Z] SecurePay n=    5 err= 20.00% p95=  455.7ms top=504_TIMEOUT
INFO:root:[window 2026-09-24T12:03:25Z] SecurePay n=    5 err= 20.00% p95=  455.7ms top=504_TIMEOUT
INFO:root:[window 2026-09-24T12:03:20Z] SecurePay n=    5 err= 20.00% p95=  455.7ms top=504_TIMEOUT
INFO:root:[window 2026-09-24T12:03:15Z] SecurePay n=    5 err= 20.00% p95=  455.7ms top=504_TIMEOUT
INFO:root:[window 2026-09-24T12:03:10Z] SecurePay n=    5 err= 20.00% p95=  455.7ms top=504_TIMEOUT
INFO:root:[window 2026-09-24T12:03:05Z] SecurePay n=    5 err= 20.00% p95=  455.7ms top=504_TIMEOUT
INFO:root:[window 2026-09-24T12:03:00Z] SecurePay n=    1 err=  0.00% p95=  365.8ms top=None
INFO:root:[window 2026-09-24T12:04:15Z] QuickPay  n=    1 err=  0.00% p95=  257.4ms top=None
INFO:root:[window 2026-09-24T12:04:10Z] QuickPay  n=    1 err=  0.00% p95=  257.4ms top=None
INFO:root:[window 2026-09-24T12:04:05Z] QuickPay  n=    1 err=  0.00% p95=  257.4ms top=None
INFO:root:[window 2026-09-24T12:04:00Z] QuickPay  n=    1 err=  0.00% p95=  257.4ms top=None
INFO:root:[window 2026-09-24T12:03:55Z] QuickPay  n=    1 err=  0.00% p95=  257.4ms top=None
INFO:root:[window 2026-09-24T12:03:50Z] QuickPay  n=    1 err=  0.00% p95=  257.4ms top=None
INFO:root:[window 2026-09-24T12:03:45Z] QuickPay  n=    1 err=  0.00% p95=  257.4ms top=None
INFO:root:[window 2026-09-24T12:03:40Z] QuickPay  n=    1 err=  0.00% p95=  257.4ms top=None
INFO:root:[window 2026-09-24T12:03:35Z] QuickPay  n=    1 err=  0.00% p95=  257.4ms top=None
INFO:root:[window 2026-09-24T12:03:30Z] QuickPay  n=    1 err=  0.00% p95=  257.4ms top=None
INFO:root:[window 2026-09-24T12:03:25Z] QuickPay  n=    1 err=  0.00% p95=  257.4ms top=None
INFO:root:[window 2026-09-24T12:03:20Z] QuickPay  n=    1 err=  0.00% p95=  257.4ms top=None
I0924 17:34:23.586066 9292869 ev_poll_posix.cc:587] FD from fork parent still in poll list: fd(7, generation: 1)
INFO:root:[window 2026-09-24T12:04:00Z] SecurePay n=    2 err=  0.00% p95=  317.4ms top=None
INFO:root:[window 2026-09-24T12:03:55Z] SecurePay n=    4 err=  0.00% p95=  390.4ms top=None
INFO:root:[window 2026-09-24T12:03:50Z] SecurePay n=    4 err=  0.00% p95=  390.4ms top=None
INFO:root:[window 2026-09-24T12:03:45Z] SecurePay n=    4 err=  0.00% p95=  390.4ms top=None
INFO:root:[window 2026-09-24T12:03:40Z] SecurePay n=    4 err=  0.00% p95=  390.4ms top=None
INFO:root:[window 2026-09-24T12:03:35Z] SecurePay n=    4 err=  0.00% p95=  390.4ms top=None
INFO:root:[window 2026-09-24T12:03:30Z] SecurePay n=    4 err=  0.00% p95=  390.4ms top=None
INFO:root:[window 2026-09-24T12:03:25Z] SecurePay n=    4 err=  0.00% p95=  390.4ms top=None
INFO:root:[window 2026-09-24T12:03:20Z] SecurePay n=    4 err=  0.00% p95=  390.4ms top=None
INFO:root:[window 2026-09-24T12:03:15Z] SecurePay n=    4 err=  0.00% p95=  390.4ms top=None
INFO:root:[window 2026-09-24T12:03:10Z] SecurePay n=    4 err=  0.00% p95=  390.4ms top=None
INFO:root:[window 2026-09-24T12:03:05Z] SecurePay n=    3 err=  0.00% p95=  390.4ms top=None
INFO:root:[window 2026-09-24T12:03:00Z] SecurePay n=    2 err=  0.00% p95=  242.2ms top=None
INFO:root:[window 2026-09-24T12:04:05Z] SecurePay n=    1 err=  0.00% p95=  317.4ms top=None
INFO:root:[window 2026-09-24T12:04:20Z] QuickPay  n=    1 err=  0.00% p95=  288.2ms top=None
INFO:root:[window 2026-09-24T12:04:15Z] QuickPay  n=    1 err=  0.00% p95=  288.2ms top=None
INFO:root:[window 2026-09-24T12:04:10Z] QuickPay  n=    1 err=  0.00% p95=  288.2ms top=None
INFO:root:[window 2026-09-24T12:04:05Z] QuickPay  n=    1 err=  0.00% p95=  288.2ms top=None
INFO:root:[window 2026-09-24T12:04:00Z] QuickPay  n=    1 err=  0.00% p95=  288.2ms top=None
INFO:root:[window 2026-09-24T12:03:55Z] QuickPay  n=    1 err=  0.00% p95=  288.2ms top=None
INFO:root:[window 2026-09-24T12:03:50Z] QuickPay  n=    1 err=  0.00% p95=  288.2ms top=None
INFO:root:[window 2026-09-24T12:03:45Z] QuickPay  n=    1 err=  0.00% p95=  288.2ms top=None
INFO:root:[window 2026-09-24T12:03:40Z] QuickPay  n=    1 err=  0.00% p95=  288.2ms top=None
INFO:root:[window 2026-09-24T12:03:35Z] QuickPay  n=    1 err=  0.00% p95=  288.2ms top=None
INFO:root:[window 2026-09-24T12:03:30Z] QuickPay  n=    1 err=  0.00% p95=  288.2ms top=None
INFO:root:[window 2026-09-24T12:03:25Z] QuickPay  n=    1 err=  0.00% p95=  288.2ms top=None
I0924 17:34:24.874357 9293049 ev_poll_posix.cc:587] FD from fork parent still in poll list: fd(7, generation: 1)
I0924 17:34:24.874414 9293049 ev_poll_posix.cc:587] FD from fork parent still in poll list: fd(3, generation: 1)
INFO:root:[window 2026-09-24T12:04:10Z] SecurePay n=    1 err=  0.00% p95=  278.1ms top=None
INFO:root:[window 2026-09-24T12:04:05Z] SecurePay n=    1 err=  0.00% p95=  278.1ms top=None
INFO:root:[window 2026-09-24T12:04:00Z] SecurePay n=    1 err=  0.00% p95=  278.1ms top=None
INFO:root:[window 2026-09-24T12:03:55Z] SecurePay n=    2 err=  0.00% p95=  229.9ms top=None
INFO:root:[window 2026-09-24T12:03:50Z] SecurePay n=    2 err=  0.00% p95=  229.9ms top=None
INFO:root:[window 2026-09-24T12:03:45Z] SecurePay n=    2 err=  0.00% p95=  229.9ms top=None
INFO:root:[window 2026-09-24T12:03:40Z] SecurePay n=    2 err=  0.00% p95=  229.9ms top=None
INFO:root:[window 2026-09-24T12:03:35Z] SecurePay n=    2 err=  0.00% p95=  229.9ms top=None
INFO:root:[window 2026-09-24T12:03:30Z] SecurePay n=    2 err=  0.00% p95=  229.9ms top=None
INFO:root:[window 2026-09-24T12:03:25Z] SecurePay n=    2 err=  0.00% p95=  229.9ms top=None
INFO:root:[window 2026-09-24T12:03:20Z] SecurePay n=    2 err=  0.00% p95=  229.9ms top=None
INFO:root:[window 2026-09-24T12:03:15Z] SecurePay n=    2 err=  0.00% p95=  229.9ms top=None
INFO:root:[window 2026-09-24T12:03:10Z] SecurePay n=    1 err=  0.00% p95=  229.9ms top=None
INFO:root:[window 2026-09-24T12:03:05Z] SecurePay n=    1 err=  0.00% p95=  229.9ms top=None
INFO:root:[window 2026-09-24T12:03:00Z] SecurePay n=    1 err=  0.00% p95=  229.9ms top=None
INFO:root:[window 2026-09-24T12:04:25Z] QuickPay  n= 1210 err=  1.57% p95=  444.1ms top=504_TIMEOUT
INFO:root:[window 2026-09-24T12:04:25Z] FastPay   n=  820 err= 80.12% p95= 5823.0ms top=504_TIMEOUT  <-- BREACH
INFO:root:[window 2026-09-24T12:04:25Z] SecurePay n= 9852 err=  0.57% p95=  430.8ms top=504_TIMEOUT
I0924 17:34:25.914665 9293199 ev_poll_posix.cc:587] FD from fork parent still in poll list: fd(7, generation: 1)
I0924 17:34:25.914733 9293199 ev_poll_posix.cc:587] FD from fork parent still in poll list: fd(3, generation: 1)
I0924 17:34:26.864032 9293342 ev_poll_posix.cc:587] FD from fork parent still in poll list: fd(7, generation: 1)
I0924 17:34:26.864153 9293342 ev_poll_posix.cc:587] FD from fork parent still in poll list: fd(3, generation: 1)
INFO:root:[window 2026-09-24T12:04:10Z] SecurePay n=    4 err=  0.00% p95=  255.2ms top=None
INFO:root:[window 2026-09-24T12:04:05Z] SecurePay n=    6 err=  0.00% p95=  371.8ms top=None
INFO:root:[window 2026-09-24T12:04:00Z] SecurePay n=    6 err=  0.00% p95=  371.8ms top=None
INFO:root:[window 2026-09-24T12:03:55Z] SecurePay n=    9 err=  0.00% p95=  371.8ms top=None
INFO:root:[window 2026-09-24T12:03:50Z] SecurePay n=    9 err=  0.00% p95=  371.8ms top=None
INFO:root:[window 2026-09-24T12:03:45Z] SecurePay n=    9 err=  0.00% p95=  371.8ms top=None
INFO:root:[window 2026-09-24T12:03:40Z] SecurePay n=    9 err=  0.00% p95=  371.8ms top=None
INFO:root:[window 2026-09-24T12:03:35Z] SecurePay n=    9 err=  0.00% p95=  371.8ms top=None
INFO:root:[window 2026-09-24T12:03:30Z] SecurePay n=    9 err=  0.00% p95=  371.8ms top=None
INFO:root:[window 2026-09-24T12:03:25Z] SecurePay n=    9 err=  0.00% p95=  371.8ms top=None
INFO:root:[window 2026-09-24T12:03:20Z] SecurePay n=    7 err=  0.00% p95=  371.8ms top=None
INFO:root:[window 2026-09-24T12:03:15Z] SecurePay n=    6 err=  0.00% p95=  371.8ms top=None
INFO:root:[window 2026-09-24T12:03:10Z] SecurePay n=    5 err=  0.00% p95=  371.8ms top=None
INFO:root:[window 2026-09-24T12:04:15Z] SecurePay n=    3 err=  0.00% p95=  255.2ms top=None
INFO:root:[window 2026-09-24T12:03:05Z] SecurePay n=    3 err=  0.00% p95=  274.2ms top=None
INFO:root:[window 2026-09-24T12:03:00Z] SecurePay n=    3 err=  0.00% p95=  274.2ms top=None
INFO:root:[window 2026-09-24T12:04:20Z] SecurePay n=    2 err=  0.00% p95=  255.2ms top=None
I0924 17:34:29.596351 9293666 ev_poll_posix.cc:587] FD from fork parent still in poll list: fd(7, generation: 1)
I0924 17:34:29.596407 9293666 ev_poll_posix.cc:587] FD from fork parent still in poll list: fd(3, generation: 1)
INFO:root:[window 2026-09-24T12:04:20Z] QuickPay  n=    1 err=  0.00% p95=  440.7ms top=None
INFO:root:[window 2026-09-24T12:04:15Z] QuickPay  n=    1 err=  0.00% p95=  440.7ms top=None
INFO:root:[window 2026-09-24T12:04:10Z] QuickPay  n=    1 err=  0.00% p95=  440.7ms top=None
INFO:root:[window 2026-09-24T12:04:05Z] QuickPay  n=    1 err=  0.00% p95=  440.7ms top=None
INFO:root:[window 2026-09-24T12:04:00Z] QuickPay  n=    1 err=  0.00% p95=  440.7ms top=None
INFO:root:[window 2026-09-24T12:03:55Z] QuickPay  n=    1 err=  0.00% p95=  440.7ms top=None
INFO:root:[window 2026-09-24T12:03:50Z] QuickPay  n=    1 err=  0.00% p95=  440.7ms top=None
INFO:root:[window 2026-09-24T12:03:45Z] QuickPay  n=    1 err=  0.00% p95=  440.7ms top=None
INFO:root:[window 2026-09-24T12:03:40Z] QuickPay  n=    1 err=  0.00% p95=  440.7ms top=None
INFO:root:[window 2026-09-24T12:03:35Z] QuickPay  n=    1 err=  0.00% p95=  440.7ms top=None
INFO:root:[window 2026-09-24T12:03:30Z] QuickPay  n=    1 err=  0.00% p95=  440.7ms top=None
INFO:root:[window 2026-09-24T12:03:25Z] QuickPay  n=    1 err=  0.00% p95=  440.7ms top=None
INFO:root:[window 2026-09-24T12:04:30Z] QuickPay  n= 1213 err=  1.65% p95=  444.1ms top=504_TIMEOUT
INFO:root:[window 2026-09-24T12:04:30Z] FastPay   n=  239 err= 79.92% p95= 5846.6ms top=504_TIMEOUT  <-- BREACH
INFO:root:[window 2026-09-24T12:04:30Z] SecurePay n=10430 err=  0.53% p95=  430.6ms top=504_TIMEOUT
I0924 17:34:30.625879 9293806 ev_poll_posix.cc:587] FD from fork parent still in poll list: fd(7, generation: 1)
I0924 17:34:30.625927 9293806 ev_poll_posix.cc:587] FD from fork parent still in poll list: fd(3, generation: 1)
I0924 17:34:31.108564 9293922 ev_poll_posix.cc:587] FD from fork parent still in poll list: fd(7, generation: 1)
I0924 17:34:31.108625 9293922 ev_poll_posix.cc:587] FD from fork parent still in poll list: fd(3, generation: 1)
INFO:root:[window 2026-09-24T12:04:20Z] SecurePay n=    4 err=  0.00% p95=  278.6ms top=None
INFO:root:[window 2026-09-24T12:04:15Z] SecurePay n=    5 err=  0.00% p95=  454.0ms top=None
INFO:root:[window 2026-09-24T12:04:10Z] SecurePay n=    5 err=  0.00% p95=  454.0ms top=None
INFO:root:[window 2026-09-24T12:04:05Z] SecurePay n=    5 err=  0.00% p95=  454.0ms top=None
INFO:root:[window 2026-09-24T12:04:00Z] SecurePay n=    5 err=  0.00% p95=  454.0ms top=None
INFO:root:[window 2026-09-24T12:03:55Z] SecurePay n=    5 err=  0.00% p95=  454.0ms top=None
INFO:root:[window 2026-09-24T12:03:50Z] SecurePay n=    5 err=  0.00% p95=  454.0ms top=None
INFO:root:[window 2026-09-24T12:03:45Z] SecurePay n=    5 err=  0.00% p95=  454.0ms top=None
INFO:root:[window 2026-09-24T12:03:40Z] SecurePay n=    5 err=  0.00% p95=  454.0ms top=None
INFO:root:[window 2026-09-24T12:03:35Z] SecurePay n=    5 err=  0.00% p95=  454.0ms top=None
INFO:root:[window 2026-09-24T12:03:30Z] SecurePay n=    5 err=  0.00% p95=  454.0ms top=None
INFO:root:[window 2026-09-24T12:03:25Z] SecurePay n=    3 err=  0.00% p95=  261.2ms top=None
INFO:root:[window 2026-09-24T12:03:20Z] SecurePay n=    1 err=  0.00% p95=  461.7ms top=None
INFO:root:[window 2026-09-24T12:04:25Z] SecurePay n=    2 err=  0.00% p95=  278.6ms top=None
I0924 17:34:32.534963 9294089 ev_poll_posix.cc:587] FD from fork parent still in poll list: fd(7, generation: 1)
I0924 17:34:32.535009 9294089 ev_poll_posix.cc:587] FD from fork parent still in poll list: fd(3, generation: 1)
INFO:root:[window 2026-09-24T12:04:10Z] QuickPay  n=    3 err=  0.00% p95=  354.8ms top=None
INFO:root:[window 2026-09-24T12:04:05Z] QuickPay  n=    3 err=  0.00% p95=  354.8ms top=None
INFO:root:[window 2026-09-24T12:04:00Z] QuickPay  n=    3 err=  0.00% p95=  354.8ms top=None
INFO:root:[window 2026-09-24T12:03:55Z] QuickPay  n=    3 err=  0.00% p95=  354.8ms top=None
INFO:root:[window 2026-09-24T12:03:50Z] QuickPay  n=    3 err=  0.00% p95=  354.8ms top=None
INFO:root:[window 2026-09-24T12:03:45Z] QuickPay  n=    3 err=  0.00% p95=  354.8ms top=None
INFO:root:[window 2026-09-24T12:03:40Z] QuickPay  n=    3 err=  0.00% p95=  354.8ms top=None
INFO:root:[window 2026-09-24T12:03:35Z] QuickPay  n=    3 err=  0.00% p95=  354.8ms top=None
INFO:root:[window 2026-09-24T12:03:30Z] QuickPay  n=    3 err=  0.00% p95=  354.8ms top=None
INFO:root:[window 2026-09-24T12:03:25Z] QuickPay  n=    3 err=  0.00% p95=  354.8ms top=None
INFO:root:[window 2026-09-24T12:03:20Z] QuickPay  n=    1 err=  0.00% p95=  279.7ms top=None
INFO:root:[window 2026-09-24T12:03:15Z] QuickPay  n=    1 err=  0.00% p95=  279.7ms top=None
INFO:root:[window 2026-09-24T12:04:20Z] QuickPay  n=    2 err=  0.00% p95=  354.8ms top=None
INFO:root:[window 2026-09-24T12:04:15Z] QuickPay  n=    2 err=  0.00% p95=  354.8ms top=None
INFO:root:[window 2026-09-24T12:04:15Z] SecurePay n=    1 err=  0.00% p95=  283.4ms top=None
INFO:root:[window 2026-09-24T12:04:10Z] SecurePay n=    1 err=  0.00% p95=  283.4ms top=None
INFO:root:[window 2026-09-24T12:04:05Z] SecurePay n=    1 err=  0.00% p95=  283.4ms top=None
INFO:root:[window 2026-09-24T12:04:00Z] SecurePay n=    1 err=  0.00% p95=  283.4ms top=None
INFO:root:[window 2026-09-24T12:03:55Z] SecurePay n=    1 err=  0.00% p95=  283.4ms top=None
INFO:root:[window 2026-09-24T12:03:50Z] SecurePay n=    1 err=  0.00% p95=  283.4ms top=None
INFO:root:[window 2026-09-24T12:03:45Z] SecurePay n=    1 err=  0.00% p95=  283.4ms top=None
INFO:root:[window 2026-09-24T12:03:40Z] SecurePay n=    1 err=  0.00% p95=  283.4ms top=None
INFO:root:[window 2026-09-24T12:03:35Z] SecurePay n=    1 err=  0.00% p95=  283.4ms top=None
INFO:root:[window 2026-09-24T12:03:30Z] SecurePay n=    1 err=  0.00% p95=  283.4ms top=None
INFO:root:[window 2026-09-24T12:03:25Z] SecurePay n=    1 err=  0.00% p95=  283.4ms top=None
INFO:root:[window 2026-09-24T12:03:20Z] SecurePay n=    1 err=  0.00% p95=  283.4ms top=None
I0924 17:34:34.415490 9294762 ev_poll_posix.cc:587] FD from fork parent still in poll list: fd(7, generation: 1)
I0924 17:34:34.417531 9294762 ev_poll_posix.cc:587] FD from fork parent still in poll list: fd(3, generation: 1)
INFO:root:[window 2026-09-24T12:04:05Z] SecurePay n=    2 err=  0.00% p95=  203.1ms top=None
INFO:root:[window 2026-09-24T12:04:00Z] SecurePay n=    2 err=  0.00% p95=  203.1ms top=None
INFO:root:[window 2026-09-24T12:03:55Z] SecurePay n=    2 err=  0.00% p95=  203.1ms top=None
INFO:root:[window 2026-09-24T12:03:50Z] SecurePay n=    2 err=  0.00% p95=  203.1ms top=None
INFO:root:[window 2026-09-24T12:03:45Z] SecurePay n=    2 err=  0.00% p95=  203.1ms top=None
INFO:root:[window 2026-09-24T12:03:40Z] SecurePay n=    2 err=  0.00% p95=  203.1ms top=None
INFO:root:[window 2026-09-24T12:03:35Z] SecurePay n=    2 err=  0.00% p95=  203.1ms top=None
INFO:root:[window 2026-09-24T12:03:30Z] SecurePay n=    2 err=  0.00% p95=  203.1ms top=None
INFO:root:[window 2026-09-24T12:03:25Z] SecurePay n=    2 err=  0.00% p95=  203.1ms top=None
INFO:root:[window 2026-09-24T12:03:20Z] SecurePay n=    2 err=  0.00% p95=  203.1ms top=None
INFO:root:[window 2026-09-24T12:03:15Z] SecurePay n=    1 err=  0.00% p95=  203.1ms top=None
INFO:root:[window 2026-09-24T12:03:10Z] SecurePay n=    1 err=  0.00% p95=  203.1ms top=None
INFO:root:[window 2026-09-24T12:04:15Z] SecurePay n=    1 err=  0.00% p95=  238.3ms top=None
INFO:root:[window 2026-09-24T12:04:10Z] SecurePay n=    1 err=  0.00% p95=  238.3ms top=None
INFO:root:[window 2026-09-24T12:04:20Z] QuickPay  n=    1 err=  0.00% p95=  429.0ms top=None
INFO:root:[window 2026-09-24T12:04:15Z] QuickPay  n=    1 err=  0.00% p95=  429.0ms top=None
INFO:root:[window 2026-09-24T12:04:10Z] QuickPay  n=    1 err=  0.00% p95=  429.0ms top=None
INFO:root:[window 2026-09-24T12:04:05Z] QuickPay  n=    1 err=  0.00% p95=  429.0ms top=None
INFO:root:[window 2026-09-24T12:04:00Z] QuickPay  n=    1 err=  0.00% p95=  429.0ms top=None
INFO:root:[window 2026-09-24T12:03:55Z] QuickPay  n=    1 err=  0.00% p95=  429.0ms top=None
INFO:root:[window 2026-09-24T12:03:50Z] QuickPay  n=    1 err=  0.00% p95=  429.0ms top=None
INFO:root:[window 2026-09-24T12:03:45Z] QuickPay  n=    1 err=  0.00% p95=  429.0ms top=None
INFO:root:[window 2026-09-24T12:03:40Z] QuickPay  n=    1 err=  0.00% p95=  429.0ms top=None
INFO:root:[window 2026-09-24T12:03:35Z] QuickPay  n=    1 err=  0.00% p95=  429.0ms top=None
INFO:root:[window 2026-09-24T12:03:30Z] QuickPay  n=    1 err=  0.00% p95=  429.0ms top=None
INFO:root:[window 2026-09-24T12:03:25Z] QuickPay  n=    1 err=  0.00% p95=  429.0ms top=None
INFO:root:[window 2026-09-24T12:04:35Z] QuickPay  n= 1206 err=  1.66% p95=  444.1ms top=504_TIMEOUT
INFO:root:[window 2026-09-24T12:04:35Z] SecurePay n=10675 err=  0.54% p95=  432.0ms top=504_TIMEOUT
I0924 17:34:35.526397 9295053 ev_poll_posix.cc:587] FD from fork parent still in poll list: fd(7, generation: 1)
I0924 17:34:35.526442 9295053 ev_poll_posix.cc:587] FD from fork parent still in poll list: fd(3, generation: 1)
I0924 17:34:35.987583 9295150 ev_poll_posix.cc:587] FD from fork parent still in poll list: fd(7, generation: 1)
I0924 17:34:35.987635 9295150 ev_poll_posix.cc:587] FD from fork parent still in poll list: fd(3, generation: 1)
INFO:root:[window 2026-09-24T12:04:25Z] SecurePay n=    2 err= 50.00% p95=  288.8ms top=504_TIMEOUT
INFO:root:[window 2026-09-24T12:04:20Z] SecurePay n=    2 err= 50.00% p95=  288.8ms top=504_TIMEOUT
INFO:root:[window 2026-09-24T12:04:15Z] SecurePay n=    2 err= 50.00% p95=  288.8ms top=504_TIMEOUT
INFO:root:[window 2026-09-24T12:04:10Z] SecurePay n=    3 err= 33.33% p95=  411.8ms top=504_TIMEOUT
INFO:root:[window 2026-09-24T12:04:05Z] SecurePay n=    4 err= 25.00% p95=  411.8ms top=504_TIMEOUT
INFO:root:[window 2026-09-24T12:04:00Z] SecurePay n=    4 err= 25.00% p95=  411.8ms top=504_TIMEOUT
INFO:root:[window 2026-09-24T12:03:55Z] SecurePay n=    4 err= 25.00% p95=  411.8ms top=504_TIMEOUT
INFO:root:[window 2026-09-24T12:03:50Z] SecurePay n=    4 err= 25.00% p95=  411.8ms top=504_TIMEOUT
INFO:root:[window 2026-09-24T12:03:45Z] SecurePay n=    4 err= 25.00% p95=  411.8ms top=504_TIMEOUT
INFO:root:[window 2026-09-24T12:03:40Z] SecurePay n=    4 err= 25.00% p95=  411.8ms top=504_TIMEOUT
INFO:root:[window 2026-09-24T12:03:35Z] SecurePay n=    3 err= 33.33% p95=  411.8ms top=504_TIMEOUT
INFO:root:[window 2026-09-24T12:03:30Z] SecurePay n=    3 err= 33.33% p95=  411.8ms top=504_TIMEOUT
INFO:root:[window 2026-09-24T12:03:25Z] SecurePay n=    2 err=  0.00% p95=  338.6ms top=None
INFO:root:[window 2026-09-24T12:03:20Z] SecurePay n=    2 err=  0.00% p95=  338.6ms top=None
INFO:root:[window 2026-09-24T12:03:15Z] SecurePay n=    2 err=  0.00% p95=  338.6ms top=None
INFO:root:[window 2026-09-24T12:03:10Z] SecurePay n=    1 err=  0.00% p95=  338.6ms top=None
INFO:root:[window 2026-09-24T12:04:35Z] SecurePay n=    1 err=  0.00% p95=  288.8ms top=None
INFO:root:[window 2026-09-24T12:04:30Z] SecurePay n=    1 err=  0.00% p95=  288.8ms top=None
I0924 17:34:37.205349 9295327 ev_poll_posix.cc:587] FD from fork parent still in poll list: fd(7, generation: 1)
I0924 17:34:37.205404 9295327 ev_poll_posix.cc:587] FD from fork parent still in poll list: fd(3, generation: 1)
INFO:root:[window 2026-09-24T12:04:10Z] SecurePay n=    4 err=  0.00% p95=  400.7ms top=None
INFO:root:[window 2026-09-24T12:04:05Z] SecurePay n=    4 err=  0.00% p95=  400.7ms top=None
INFO:root:[window 2026-09-24T12:04:00Z] SecurePay n=    4 err=  0.00% p95=  400.7ms top=None
INFO:root:[window 2026-09-24T12:03:55Z] SecurePay n=    4 err=  0.00% p95=  400.7ms top=None
INFO:root:[window 2026-09-24T12:03:50Z] SecurePay n=    4 err=  0.00% p95=  400.7ms top=None
INFO:root:[window 2026-09-24T12:03:45Z] SecurePay n=    4 err=  0.00% p95=  400.7ms top=None
INFO:root:[window 2026-09-24T12:03:40Z] SecurePay n=    4 err=  0.00% p95=  400.7ms top=None
INFO:root:[window 2026-09-24T12:03:35Z] SecurePay n=    4 err=  0.00% p95=  400.7ms top=None
INFO:root:[window 2026-09-24T12:03:30Z] SecurePay n=    3 err=  0.00% p95=  362.3ms top=None
INFO:root:[window 2026-09-24T12:03:25Z] SecurePay n=    1 err=  0.00% p95=  400.7ms top=None
INFO:root:[window 2026-09-24T12:03:20Z] SecurePay n=    1 err=  0.00% p95=  400.7ms top=None
INFO:root:[window 2026-09-24T12:03:15Z] SecurePay n=    1 err=  0.00% p95=  400.7ms top=None
INFO:root:[window 2026-09-24T12:04:25Z] SecurePay n=    3 err=  0.00% p95=  362.3ms top=None
INFO:root:[window 2026-09-24T12:04:20Z] SecurePay n=    3 err=  0.00% p95=  362.3ms top=None
INFO:root:[window 2026-09-24T12:04:15Z] SecurePay n=    3 err=  0.00% p95=  362.3ms top=None
INFO:root:[window 2026-09-24T12:04:30Z] SecurePay n=    1 err=  0.00% p95=  405.2ms top=None
I0924 17:34:38.724032 9295492 ev_poll_posix.cc:587] FD from fork parent still in poll list: fd(7, generation: 1)
I0924 17:34:38.724086 9295492 ev_poll_posix.cc:587] FD from fork parent still in poll list: fd(3, generation: 1)
INFO:root:[window 2026-09-24T12:04:15Z] SecurePay n=    2 err=  0.00% p95=  191.0ms top=None
INFO:root:[window 2026-09-24T12:04:10Z] SecurePay n=    2 err=  0.00% p95=  191.0ms top=None
INFO:root:[window 2026-09-24T12:04:05Z] SecurePay n=    2 err=  0.00% p95=  191.0ms top=None
INFO:root:[window 2026-09-24T12:04:00Z] SecurePay n=    2 err=  0.00% p95=  191.0ms top=None
INFO:root:[window 2026-09-24T12:03:55Z] SecurePay n=    2 err=  0.00% p95=  191.0ms top=None
INFO:root:[window 2026-09-24T12:03:50Z] SecurePay n=    2 err=  0.00% p95=  191.0ms top=None
INFO:root:[window 2026-09-24T12:03:45Z] SecurePay n=    2 err=  0.00% p95=  191.0ms top=None
INFO:root:[window 2026-09-24T12:03:40Z] SecurePay n=    2 err=  0.00% p95=  191.0ms top=None
INFO:root:[window 2026-09-24T12:03:35Z] SecurePay n=    2 err=  0.00% p95=  191.0ms top=None
INFO:root:[window 2026-09-24T12:03:30Z] SecurePay n=    2 err=  0.00% p95=  191.0ms top=None
INFO:root:[window 2026-09-24T12:03:25Z] SecurePay n=    2 err=  0.00% p95=  191.0ms top=None
INFO:root:[window 2026-09-24T12:03:20Z] SecurePay n=    1 err=  0.00% p95=  446.4ms top=None
INFO:root:[window 2026-09-24T12:04:20Z] SecurePay n=    1 err=  0.00% p95=  191.0ms top=None
INFO:root:[window 2026-09-24T12:04:40Z] QuickPay  n= 1217 err=  1.48% p95=  440.2ms top=504_TIMEOUT
INFO:root:[window 2026-09-24T12:04:40Z] SecurePay n=10661 err=  0.54% p95=  432.4ms top=504_TIMEOUT
I0924 17:34:40.761530 9295943 ev_poll_posix.cc:587] FD from fork parent still in poll list: fd(7, generation: 1)
I0924 17:34:40.761576 9295943 ev_poll_posix.cc:587] FD from fork parent still in poll list: fd(3, generation: 1)
I0924 17:34:41.229460 9296063 ev_poll_posix.cc:587] FD from fork parent still in poll list: fd(7, generation: 1)
I0924 17:34:41.229537 9296063 ev_poll_posix.cc:587] FD from fork parent still in poll list: fd(3, generation: 1)
INFO:root:[window 2026-09-24T12:04:30Z] SecurePay n=    2 err=  0.00% p95=  213.4ms top=None
INFO:root:[window 2026-09-24T12:04:25Z] SecurePay n=    3 err=  0.00% p95=  277.0ms top=None
INFO:root:[window 2026-09-24T12:04:20Z] SecurePay n=    4 err=  0.00% p95=  313.0ms top=None
INFO:root:[window 2026-09-24T12:04:15Z] SecurePay n=    4 err=  0.00% p95=  313.0ms top=None
INFO:root:[window 2026-09-24T12:04:10Z] SecurePay n=    5 err=  0.00% p95=  313.0ms top=None
INFO:root:[window 2026-09-24T12:04:05Z] SecurePay n=    5 err=  0.00% p95=  313.0ms top=None
INFO:root:[window 2026-09-24T12:04:00Z] SecurePay n=    5 err=  0.00% p95=  313.0ms top=None
INFO:root:[window 2026-09-24T12:03:55Z] SecurePay n=    5 err=  0.00% p95=  313.0ms top=None
INFO:root:[window 2026-09-24T12:03:50Z] SecurePay n=    5 err=  0.00% p95=  313.0ms top=None
INFO:root:[window 2026-09-24T12:03:45Z] SecurePay n=    5 err=  0.00% p95=  313.0ms top=None
INFO:root:[window 2026-09-24T12:03:40Z] SecurePay n=    5 err=  0.00% p95=  313.0ms top=None
INFO:root:[window 2026-09-24T12:03:35Z] SecurePay n=    5 err=  0.00% p95=  313.0ms top=None
INFO:root:[window 2026-09-24T12:03:30Z] SecurePay n=    3 err=  0.00% p95=  313.0ms top=None
INFO:root:[window 2026-09-24T12:03:25Z] SecurePay n=    2 err=  0.00% p95=  269.9ms top=None
INFO:root:[window 2026-09-24T12:03:20Z] SecurePay n=    1 err=  0.00% p95=  269.9ms top=None
INFO:root:[window 2026-09-24T12:03:15Z] SecurePay n=    1 err=  0.00% p95=  269.9ms top=None
I0924 17:34:43.050546 9296227 ev_poll_posix.cc:587] FD from fork parent still in poll list: fd(7, generation: 1)
I0924 17:34:43.050642 9296227 ev_poll_posix.cc:587] FD from fork parent still in poll list: fd(3, generation: 1)
INFO:root:[window 2026-09-24T12:04:35Z] SecurePay n=    2 err=  0.00% p95=  241.6ms top=None
INFO:root:[window 2026-09-24T12:04:30Z] SecurePay n=    3 err=  0.00% p95=  343.7ms top=None
INFO:root:[window 2026-09-24T12:04:25Z] SecurePay n=    3 err=  0.00% p95=  343.7ms top=None
INFO:root:[window 2026-09-24T12:04:20Z] SecurePay n=    3 err=  0.00% p95=  343.7ms top=None
INFO:root:[window 2026-09-24T12:04:15Z] SecurePay n=    3 err=  0.00% p95=  343.7ms top=None
INFO:root:[window 2026-09-24T12:04:10Z] SecurePay n=    3 err=  0.00% p95=  343.7ms top=None
INFO:root:[window 2026-09-24T12:04:05Z] SecurePay n=    3 err=  0.00% p95=  343.7ms top=None
INFO:root:[window 2026-09-24T12:04:00Z] SecurePay n=    3 err=  0.00% p95=  343.7ms top=None
INFO:root:[window 2026-09-24T12:03:55Z] SecurePay n=    3 err=  0.00% p95=  343.7ms top=None
INFO:root:[window 2026-09-24T12:03:50Z] SecurePay n=    3 err=  0.00% p95=  343.7ms top=None
INFO:root:[window 2026-09-24T12:03:45Z] SecurePay n=    3 err=  0.00% p95=  343.7ms top=None
INFO:root:[window 2026-09-24T12:03:40Z] SecurePay n=    2 err=  0.00% p95=  241.6ms top=None
INFO:root:[window 2026-09-24T12:03:35Z] SecurePay n=    1 err=  0.00% p95=  343.7ms top=None
INFO:root:[window 2026-09-24T12:04:40Z] SecurePay n=    1 err=  0.00% p95=  494.3ms top=None
I0924 17:34:44.793045 9296396 ev_poll_posix.cc:587] FD from fork parent still in poll list: fd(7, generation: 1)
I0924 17:34:44.793088 9296396 ev_poll_posix.cc:587] FD from fork parent still in poll list: fd(3, generation: 1)
INFO:root:[window 2026-09-24T12:04:15Z] SecurePay n=    2 err=  0.00% p95=  304.1ms top=None
INFO:root:[window 2026-09-24T12:04:10Z] SecurePay n=    2 err=  0.00% p95=  304.1ms top=None
INFO:root:[window 2026-09-24T12:04:05Z] SecurePay n=    2 err=  0.00% p95=  304.1ms top=None
INFO:root:[window 2026-09-24T12:04:00Z] SecurePay n=    2 err=  0.00% p95=  304.1ms top=None
INFO:root:[window 2026-09-24T12:03:55Z] SecurePay n=    2 err=  0.00% p95=  304.1ms top=None
INFO:root:[window 2026-09-24T12:03:50Z] SecurePay n=    2 err=  0.00% p95=  304.1ms top=None
INFO:root:[window 2026-09-24T12:03:45Z] SecurePay n=    2 err=  0.00% p95=  304.1ms top=None
INFO:root:[window 2026-09-24T12:03:40Z] SecurePay n=    2 err=  0.00% p95=  304.1ms top=None
INFO:root:[window 2026-09-24T12:03:35Z] SecurePay n=    2 err=  0.00% p95=  304.1ms top=None
INFO:root:[window 2026-09-24T12:03:30Z] SecurePay n=    1 err=  0.00% p95=  304.1ms top=None
INFO:root:[window 2026-09-24T12:03:25Z] SecurePay n=    1 err=  0.00% p95=  304.1ms top=None
INFO:root:[window 2026-09-24T12:03:20Z] SecurePay n=    1 err=  0.00% p95=  304.1ms top=None
INFO:root:[window 2026-09-24T12:04:30Z] SecurePay n=    1 err=  0.00% p95=  322.1ms top=None
INFO:root:[window 2026-09-24T12:04:25Z] SecurePay n=    1 err=  0.00% p95=  322.1ms top=None
INFO:root:[window 2026-09-24T12:04:20Z] SecurePay n=    1 err=  0.00% p95=  322.1ms top=None
INFO:root:[window 2026-09-24T12:04:40Z] QuickPay  n=    1 err=  0.00% p95=  302.7ms top=None
INFO:root:[window 2026-09-24T12:04:35Z] QuickPay  n=    1 err=  0.00% p95=  302.7ms top=None
INFO:root:[window 2026-09-24T12:04:30Z] QuickPay  n=    1 err=  0.00% p95=  302.7ms top=None
INFO:root:[window 2026-09-24T12:04:25Z] QuickPay  n=    1 err=  0.00% p95=  302.7ms top=None
INFO:root:[window 2026-09-24T12:04:20Z] QuickPay  n=    1 err=  0.00% p95=  302.7ms top=None
INFO:root:[window 2026-09-24T12:04:15Z] QuickPay  n=    1 err=  0.00% p95=  302.7ms top=None
INFO:root:[window 2026-09-24T12:04:10Z] QuickPay  n=    1 err=  0.00% p95=  302.7ms top=None
INFO:root:[window 2026-09-24T12:04:05Z] QuickPay  n=    1 err=  0.00% p95=  302.7ms top=None
INFO:root:[window 2026-09-24T12:04:00Z] QuickPay  n=    1 err=  0.00% p95=  302.7ms top=None
INFO:root:[window 2026-09-24T12:03:55Z] QuickPay  n=    1 err=  0.00% p95=  302.7ms top=None
INFO:root:[window 2026-09-24T12:03:50Z] QuickPay  n=    1 err=  0.00% p95=  302.7ms top=None
INFO:root:[window 2026-09-24T12:03:45Z] QuickPay  n=    1 err=  0.00% p95=  302.7ms top=None
INFO:root:[window 2026-09-24T12:04:45Z] QuickPay  n= 1221 err=  1.64% p95=  436.8ms top=504_TIMEOUT
INFO:root:[window 2026-09-24T12:04:45Z] SecurePay n=10655 err=  0.55% p95=  432.7ms top=504_TIMEOUT
I0924 17:34:46.603480 9296608 ev_poll_posix.cc:587] FD from fork parent still in poll list: fd(7, generation: 1)
I0924 17:34:46.603525 9296608 ev_poll_posix.cc:587] FD from fork parent still in poll list: fd(3, generation: 1)
I0924 17:34:47.066334 9296722 ev_poll_posix.cc:587] FD from fork parent still in poll list: fd(7, generation: 1)
I0924 17:34:47.066386 9296722 ev_poll_posix.cc:587] FD from fork parent still in poll list: fd(3, generation: 1)
INFO:root:[window 2026-09-24T12:04:25Z] SecurePay n=    5 err=  0.00% p95=  299.8ms top=None
INFO:root:[window 2026-09-24T12:04:20Z] SecurePay n=    5 err=  0.00% p95=  299.8ms top=None
INFO:root:[window 2026-09-24T12:04:15Z] SecurePay n=    5 err=  0.00% p95=  299.8ms top=None
INFO:root:[window 2026-09-24T12:04:10Z] SecurePay n=    5 err=  0.00% p95=  299.8ms top=None
INFO:root:[window 2026-09-24T12:04:05Z] SecurePay n=    5 err=  0.00% p95=  299.8ms top=None
INFO:root:[window 2026-09-24T12:04:00Z] SecurePay n=    5 err=  0.00% p95=  299.8ms top=None
INFO:root:[window 2026-09-24T12:03:55Z] SecurePay n=    5 err=  0.00% p95=  299.8ms top=None
INFO:root:[window 2026-09-24T12:03:50Z] SecurePay n=    5 err=  0.00% p95=  299.8ms top=None
INFO:root:[window 2026-09-24T12:03:45Z] SecurePay n=    5 err=  0.00% p95=  299.8ms top=None
INFO:root:[window 2026-09-24T12:03:40Z] SecurePay n=    4 err=  0.00% p95=  299.8ms top=None
INFO:root:[window 2026-09-24T12:03:35Z] SecurePay n=    2 err=  0.00% p95=  248.1ms top=None
INFO:root:[window 2026-09-24T12:03:30Z] SecurePay n=    1 err=  0.00% p95=  299.8ms top=None
INFO:root:[window 2026-09-24T12:04:30Z] SecurePay n=    4 err=  0.00% p95=  275.5ms top=None
INFO:root:[window 2026-09-24T12:04:35Z] SecurePay n=    3 err=  0.00% p95=  275.5ms top=None
INFO:root:[window 2026-09-24T12:04:40Z] SecurePay n=    1 err=  0.00% p95=  275.5ms top=None
INFO:root:[window 2026-09-24T12:04:25Z] QuickPay  n=    1 err=  0.00% p95=  320.9ms top=None
INFO:root:[window 2026-09-24T12:04:20Z] QuickPay  n=    1 err=  0.00% p95=  320.9ms top=None
INFO:root:[window 2026-09-24T12:04:15Z] QuickPay  n=    1 err=  0.00% p95=  320.9ms top=None
INFO:root:[window 2026-09-24T12:04:10Z] QuickPay  n=    1 err=  0.00% p95=  320.9ms top=None
INFO:root:[window 2026-09-24T12:04:05Z] QuickPay  n=    1 err=  0.00% p95=  320.9ms top=None
INFO:root:[window 2026-09-24T12:04:00Z] QuickPay  n=    1 err=  0.00% p95=  320.9ms top=None
INFO:root:[window 2026-09-24T12:03:55Z] QuickPay  n=    1 err=  0.00% p95=  320.9ms top=None
INFO:root:[window 2026-09-24T12:03:50Z] QuickPay  n=    1 err=  0.00% p95=  320.9ms top=None
INFO:root:[window 2026-09-24T12:03:45Z] QuickPay  n=    1 err=  0.00% p95=  320.9ms top=None
INFO:root:[window 2026-09-24T12:03:40Z] QuickPay  n=    1 err=  0.00% p95=  320.9ms top=None
INFO:root:[window 2026-09-24T12:03:35Z] QuickPay  n=    1 err=  0.00% p95=  320.9ms top=None
INFO:root:[window 2026-09-24T12:03:30Z] QuickPay  n=    1 err=  0.00% p95=  320.9ms top=None
I0924 17:34:48.835114 9297174 ev_poll_posix.cc:587] FD from fork parent still in poll list: fd(7, generation: 1)
I0924 17:34:48.835172 9297174 ev_poll_posix.cc:587] FD from fork parent still in poll list: fd(3, generation: 1)
INFO:root:[window 2026-09-24T12:04:25Z] SecurePay n=    1 err=  0.00% p95=  208.3ms top=None
INFO:root:[window 2026-09-24T12:04:20Z] SecurePay n=    1 err=  0.00% p95=  208.3ms top=None
INFO:root:[window 2026-09-24T12:04:15Z] SecurePay n=    1 err=  0.00% p95=  208.3ms top=None
INFO:root:[window 2026-09-24T12:04:10Z] SecurePay n=    1 err=  0.00% p95=  208.3ms top=None
INFO:root:[window 2026-09-24T12:04:05Z] SecurePay n=    1 err=  0.00% p95=  208.3ms top=None
INFO:root:[window 2026-09-24T12:04:00Z] SecurePay n=    1 err=  0.00% p95=  208.3ms top=None
INFO:root:[window 2026-09-24T12:03:55Z] SecurePay n=    1 err=  0.00% p95=  208.3ms top=None
INFO:root:[window 2026-09-24T12:03:50Z] SecurePay n=    1 err=  0.00% p95=  208.3ms top=None
INFO:root:[window 2026-09-24T12:03:45Z] SecurePay n=    1 err=  0.00% p95=  208.3ms top=None
INFO:root:[window 2026-09-24T12:03:40Z] SecurePay n=    1 err=  0.00% p95=  208.3ms top=None
INFO:root:[window 2026-09-24T12:03:35Z] SecurePay n=    1 err=  0.00% p95=  208.3ms top=None
INFO:root:[window 2026-09-24T12:03:30Z] SecurePay n=    1 err=  0.00% p95=  208.3ms top=None
INFO:root:[window 2026-09-24T12:04:50Z] QuickPay  n= 1185 err=  1.77% p95=  435.5ms top=504_TIMEOUT
INFO:root:[window 2026-09-24T12:04:50Z] SecurePay n=10689 err=  0.58% p95=  434.0ms top=504_TIMEOUT
I0924 17:34:50.750913 9297402 ev_poll_posix.cc:587] FD from fork parent still in poll list: fd(7, generation: 1)
I0924 17:34:50.751001 9297402 ev_poll_posix.cc:587] FD from fork parent still in poll list: fd(3, generation: 1)
I0924 17:34:51.208570 9297526 ev_poll_posix.cc:587] FD from fork parent still in poll list: fd(7, generation: 1)
I0924 17:34:51.208621 9297526 ev_poll_posix.cc:587] FD from fork parent still in poll list: fd(3, generation: 1)
INFO:root:[window 2026-09-24T12:04:25Z] SecurePay n=    8 err=  0.00% p95=  333.1ms top=None
INFO:root:[window 2026-09-24T12:04:20Z] SecurePay n=    9 err=  0.00% p95=  333.1ms top=None
INFO:root:[window 2026-09-24T12:04:15Z] SecurePay n=    9 err=  0.00% p95=  333.1ms top=None
INFO:root:[window 2026-09-24T12:04:10Z] SecurePay n=    9 err=  0.00% p95=  333.1ms top=None
INFO:root:[window 2026-09-24T12:04:05Z] SecurePay n=    9 err=  0.00% p95=  333.1ms top=None
INFO:root:[window 2026-09-24T12:04:00Z] SecurePay n=    9 err=  0.00% p95=  333.1ms top=None
INFO:root:[window 2026-09-24T12:03:55Z] SecurePay n=    9 err=  0.00% p95=  333.1ms top=None
INFO:root:[window 2026-09-24T12:03:50Z] SecurePay n=    8 err=  0.00% p95=  333.1ms top=None
INFO:root:[window 2026-09-24T12:03:45Z] SecurePay n=    6 err=  0.00% p95=  333.1ms top=None
INFO:root:[window 2026-09-24T12:03:40Z] SecurePay n=    5 err=  0.00% p95=  310.4ms top=None
INFO:root:[window 2026-09-24T12:03:35Z] SecurePay n=    4 err=  0.00% p95=  310.4ms top=None
INFO:root:[window 2026-09-24T12:03:30Z] SecurePay n=    4 err=  0.00% p95=  310.4ms top=None
INFO:root:[window 2026-09-24T12:04:40Z] SecurePay n=    4 err=  0.00% p95=  294.7ms top=None
INFO:root:[window 2026-09-24T12:04:35Z] SecurePay n=    5 err=  0.00% p95=  294.7ms top=None
INFO:root:[window 2026-09-24T12:04:30Z] SecurePay n=    5 err=  0.00% p95=  294.7ms top=None
INFO:root:[window 2026-09-24T12:04:50Z] SecurePay n=    1 err=  0.00% p95=  294.7ms top=None
INFO:root:[window 2026-09-24T12:04:45Z] SecurePay n=    3 err=  0.00% p95=  243.2ms top=None
INFO:root:[window 2026-09-24T12:03:25Z] SecurePay n=    1 err=  0.00% p95=  266.9ms top=None
INFO:root:[window 2026-09-24T12:04:25Z] QuickPay  n=    2 err=  0.00% p95=  263.4ms top=None
INFO:root:[window 2026-09-24T12:04:20Z] QuickPay  n=    2 err=  0.00% p95=  263.4ms top=None
INFO:root:[window 2026-09-24T12:04:15Z] QuickPay  n=    2 err=  0.00% p95=  263.4ms top=None
INFO:root:[window 2026-09-24T12:04:10Z] QuickPay  n=    2 err=  0.00% p95=  263.4ms top=None
INFO:root:[window 2026-09-24T12:04:05Z] QuickPay  n=    2 err=  0.00% p95=  263.4ms top=None
INFO:root:[window 2026-09-24T12:04:00Z] QuickPay  n=    2 err=  0.00% p95=  263.4ms top=None
INFO:root:[window 2026-09-24T12:03:55Z] QuickPay  n=    2 err=  0.00% p95=  263.4ms top=None
INFO:root:[window 2026-09-24T12:03:50Z] QuickPay  n=    2 err=  0.00% p95=  263.4ms top=None
INFO:root:[window 2026-09-24T12:03:45Z] QuickPay  n=    2 err=  0.00% p95=  263.4ms top=None
INFO:root:[window 2026-09-24T12:03:40Z] QuickPay  n=    2 err=  0.00% p95=  263.4ms top=None
INFO:root:[window 2026-09-24T12:03:35Z] QuickPay  n=    2 err=  0.00% p95=  263.4ms top=None
INFO:root:[window 2026-09-24T12:03:30Z] QuickPay  n=    1 err=  0.00% p95=  472.7ms top=None
INFO:root:[window 2026-09-24T12:04:30Z] QuickPay  n=    1 err=  0.00% p95=  263.4ms top=None
I0924 17:34:53.321094 9297734 ev_poll_posix.cc:587] FD from fork parent still in poll list: fd(7, generation: 1)
I0924 17:34:53.321129 9297734 ev_poll_posix.cc:587] FD from fork parent still in poll list: fd(3, generation: 1)
INFO:root:[window 2026-09-24T12:04:25Z] QuickPay  n=    2 err=  0.00% p95=  257.1ms top=None
INFO:root:[window 2026-09-24T12:04:20Z] QuickPay  n=    2 err=  0.00% p95=  257.1ms top=None
INFO:root:[window 2026-09-24T12:04:15Z] QuickPay  n=    2 err=  0.00% p95=  257.1ms top=None
INFO:root:[window 2026-09-24T12:04:10Z] QuickPay  n=    2 err=  0.00% p95=  257.1ms top=None
INFO:root:[window 2026-09-24T12:04:05Z] QuickPay  n=    2 err=  0.00% p95=  257.1ms top=None
INFO:root:[window 2026-09-24T12:04:00Z] QuickPay  n=    2 err=  0.00% p95=  257.1ms top=None
INFO:root:[window 2026-09-24T12:03:55Z] QuickPay  n=    2 err=  0.00% p95=  257.1ms top=None
INFO:root:[window 2026-09-24T12:03:50Z] QuickPay  n=    2 err=  0.00% p95=  257.1ms top=None
INFO:root:[window 2026-09-24T12:03:45Z] QuickPay  n=    2 err=  0.00% p95=  257.1ms top=None
INFO:root:[window 2026-09-24T12:03:40Z] QuickPay  n=    1 err=  0.00% p95=  279.7ms top=None
INFO:root:[window 2026-09-24T12:03:35Z] QuickPay  n=    1 err=  0.00% p95=  279.7ms top=None
INFO:root:[window 2026-09-24T12:03:30Z] QuickPay  n=    1 err=  0.00% p95=  279.7ms top=None
INFO:root:[window 2026-09-24T12:04:40Z] QuickPay  n=    1 err=  0.00% p95=  257.1ms top=None
INFO:root:[window 2026-09-24T12:04:35Z] QuickPay  n=    1 err=  0.00% p95=  257.1ms top=None
INFO:root:[window 2026-09-24T12:04:30Z] QuickPay  n=    1 err=  0.00% p95=  257.1ms top=None
INFO:root:[window 2026-09-24T12:04:55Z] QuickPay  n= 1144 err=  1.75% p95=  438.3ms top=504_TIMEOUT
INFO:root:[window 2026-09-24T12:04:55Z] SecurePay n=10526 err=  0.55% p95=  433.7ms top=504_TIMEOUT
I0924 17:34:55.151940 9297927 ev_poll_posix.cc:587] FD from fork parent still in poll list: fd(7, generation: 1)
I0924 17:34:55.152068 9297927 ev_poll_posix.cc:587] FD from fork parent still in poll list: fd(3, generation: 1)
I0924 17:34:55.618503 9298046 ev_poll_posix.cc:587] FD from fork parent still in poll list: fd(7, generation: 1)
I0924 17:34:55.618551 9298046 ev_poll_posix.cc:587] FD from fork parent still in poll list: fd(3, generation: 1)
INFO:root:[window 2026-09-24T12:04:55Z] SecurePay n=  180 err=  0.56% p95=  426.8ms top=504_TIMEOUT
INFO:root:[window 2026-09-24T12:04:45Z] SecurePay n=    1 err=  0.00% p95=  356.1ms top=None
INFO:root:[window 2026-09-24T12:04:40Z] SecurePay n=    2 err=  0.00% p95=  267.7ms top=None
INFO:root:[window 2026-09-24T12:04:35Z] SecurePay n=    5 err=  0.00% p95=  367.1ms top=None
INFO:root:[window 2026-09-24T12:04:30Z] SecurePay n=    6 err=  0.00% p95=  367.1ms top=None
INFO:root:[window 2026-09-24T12:04:25Z] SecurePay n=    7 err=  0.00% p95=  373.6ms top=None
INFO:root:[window 2026-09-24T12:04:20Z] SecurePay n=    7 err=  0.00% p95=  373.6ms top=None
INFO:root:[window 2026-09-24T12:04:15Z] SecurePay n=    7 err=  0.00% p95=  373.6ms top=None
INFO:root:[window 2026-09-24T12:04:10Z] SecurePay n=    7 err=  0.00% p95=  373.6ms top=None
INFO:root:[window 2026-09-24T12:04:05Z] SecurePay n=    7 err=  0.00% p95=  373.6ms top=None
INFO:root:[window 2026-09-24T12:04:00Z] SecurePay n=    7 err=  0.00% p95=  373.6ms top=None
INFO:root:[window 2026-09-24T12:03:55Z] SecurePay n=    7 err=  0.00% p95=  373.6ms top=None
INFO:root:[window 2026-09-24T12:03:50Z] SecurePay n=    7 err=  0.00% p95=  373.6ms top=None
INFO:root:[window 2026-09-24T12:03:45Z] SecurePay n=    6 err=  0.00% p95=  373.6ms top=None
INFO:root:[window 2026-09-24T12:03:40Z] SecurePay n=    5 err=  0.00% p95=  373.6ms top=None
INFO:root:[window 2026-09-24T12:03:35Z] SecurePay n=    2 err=  0.00% p95=  133.5ms top=None
INFO:root:[window 2026-09-24T12:03:30Z] SecurePay n=    1 err=  0.00% p95=  373.6ms top=None
INFO:root:[window 2026-09-24T12:04:55Z] QuickPay  n=   16 err=  0.00% p95=  421.7ms top=None
I0924 17:34:57.483201 9298328 ev_poll_posix.cc:587] FD from fork parent still in poll list: fd(7, generation: 1)
I0924 17:34:57.483244 9298328 ev_poll_posix.cc:587] FD from fork parent still in poll list: fd(3, generation: 1)
INFO:root:[window 2026-09-24T12:04:50Z] SecurePay n=    2 err=  0.00% p95=  141.2ms top=None
INFO:root:[window 2026-09-24T12:04:45Z] SecurePay n=    3 err=  0.00% p95=  216.2ms top=None
INFO:root:[window 2026-09-24T12:04:40Z] SecurePay n=    4 err=  0.00% p95=  245.7ms top=None
INFO:root:[window 2026-09-24T12:04:35Z] SecurePay n=    4 err=  0.00% p95=  245.7ms top=None
INFO:root:[window 2026-09-24T12:04:30Z] SecurePay n=    6 err=  0.00% p95=  395.4ms top=None
INFO:root:[window 2026-09-24T12:04:25Z] SecurePay n=    7 err=  0.00% p95=  395.4ms top=None
INFO:root:[window 2026-09-24T12:04:20Z] SecurePay n=    7 err=  0.00% p95=  395.4ms top=None
INFO:root:[window 2026-09-24T12:04:15Z] SecurePay n=    7 err=  0.00% p95=  395.4ms top=None
INFO:root:[window 2026-09-24T12:04:10Z] SecurePay n=    7 err=  0.00% p95=  395.4ms top=None
INFO:root:[window 2026-09-24T12:04:05Z] SecurePay n=    7 err=  0.00% p95=  395.4ms top=None
INFO:root:[window 2026-09-24T12:04:00Z] SecurePay n=    7 err=  0.00% p95=  395.4ms top=None
INFO:root:[window 2026-09-24T12:03:55Z] SecurePay n=    7 err=  0.00% p95=  395.4ms top=None
INFO:root:[window 2026-09-24T12:03:50Z] SecurePay n=    5 err=  0.00% p95=  395.4ms top=None
INFO:root:[window 2026-09-24T12:03:45Z] SecurePay n=    4 err=  0.00% p95=  395.4ms top=None
INFO:root:[window 2026-09-24T12:03:40Z] SecurePay n=    3 err=  0.00% p95=  373.4ms top=None
INFO:root:[window 2026-09-24T12:03:35Z] SecurePay n=    3 err=  0.00% p95=  373.4ms top=None
INFO:root:[window 2026-09-24T12:03:30Z] SecurePay n=    1 err=  0.00% p95=  289.7ms top=None
INFO:root:[window 2026-09-24T12:04:55Z] QuickPay  n=    2 err=  0.00% p95=  321.3ms top=None
INFO:root:[window 2026-09-24T12:04:50Z] QuickPay  n=    2 err=  0.00% p95=  321.3ms top=None
INFO:root:[window 2026-09-24T12:04:45Z] QuickPay  n=    2 err=  0.00% p95=  321.3ms top=None
INFO:root:[window 2026-09-24T12:04:40Z] QuickPay  n=    2 err=  0.00% p95=  321.3ms top=None
INFO:root:[window 2026-09-24T12:04:35Z] QuickPay  n=    2 err=  0.00% p95=  321.3ms top=None
INFO:root:[window 2026-09-24T12:04:30Z] QuickPay  n=    2 err=  0.00% p95=  321.3ms top=None
INFO:root:[window 2026-09-24T12:04:25Z] QuickPay  n=    2 err=  0.00% p95=  321.3ms top=None
INFO:root:[window 2026-09-24T12:04:20Z] QuickPay  n=    2 err=  0.00% p95=  321.3ms top=None
INFO:root:[window 2026-09-24T12:04:15Z] QuickPay  n=    2 err=  0.00% p95=  321.3ms top=None
INFO:root:[window 2026-09-24T12:04:10Z] QuickPay  n=    2 err=  0.00% p95=  321.3ms top=None
INFO:root:[window 2026-09-24T12:04:05Z] QuickPay  n=    2 err=  0.00% p95=  321.3ms top=None
INFO:root:[window 2026-09-24T12:04:00Z] QuickPay  n=    2 err=  0.00% p95=  321.3ms top=None
I0924 17:34:59.431328 9298536 ev_poll_posix.cc:587] FD from fork parent still in poll list: fd(7, generation: 1)
I0924 17:34:59.431364 9298536 ev_poll_posix.cc:587] FD from fork parent still in poll list: fd(3, generation: 1)
INFO:root:[window 2026-09-24T12:04:30Z] SecurePay n=    5 err=  0.00% p95=  415.1ms top=None
INFO:root:[window 2026-09-24T12:04:25Z] SecurePay n=    5 err=  0.00% p95=  415.1ms top=None
INFO:root:[window 2026-09-24T12:04:20Z] SecurePay n=    5 err=  0.00% p95=  415.1ms top=None
INFO:root:[window 2026-09-24T12:04:15Z] SecurePay n=    5 err=  0.00% p95=  415.1ms top=None
INFO:root:[window 2026-09-24T12:04:10Z] SecurePay n=    5 err=  0.00% p95=  415.1ms top=None
INFO:root:[window 2026-09-24T12:04:05Z] SecurePay n=    5 err=  0.00% p95=  415.1ms top=None
INFO:root:[window 2026-09-24T12:04:00Z] SecurePay n=    5 err=  0.00% p95=  415.1ms top=None
INFO:root:[window 2026-09-24T12:03:55Z] SecurePay n=    5 err=  0.00% p95=  415.1ms top=None
INFO:root:[window 2026-09-24T12:03:50Z] SecurePay n=    4 err=  0.00% p95=  360.6ms top=None
INFO:root:[window 2026-09-24T12:03:45Z] SecurePay n=    2 err=  0.00% p95=  296.1ms top=None
INFO:root:[window 2026-09-24T12:03:40Z] SecurePay n=    2 err=  0.00% p95=  296.1ms top=None
INFO:root:[window 2026-09-24T12:03:35Z] SecurePay n=    2 err=  0.00% p95=  296.1ms top=None
INFO:root:[window 2026-09-24T12:04:50Z] SecurePay n=    1 err=  0.00% p95=  415.1ms top=None
INFO:root:[window 2026-09-24T12:04:45Z] SecurePay n=    3 err=  0.00% p95=  415.1ms top=None
INFO:root:[window 2026-09-24T12:04:40Z] SecurePay n=    3 err=  0.00% p95=  415.1ms top=None
INFO:root:[window 2026-09-24T12:04:35Z] SecurePay n=    3 err=  0.00% p95=  415.1ms top=None
INFO:root:[window 2026-09-24T12:05:00Z] QuickPay  n= 1167 err=  1.46% p95=  437.4ms top=504_TIMEOUT
INFO:root:[window 2026-09-24T12:05:00Z] SecurePay n=10696 err=  0.63% p95=  434.6ms top=504_TIMEOUT
I0924 17:35:01.477237 9298735 ev_poll_posix.cc:587] FD from fork parent still in poll list: fd(7, generation: 1)
I0924 17:35:01.477297 9298735 ev_poll_posix.cc:587] FD from fork parent still in poll list: fd(3, generation: 1)
I0924 17:35:01.951096 9298830 ev_poll_posix.cc:587] FD from fork parent still in poll list: fd(7, generation: 1)
I0924 17:35:01.951146 9298830 ev_poll_posix.cc:587] FD from fork parent still in poll list: fd(3, generation: 1)
INFO:root:[window 2026-09-24T12:04:55Z] SecurePay n=    2 err=  0.00% p95=  258.2ms top=None
INFO:root:[window 2026-09-24T12:04:50Z] SecurePay n=    3 err=  0.00% p95=  277.0ms top=None
INFO:root:[window 2026-09-24T12:04:45Z] SecurePay n=    4 err=  0.00% p95=  382.1ms top=None
INFO:root:[window 2026-09-24T12:04:40Z] SecurePay n=    4 err=  0.00% p95=  382.1ms top=None
INFO:root:[window 2026-09-24T12:04:35Z] SecurePay n=    6 err=  0.00% p95=  382.1ms top=None
INFO:root:[window 2026-09-24T12:04:30Z] SecurePay n=    6 err=  0.00% p95=  382.1ms top=None
INFO:root:[window 2026-09-24T12:04:25Z] SecurePay n=    6 err=  0.00% p95=  382.1ms top=None
INFO:root:[window 2026-09-24T12:04:20Z] SecurePay n=    6 err=  0.00% p95=  382.1ms top=None
INFO:root:[window 2026-09-24T12:04:15Z] SecurePay n=    6 err=  0.00% p95=  382.1ms top=None
INFO:root:[window 2026-09-24T12:04:10Z] SecurePay n=    6 err=  0.00% p95=  382.1ms top=None
INFO:root:[window 2026-09-24T12:04:05Z] SecurePay n=    6 err=  0.00% p95=  382.1ms top=None
INFO:root:[window 2026-09-24T12:04:00Z] SecurePay n=    6 err=  0.00% p95=  382.1ms top=None
INFO:root:[window 2026-09-24T12:03:55Z] SecurePay n=    4 err=  0.00% p95=  382.1ms top=None
INFO:root:[window 2026-09-24T12:03:50Z] SecurePay n=    3 err=  0.00% p95=  323.9ms top=None
INFO:root:[window 2026-09-24T12:03:45Z] SecurePay n=    2 err=  0.00% p95=  251.4ms top=None
INFO:root:[window 2026-09-24T12:03:40Z] SecurePay n=    2 err=  0.00% p95=  251.4ms top=None
INFO:root:[window 2026-09-24T12:04:30Z] QuickPay  n=    1 err=  0.00% p95=  269.1ms top=None
INFO:root:[window 2026-09-24T12:04:25Z] QuickPay  n=    1 err=  0.00% p95=  269.1ms top=None
INFO:root:[window 2026-09-24T12:04:20Z] QuickPay  n=    1 err=  0.00% p95=  269.1ms top=None
INFO:root:[window 2026-09-24T12:04:15Z] QuickPay  n=    1 err=  0.00% p95=  269.1ms top=None
INFO:root:[window 2026-09-24T12:04:10Z] QuickPay  n=    1 err=  0.00% p95=  269.1ms top=None
INFO:root:[window 2026-09-24T12:04:05Z] QuickPay  n=    1 err=  0.00% p95=  269.1ms top=None
INFO:root:[window 2026-09-24T12:04:00Z] QuickPay  n=    1 err=  0.00% p95=  269.1ms top=None
INFO:root:[window 2026-09-24T12:03:55Z] QuickPay  n=    1 err=  0.00% p95=  269.1ms top=None
INFO:root:[window 2026-09-24T12:03:50Z] QuickPay  n=    1 err=  0.00% p95=  269.1ms top=None
INFO:root:[window 2026-09-24T12:03:45Z] QuickPay  n=    1 err=  0.00% p95=  269.1ms top=None
INFO:root:[window 2026-09-24T12:03:40Z] QuickPay  n=    1 err=  0.00% p95=  269.1ms top=None
INFO:root:[window 2026-09-24T12:03:35Z] QuickPay  n=    1 err=  0.00% p95=  269.1ms top=None
I0924 17:35:04.122399 9299020 ev_poll_posix.cc:587] FD from fork parent still in poll list: fd(7, generation: 1)
I0924 17:35:04.122438 9299020 ev_poll_posix.cc:587] FD from fork parent still in poll list: fd(3, generation: 1)
INFO:root:[window 2026-09-24T12:04:50Z] SecurePay n=    6 err=  0.00% p95=  365.5ms top=None
INFO:root:[window 2026-09-24T12:04:45Z] SecurePay n=    7 err=  0.00% p95=  365.5ms top=None
INFO:root:[window 2026-09-24T12:04:40Z] SecurePay n=    7 err=  0.00% p95=  365.5ms top=None
INFO:root:[window 2026-09-24T12:04:35Z] SecurePay n=    7 err=  0.00% p95=  365.5ms top=None
INFO:root:[window 2026-09-24T12:04:30Z] SecurePay n=    7 err=  0.00% p95=  365.5ms top=None
INFO:root:[window 2026-09-24T12:04:25Z] SecurePay n=    7 err=  0.00% p95=  365.5ms top=None
INFO:root:[window 2026-09-24T12:04:20Z] SecurePay n=    7 err=  0.00% p95=  365.5ms top=None
INFO:root:[window 2026-09-24T12:04:15Z] SecurePay n=    7 err=  0.00% p95=  365.5ms top=None
INFO:root:[window 2026-09-24T12:04:10Z] SecurePay n=    7 err=  0.00% p95=  365.5ms top=None
INFO:root:[window 2026-09-24T12:04:05Z] SecurePay n=    7 err=  0.00% p95=  365.5ms top=None
INFO:root:[window 2026-09-24T12:04:00Z] SecurePay n=    6 err=  0.00% p95=  365.5ms top=None
INFO:root:[window 2026-09-24T12:03:55Z] SecurePay n=    5 err=  0.00% p95=  365.5ms top=None
INFO:root:[window 2026-09-24T12:03:50Z] SecurePay n=    1 err=  0.00% p95=  175.7ms top=None
INFO:root:[window 2026-09-24T12:04:55Z] SecurePay n=    2 err=  0.00% p95=  175.7ms top=None
INFO:root:[window 2026-09-24T12:05:00Z] SecurePay n=    1 err=  0.00% p95=  175.7ms top=None
INFO:root:[window 2026-09-24T12:05:05Z] QuickPay  n= 1156 err=  1.56% p95=  438.8ms top=504_TIMEOUT
INFO:root:[window 2026-09-24T12:05:05Z] SecurePay n=10710 err=  0.61% p95=  434.6ms top=504_TIMEOUT
I0924 17:35:06.288883 9299270 ev_poll_posix.cc:587] FD from fork parent still in poll list: fd(7, generation: 1)
I0924 17:35:06.288925 9299270 ev_poll_posix.cc:587] FD from fork parent still in poll list: fd(3, generation: 1)
I0924 17:35:06.872863 9299420 ev_poll_posix.cc:587] FD from fork parent still in poll list: fd(7, generation: 1)
I0924 17:35:06.872927 9299420 ev_poll_posix.cc:587] FD from fork parent still in poll list: fd(3, generation: 1)
INFO:root:[window 2026-09-24T12:05:00Z] SecurePay n=    1 err=  0.00% p95=  233.2ms top=None
INFO:root:[window 2026-09-24T12:04:55Z] SecurePay n=    1 err=  0.00% p95=  233.2ms top=None
INFO:root:[window 2026-09-24T12:04:50Z] SecurePay n=    2 err=  0.00% p95=  233.2ms top=None
INFO:root:[window 2026-09-24T12:04:45Z] SecurePay n=    2 err=  0.00% p95=  233.2ms top=None
INFO:root:[window 2026-09-24T12:04:40Z] SecurePay n=    3 err=  0.00% p95=  253.1ms top=None
INFO:root:[window 2026-09-24T12:04:35Z] SecurePay n=    3 err=  0.00% p95=  253.1ms top=None
INFO:root:[window 2026-09-24T12:04:30Z] SecurePay n=    3 err=  0.00% p95=  253.1ms top=None
INFO:root:[window 2026-09-24T12:04:25Z] SecurePay n=    3 err=  0.00% p95=  253.1ms top=None
INFO:root:[window 2026-09-24T12:04:20Z] SecurePay n=    3 err=  0.00% p95=  253.1ms top=None
INFO:root:[window 2026-09-24T12:04:15Z] SecurePay n=    3 err=  0.00% p95=  253.1ms top=None
INFO:root:[window 2026-09-24T12:04:10Z] SecurePay n=    3 err=  0.00% p95=  253.1ms top=None
INFO:root:[window 2026-09-24T12:04:05Z] SecurePay n=    3 err=  0.00% p95=  253.1ms top=None
INFO:root:[window 2026-09-24T12:04:00Z] SecurePay n=    2 err=  0.00% p95=  253.1ms top=None
INFO:root:[window 2026-09-24T12:03:55Z] SecurePay n=    2 err=  0.00% p95=  253.1ms top=None
INFO:root:[window 2026-09-24T12:03:50Z] SecurePay n=    1 err=  0.00% p95=  253.1ms top=None
INFO:root:[window 2026-09-24T12:03:45Z] SecurePay n=    1 err=  0.00% p95=  253.1ms top=None
I0924 17:35:09.035111 9299643 ev_poll_posix.cc:587] FD from fork parent still in poll list: fd(7, generation: 1)
I0924 17:35:09.035162 9299643 ev_poll_posix.cc:587] FD from fork parent still in poll list: fd(3, generation: 1)
INFO:root:[window 2026-09-24T12:04:40Z] SecurePay n=    4 err=  0.00% p95=  417.8ms top=None
INFO:root:[window 2026-09-24T12:04:35Z] SecurePay n=    4 err=  0.00% p95=  417.8ms top=None
INFO:root:[window 2026-09-24T12:04:30Z] SecurePay n=    4 err=  0.00% p95=  417.8ms top=None
INFO:root:[window 2026-09-24T12:04:25Z] SecurePay n=    4 err=  0.00% p95=  417.8ms top=None
INFO:root:[window 2026-09-24T12:04:20Z] SecurePay n=    4 err=  0.00% p95=  417.8ms top=None
INFO:root:[window 2026-09-24T12:04:15Z] SecurePay n=    4 err=  0.00% p95=  417.8ms top=None
INFO:root:[window 2026-09-24T12:04:10Z] SecurePay n=    4 err=  0.00% p95=  417.8ms top=None
INFO:root:[window 2026-09-24T12:04:05Z] SecurePay n=    4 err=  0.00% p95=  417.8ms top=None
INFO:root:[window 2026-09-24T12:04:00Z] SecurePay n=    4 err=  0.00% p95=  417.8ms top=None
INFO:root:[window 2026-09-24T12:03:55Z] SecurePay n=    3 err=  0.00% p95=  417.8ms top=None
INFO:root:[window 2026-09-24T12:03:50Z] SecurePay n=    2 err=  0.00% p95=  289.1ms top=None
INFO:root:[window 2026-09-24T12:03:45Z] SecurePay n=    2 err=  0.00% p95=  289.1ms top=None
INFO:root:[window 2026-09-24T12:04:50Z] SecurePay n=    2 err=  0.00% p95=  177.1ms top=None
INFO:root:[window 2026-09-24T12:04:45Z] SecurePay n=    2 err=  0.00% p95=  177.1ms top=None
INFO:root:[window 2026-09-24T12:04:55Z] SecurePay n=    1 err=  0.00% p95=  177.1ms top=None
INFO:root:[window 2026-09-24T12:05:00Z] QuickPay  n=    1 err=  0.00% p95=  369.4ms top=None
INFO:root:[window 2026-09-24T12:04:55Z] QuickPay  n=    1 err=  0.00% p95=  369.4ms top=None
INFO:root:[window 2026-09-24T12:04:50Z] QuickPay  n=    1 err=  0.00% p95=  369.4ms top=None
INFO:root:[window 2026-09-24T12:04:45Z] QuickPay  n=    1 err=  0.00% p95=  369.4ms top=None
INFO:root:[window 2026-09-24T12:04:40Z] QuickPay  n=    1 err=  0.00% p95=  369.4ms top=None
INFO:root:[window 2026-09-24T12:04:35Z] QuickPay  n=    1 err=  0.00% p95=  369.4ms top=None
INFO:root:[window 2026-09-24T12:04:30Z] QuickPay  n=    1 err=  0.00% p95=  369.4ms top=None
INFO:root:[window 2026-09-24T12:04:25Z] QuickPay  n=    1 err=  0.00% p95=  369.4ms top=None
INFO:root:[window 2026-09-24T12:04:20Z] QuickPay  n=    1 err=  0.00% p95=  369.4ms top=None
INFO:root:[window 2026-09-24T12:04:15Z] QuickPay  n=    1 err=  0.00% p95=  369.4ms top=None
INFO:root:[window 2026-09-24T12:04:10Z] QuickPay  n=    1 err=  0.00% p95=  369.4ms top=None
INFO:root:[window 2026-09-24T12:04:05Z] QuickPay  n=    1 err=  0.00% p95=  369.4ms top=None
INFO:root:[window 2026-09-24T12:05:10Z] QuickPay  n= 1153 err=  1.65% p95=  437.8ms top=504_TIMEOUT
INFO:root:[window 2026-09-24T12:05:10Z] SecurePay n=10712 err=  0.59% p95=  434.5ms top=504_TIMEOUT
I0924 17:35:11.127472 9299845 ev_poll_posix.cc:587] FD from fork parent still in poll list: fd(7, generation: 1)
I0924 17:35:11.127515 9299845 ev_poll_posix.cc:587] FD from fork parent still in poll list: fd(3, generation: 1)
I0924 17:35:11.572254 9299964 ev_poll_posix.cc:587] FD from fork parent still in poll list: fd(7, generation: 1)
I0924 17:35:11.572293 9299964 ev_poll_posix.cc:587] FD from fork parent still in poll list: fd(3, generation: 1)
INFO:root:[window 2026-09-24T12:05:00Z] SecurePay n=    1 err=  0.00% p95=  176.8ms top=None
INFO:root:[window 2026-09-24T12:04:55Z] SecurePay n=    1 err=  0.00% p95=  176.8ms top=None
INFO:root:[window 2026-09-24T12:04:50Z] SecurePay n=    1 err=  0.00% p95=  176.8ms top=None
INFO:root:[window 2026-09-24T12:04:45Z] SecurePay n=    2 err=  0.00% p95=  176.8ms top=None
INFO:root:[window 2026-09-24T12:04:40Z] SecurePay n=    2 err=  0.00% p95=  176.8ms top=None
INFO:root:[window 2026-09-24T12:04:35Z] SecurePay n=    2 err=  0.00% p95=  176.8ms top=None
INFO:root:[window 2026-09-24T12:04:30Z] SecurePay n=    2 err=  0.00% p95=  176.8ms top=None
INFO:root:[window 2026-09-24T12:04:25Z] SecurePay n=    2 err=  0.00% p95=  176.8ms top=None
INFO:root:[window 2026-09-24T12:04:20Z] SecurePay n=    2 err=  0.00% p95=  176.8ms top=None
INFO:root:[window 2026-09-24T12:04:15Z] SecurePay n=    2 err=  0.00% p95=  176.8ms top=None
INFO:root:[window 2026-09-24T12:04:10Z] SecurePay n=    2 err=  0.00% p95=  176.8ms top=None
INFO:root:[window 2026-09-24T12:04:05Z] SecurePay n=    2 err=  0.00% p95=  176.8ms top=None
INFO:root:[window 2026-09-24T12:04:00Z] SecurePay n=    1 err=  0.00% p95=  403.0ms top=None
INFO:root:[window 2026-09-24T12:03:55Z] SecurePay n=    1 err=  0.00% p95=  403.0ms top=None
INFO:root:[window 2026-09-24T12:03:50Z] SecurePay n=    1 err=  0.00% p95=  403.0ms top=None
INFO:root:[window 2026-09-24T12:05:05Z] QuickPay  n=    1 err=  0.00% p95=  322.5ms top=None
INFO:root:[window 2026-09-24T12:05:00Z] QuickPay  n=    1 err=  0.00% p95=  322.5ms top=None
INFO:root:[window 2026-09-24T12:04:55Z] QuickPay  n=    1 err=  0.00% p95=  322.5ms top=None
INFO:root:[window 2026-09-24T12:04:50Z] QuickPay  n=    1 err=  0.00% p95=  322.5ms top=None
INFO:root:[window 2026-09-24T12:04:45Z] QuickPay  n=    1 err=  0.00% p95=  322.5ms top=None
INFO:root:[window 2026-09-24T12:04:40Z] QuickPay  n=    1 err=  0.00% p95=  322.5ms top=None
INFO:root:[window 2026-09-24T12:04:35Z] QuickPay  n=    1 err=  0.00% p95=  322.5ms top=None
INFO:root:[window 2026-09-24T12:04:30Z] QuickPay  n=    1 err=  0.00% p95=  322.5ms top=None
INFO:root:[window 2026-09-24T12:04:25Z] QuickPay  n=    1 err=  0.00% p95=  322.5ms top=None
INFO:root:[window 2026-09-24T12:04:20Z] QuickPay  n=    1 err=  0.00% p95=  322.5ms top=None
INFO:root:[window 2026-09-24T12:04:15Z] QuickPay  n=    1 err=  0.00% p95=  322.5ms top=None
INFO:root:[window 2026-09-24T12:04:10Z] QuickPay  n=    1 err=  0.00% p95=  322.5ms top=None
I0924 17:35:12.850283 9300119 ev_poll_posix.cc:587] FD from fork parent still in poll list: fd(7, generation: 1)
I0924 17:35:12.850333 9300119 ev_poll_posix.cc:587] FD from fork parent still in poll list: fd(3, generation: 1)
INFO:root:[window 2026-09-24T12:04:40Z] SecurePay n=    5 err=  0.00% p95=  354.8ms top=None
INFO:root:[window 2026-09-24T12:04:35Z] SecurePay n=    5 err=  0.00% p95=  354.8ms top=None
INFO:root:[window 2026-09-24T12:04:30Z] SecurePay n=    5 err=  0.00% p95=  354.8ms top=None
INFO:root:[window 2026-09-24T12:04:25Z] SecurePay n=    5 err=  0.00% p95=  354.8ms top=None
INFO:root:[window 2026-09-24T12:04:20Z] SecurePay n=    5 err=  0.00% p95=  354.8ms top=None
INFO:root:[window 2026-09-24T12:04:15Z] SecurePay n=    5 err=  0.00% p95=  354.8ms top=None
INFO:root:[window 2026-09-24T12:04:10Z] SecurePay n=    4 err=  0.00% p95=  354.8ms top=None
INFO:root:[window 2026-09-24T12:04:05Z] SecurePay n=    4 err=  0.00% p95=  354.8ms top=None
INFO:root:[window 2026-09-24T12:04:00Z] SecurePay n=    4 err=  0.00% p95=  354.8ms top=None
INFO:root:[window 2026-09-24T12:03:55Z] SecurePay n=    3 err=  0.00% p95=  222.9ms top=None
INFO:root:[window 2026-09-24T12:03:50Z] SecurePay n=    2 err=  0.00% p95=  220.2ms top=None
INFO:root:[window 2026-09-24T12:03:45Z] SecurePay n=    1 err=  0.00% p95=  220.2ms top=None
INFO:root:[window 2026-09-24T12:05:10Z] SecurePay n=    1 err=  0.00% p95=  315.4ms top=None
INFO:root:[window 2026-09-24T12:05:05Z] SecurePay n=    1 err=  0.00% p95=  315.4ms top=None
INFO:root:[window 2026-09-24T12:05:00Z] SecurePay n=    1 err=  0.00% p95=  315.4ms top=None
INFO:root:[window 2026-09-24T12:04:55Z] SecurePay n=    2 err=  0.00% p95=  315.4ms top=None
INFO:root:[window 2026-09-24T12:04:50Z] SecurePay n=    3 err=  0.00% p95=  315.4ms top=None
INFO:root:[window 2026-09-24T12:04:45Z] SecurePay n=    4 err=  0.00% p95=  354.8ms top=None
I0924 17:35:15.017088 9300327 ev_poll_posix.cc:587] FD from fork parent still in poll list: fd(7, generation: 1)
I0924 17:35:15.017134 9300327 ev_poll_posix.cc:587] FD from fork parent still in poll list: fd(3, generation: 1)
INFO:root:[window 2026-09-24T12:05:15Z] QuickPay  n= 1144 err=  1.66% p95=  436.6ms top=504_TIMEOUT
INFO:root:[window 2026-09-24T12:05:15Z] SecurePay n=10722 err=  0.56% p95=  434.0ms top=504_TIMEOUT
I0924 17:35:17.128949 9300542 ev_poll_posix.cc:587] FD from fork parent still in poll list: fd(7, generation: 1)
I0924 17:35:17.128994 9300542 ev_poll_posix.cc:587] FD from fork parent still in poll list: fd(3, generation: 1)
INFO:root:[window 2026-09-24T12:04:50Z] SecurePay n=    1 err=  0.00% p95=  184.1ms top=None
INFO:root:[window 2026-09-24T12:04:45Z] SecurePay n=    1 err=  0.00% p95=  184.1ms top=None
INFO:root:[window 2026-09-24T12:04:40Z] SecurePay n=    1 err=  0.00% p95=  184.1ms top=None
INFO:root:[window 2026-09-24T12:04:35Z] SecurePay n=    1 err=  0.00% p95=  184.1ms top=None
INFO:root:[window 2026-09-24T12:04:30Z] SecurePay n=    1 err=  0.00% p95=  184.1ms top=None
INFO:root:[window 2026-09-24T12:04:25Z] SecurePay n=    1 err=  0.00% p95=  184.1ms top=None
INFO:root:[window 2026-09-24T12:04:20Z] SecurePay n=    1 err=  0.00% p95=  184.1ms top=None
INFO:root:[window 2026-09-24T12:04:15Z] SecurePay n=    1 err=  0.00% p95=  184.1ms top=None
INFO:root:[window 2026-09-24T12:04:10Z] SecurePay n=    1 err=  0.00% p95=  184.1ms top=None
INFO:root:[window 2026-09-24T12:04:05Z] SecurePay n=    1 err=  0.00% p95=  184.1ms top=None
INFO:root:[window 2026-09-24T12:04:00Z] SecurePay n=    1 err=  0.00% p95=  184.1ms top=None
INFO:root:[window 2026-09-24T12:03:55Z] SecurePay n=    1 err=  0.00% p95=  184.1ms top=None
INFO:root:[window 2026-09-24T12:05:05Z] SecurePay n=    1 err=  0.00% p95=  347.1ms top=None
INFO:root:[window 2026-09-24T12:05:00Z] SecurePay n=    1 err=  0.00% p95=  347.1ms top=None
INFO:root:[window 2026-09-24T12:04:55Z] SecurePay n=    1 err=  0.00% p95=  347.1ms top=None
INFO:root:[window 2026-09-24T12:04:50Z] SecurePay n=    1 err=  0.00% p95=  347.1ms top=None
INFO:root:[window 2026-09-24T12:04:45Z] SecurePay n=    1 err=  0.00% p95=  347.1ms top=None
INFO:root:[window 2026-09-24T12:04:40Z] SecurePay n=    1 err=  0.00% p95=  347.1ms top=None
INFO:root:[window 2026-09-24T12:04:35Z] SecurePay n=    1 err=  0.00% p95=  347.1ms top=None
INFO:root:[window 2026-09-24T12:04:30Z] SecurePay n=    1 err=  0.00% p95=  347.1ms top=None
INFO:root:[window 2026-09-24T12:04:25Z] SecurePay n=    1 err=  0.00% p95=  347.1ms top=None
INFO:root:[window 2026-09-24T12:04:20Z] SecurePay n=    1 err=  0.00% p95=  347.1ms top=None
INFO:root:[window 2026-09-24T12:04:15Z] SecurePay n=    1 err=  0.00% p95=  347.1ms top=None
INFO:root:[window 2026-09-24T12:04:10Z] SecurePay n=    1 err=  0.00% p95=  347.1ms top=None
INFO:root:[window 2026-09-24T12:04:50Z] QuickPay  n=    1 err=  0.00% p95=  338.8ms top=None
INFO:root:[window 2026-09-24T12:04:45Z] QuickPay  n=    1 err=  0.00% p95=  338.8ms top=None
INFO:root:[window 2026-09-24T12:04:40Z] QuickPay  n=    1 err=  0.00% p95=  338.8ms top=None
INFO:root:[window 2026-09-24T12:04:35Z] QuickPay  n=    1 err=  0.00% p95=  338.8ms top=None
INFO:root:[window 2026-09-24T12:04:30Z] QuickPay  n=    1 err=  0.00% p95=  338.8ms top=None
INFO:root:[window 2026-09-24T12:04:25Z] QuickPay  n=    1 err=  0.00% p95=  338.8ms top=None
INFO:root:[window 2026-09-24T12:04:20Z] QuickPay  n=    1 err=  0.00% p95=  338.8ms top=None
INFO:root:[window 2026-09-24T12:04:15Z] QuickPay  n=    1 err=  0.00% p95=  338.8ms top=None
INFO:root:[window 2026-09-24T12:04:10Z] QuickPay  n=    1 err=  0.00% p95=  338.8ms top=None
INFO:root:[window 2026-09-24T12:04:05Z] QuickPay  n=    1 err=  0.00% p95=  338.8ms top=None
INFO:root:[window 2026-09-24T12:04:00Z] QuickPay  n=    1 err=  0.00% p95=  338.8ms top=None
INFO:root:[window 2026-09-24T12:03:55Z] QuickPay  n=    1 err=  0.00% p95=  338.8ms top=None
INFO:root:[window 2026-09-24T12:05:20Z] QuickPay  n= 1131 err=  1.59% p95=  436.6ms top=504_TIMEOUT
INFO:root:[window 2026-09-24T12:05:20Z] SecurePay n=10738 err=  0.61% p95=  434.0ms top=504_TIMEOUT
I0924 17:35:21.266186 9301161 ev_poll_posix.cc:587] FD from fork parent still in poll list: fd(7, generation: 1)
I0924 17:35:21.267169 9301161 ev_poll_posix.cc:587] FD from fork parent still in poll list: fd(3, generation: 1)
I0924 17:35:21.799322 9301301 ev_poll_posix.cc:587] FD from fork parent still in poll list: fd(7, generation: 1)
I0924 17:35:21.799371 9301301 ev_poll_posix.cc:587] FD from fork parent still in poll list: fd(3, generation: 1)
INFO:root:[window 2026-09-24T12:05:15Z] SecurePay n=    1 err=  0.00% p95=  202.5ms top=None
INFO:root:[window 2026-09-24T12:05:10Z] SecurePay n=    1 err=  0.00% p95=  202.5ms top=None
INFO:root:[window 2026-09-24T12:05:05Z] SecurePay n=    2 err=  0.00% p95=  202.5ms top=None
INFO:root:[window 2026-09-24T12:05:00Z] SecurePay n=    3 err=  0.00% p95=  278.0ms top=None
INFO:root:[window 2026-09-24T12:04:55Z] SecurePay n=    3 err=  0.00% p95=  278.0ms top=None
INFO:root:[window 2026-09-24T12:04:50Z] SecurePay n=    3 err=  0.00% p95=  278.0ms top=None
INFO:root:[window 2026-09-24T12:04:45Z] SecurePay n=    3 err=  0.00% p95=  278.0ms top=None
INFO:root:[window 2026-09-24T12:04:40Z] SecurePay n=    3 err=  0.00% p95=  278.0ms top=None
INFO:root:[window 2026-09-24T12:04:35Z] SecurePay n=    3 err=  0.00% p95=  278.0ms top=None
INFO:root:[window 2026-09-24T12:04:30Z] SecurePay n=    3 err=  0.00% p95=  278.0ms top=None
INFO:root:[window 2026-09-24T12:04:25Z] SecurePay n=    3 err=  0.00% p95=  278.0ms top=None
INFO:root:[window 2026-09-24T12:04:20Z] SecurePay n=    3 err=  0.00% p95=  278.0ms top=None
INFO:root:[window 2026-09-24T12:04:15Z] SecurePay n=    2 err=  0.00% p95=  278.0ms top=None
INFO:root:[window 2026-09-24T12:04:10Z] SecurePay n=    2 err=  0.00% p95=  278.0ms top=None
INFO:root:[window 2026-09-24T12:04:05Z] SecurePay n=    1 err=  0.00% p95=  356.8ms top=None
INFO:root:[window 2026-09-24T12:05:10Z] QuickPay  n=    1 err=  0.00% p95=  223.8ms top=None
INFO:root:[window 2026-09-24T12:05:05Z] QuickPay  n=    1 err=  0.00% p95=  223.8ms top=None
INFO:root:[window 2026-09-24T12:05:00Z] QuickPay  n=    1 err=  0.00% p95=  223.8ms top=None
INFO:root:[window 2026-09-24T12:04:55Z] QuickPay  n=    1 err=  0.00% p95=  223.8ms top=None
INFO:root:[window 2026-09-24T12:04:50Z] QuickPay  n=    1 err=  0.00% p95=  223.8ms top=None
INFO:root:[window 2026-09-24T12:04:45Z] QuickPay  n=    1 err=  0.00% p95=  223.8ms top=None
INFO:root:[window 2026-09-24T12:04:40Z] QuickPay  n=    1 err=  0.00% p95=  223.8ms top=None
INFO:root:[window 2026-09-24T12:04:35Z] QuickPay  n=    1 err=  0.00% p95=  223.8ms top=None
INFO:root:[window 2026-09-24T12:04:30Z] QuickPay  n=    1 err=  0.00% p95=  223.8ms top=None
INFO:root:[window 2026-09-24T12:04:25Z] QuickPay  n=    1 err=  0.00% p95=  223.8ms top=None
INFO:root:[window 2026-09-24T12:04:20Z] QuickPay  n=    1 err=  0.00% p95=  223.8ms top=None
INFO:root:[window 2026-09-24T12:04:15Z] QuickPay  n=    1 err=  0.00% p95=  223.8ms top=None
I0924 17:35:23.126364 9301448 ev_poll_posix.cc:587] FD from fork parent still in poll list: fd(7, generation: 1)
I0924 17:35:23.126418 9301448 ev_poll_posix.cc:587] FD from fork parent still in poll list: fd(3, generation: 1)
INFO:root:[window 2026-09-24T12:05:15Z] SecurePay n=    1 err=  0.00% p95=  327.7ms top=None
INFO:root:[window 2026-09-24T12:05:10Z] SecurePay n=    1 err=  0.00% p95=  327.7ms top=None
INFO:root:[window 2026-09-24T12:05:05Z] SecurePay n=    1 err=  0.00% p95=  327.7ms top=None
INFO:root:[window 2026-09-24T12:05:00Z] SecurePay n=    2 err=  0.00% p95=  327.7ms top=None
INFO:root:[window 2026-09-24T12:04:55Z] SecurePay n=    2 err=  0.00% p95=  327.7ms top=None
INFO:root:[window 2026-09-24T12:04:50Z] SecurePay n=    3 err=  0.00% p95=  327.7ms top=None
INFO:root:[window 2026-09-24T12:04:45Z] SecurePay n=    3 err=  0.00% p95=  327.7ms top=None
INFO:root:[window 2026-09-24T12:04:40Z] SecurePay n=    3 err=  0.00% p95=  327.7ms top=None
INFO:root:[window 2026-09-24T12:04:35Z] SecurePay n=    3 err=  0.00% p95=  327.7ms top=None
INFO:root:[window 2026-09-24T12:04:30Z] SecurePay n=    3 err=  0.00% p95=  327.7ms top=None
INFO:root:[window 2026-09-24T12:04:25Z] SecurePay n=    3 err=  0.00% p95=  327.7ms top=None
INFO:root:[window 2026-09-24T12:04:20Z] SecurePay n=    3 err=  0.00% p95=  327.7ms top=None
INFO:root:[window 2026-09-24T12:04:15Z] SecurePay n=    2 err=  0.00% p95=  191.5ms top=None
INFO:root:[window 2026-09-24T12:04:10Z] SecurePay n=    2 err=  0.00% p95=  191.5ms top=None
INFO:root:[window 2026-09-24T12:04:05Z] SecurePay n=    2 err=  0.00% p95=  191.5ms top=None
INFO:root:[window 2026-09-24T12:04:00Z] SecurePay n=    1 err=  0.00% p95=  191.5ms top=None
INFO:root:[window 2026-09-24T12:03:55Z] SecurePay n=    1 err=  0.00% p95=  191.5ms top=None
I0924 17:35:24.506758 9301633 ev_poll_posix.cc:587] FD from fork parent still in poll list: fd(7, generation: 1)
I0924 17:35:24.506987 9301633 ev_poll_posix.cc:587] FD from fork parent still in poll list: fd(3, generation: 1)
INFO:root:[window 2026-09-24T12:05:25Z] QuickPay  n= 1079 err=  1.58% p95=  436.6ms top=504_TIMEOUT
INFO:root:[window 2026-09-24T12:05:25Z] SecurePay n=10397 err=  0.65% p95=  436.0ms top=504_TIMEOUT
INFO:root:[window 2026-09-24T12:05:30Z] QuickPay  n=  981 err=  1.43% p95=  436.6ms top=504_TIMEOUT
INFO:root:[window 2026-09-24T12:05:30Z] SecurePay n= 9505 err=  0.69% p95=  436.5ms top=504_TIMEOUT
INFO:root:[window 2026-09-24T12:05:35Z] QuickPay  n=  893 err=  1.46% p95=  436.6ms top=504_TIMEOUT
INFO:root:[window 2026-09-24T12:05:35Z] SecurePay n= 8605 err=  0.65% p95=  435.3ms top=504_TIMEOUT
INFO:root:[window 2026-09-24T12:05:40Z] QuickPay  n=  791 err=  1.39% p95=  435.4ms top=504_TIMEOUT
INFO:root:[window 2026-09-24T12:05:40Z] SecurePay n= 7717 err=  0.66% p95=  435.4ms top=504_TIMEOUT
I0924 17:35:44.465505 9302725 ev_poll_posix.cc:587] FD from fork parent still in poll list: fd(7, generation: 1)
I0924 17:35:44.465555 9302725 ev_poll_posix.cc:587] FD from fork parent still in poll list: fd(3, generation: 1)
INFO:root:[window 2026-09-24T12:05:45Z] QuickPay  n=  694 err=  1.30% p95=  438.4ms top=504_TIMEOUT
INFO:root:[window 2026-09-24T12:05:45Z] SecurePay n= 6825 err=  0.67% p95=  434.7ms top=504_TIMEOUT
INFO:root:[window 2026-09-24T12:05:50Z] QuickPay  n=  611 err=  1.31% p95=  437.8ms top=504_TIMEOUT
INFO:root:[window 2026-09-24T12:05:50Z] SecurePay n= 5915 err=  0.68% p95=  435.3ms top=504_TIMEOUT
INFO:root:[window 2026-09-24T12:05:55Z] QuickPay  n=  528 err=  1.33% p95=  432.2ms top=504_TIMEOUT
INFO:root:[window 2026-09-24T12:05:55Z] SecurePay n= 5015 err=  0.72% p95=  436.5ms top=504_TIMEOUT
INFO:root:[window 2026-09-24T12:06:00Z] QuickPay  n=  429 err=  1.63% p95=  435.4ms top=504_TIMEOUT
INFO:root:[window 2026-09-24T12:06:00Z] SecurePay n= 4128 err=  0.68% p95=  436.5ms top=504_TIMEOUT
I0924 17:36:07.495390 9304381 ev_poll_posix.cc:587] FD from fork parent still in poll list: fd(7, generation: 1)
I0924 17:36:07.495652 9304381 ev_poll_posix.cc:587] FD from fork parent still in poll list: fd(3, generation: 1)
INFO:root:[window 2026-09-24T12:06:05Z] QuickPay  n=  324 err=  1.54% p95=  424.1ms top=504_TIMEOUT
INFO:root:[window 2026-09-24T12:06:05Z] SecurePay n= 3246 err=  0.74% p95=  437.1ms top=504_TIMEOUT
INFO:root:[window 2026-09-24T12:06:10Z] QuickPay  n=  222 err=  1.35% p95=  424.7ms top=504_TIMEOUT
INFO:root:[window 2026-09-24T12:06:10Z] SecurePay n= 2360 err=  0.72% p95=  436.6ms top=504_TIMEOUT
INFO:root:[window 2026-09-24T12:06:15Z] QuickPay  n=  137 err=  1.46% p95=  432.2ms top=504_TIMEOUT
INFO:root:[window 2026-09-24T12:06:15Z] SecurePay n= 1453 err=  0.89% p95=  438.0ms top=504_TIMEOUT
INFO:root:[window 2026-09-24T12:06:20Z] QuickPay  n=   45 err=  0.00% p95=  414.6ms top=None
INFO:root:[window 2026-09-24T12:06:20Z] SecurePay n=  548 err=  0.91% p95=  445.9ms top=502_BAD_GATEWAY
I0924 17:36:26.509698 9305591 ev_poll_posix.cc:587] FD from fork parent still in poll list: fd(7, generation: 1)
I0924 17:36:26.509859 9305591 ev_poll_posix.cc:587] FD from fork parent still in poll list: fd(3, generation: 1)
