[1;36mPublishing ~[0m[1;36m200[0m[1;36m events/s to payment-events[0m
t+   0s  FastPay: [1;36m125[0m [1m([0m [1;36m0.0[0m%[1m)[0m  SecurePay:  [1;36m57[0m [1m([0m [1;36m1.8[0m%[1m)[0m  QuickPay:  [1;36m18[0m [1m([0m [1;36m0.0[0m%[1m)[0m  |  checkout failures [32m  [0m[1;32m0.5[0m[32m%[0m
t+   1s  FastPay: [1;36m118[0m [1m([0m [1;36m1.7[0m%[1m)[0m  SecurePay:  [1;36m61[0m [1m([0m [1;36m0.0[0m%[1m)[0m  QuickPay:  [1;36m21[0m [1m([0m [1;36m0.0[0m%[1m)[0m  |  checkout failures [32m  [0m[1;32m1.0[0m[32m%[0m
t+   2s  FastPay: [1;36m119[0m [1m([0m [1;36m0.0[0m%[1m)[0m  SecurePay:  [1;36m63[0m [1m([0m [1;36m0.0[0m%[1m)[0m  QuickPay:  [1;36m18[0m [1m([0m [1;36m0.0[0m%[1m)[0m  |  checkout failures [32m  [0m[1;32m0.0[0m[32m%[0m
t+   3s  FastPay: [1;36m131[0m [1m([0m [1;36m0.8[0m%[1m)[0m  SecurePay:  [1;36m53[0m [1m([0m [1;36m0.0[0m%[1m)[0m  QuickPay:  [1;36m16[0m [1m([0m [1;36m6.2[0m%[1m)[0m  |  checkout failures [32m  [0m[1;32m1.0[0m[32m%[0m
t+   4s  FastPay: [1;36m126[0m [1m([0m [1;36m0.0[0m%[1m)[0m  SecurePay:  [1;36m55[0m [1m([0m [1;36m0.0[0m%[1m)[0m  QuickPay:  [1;36m19[0m [1m([0m [1;36m0.0[0m%[1m)[0m  |  checkout failures [32m  [0m[1;32m0.0[0m[32m%[0m
t+   5s  FastPay: [1;36m125[0m [1m([0m [1;36m0.8[0m%[1m)[0m  SecurePay:  [1;36m54[0m [1m([0m [1;36m0.0[0m%[1m)[0m  QuickPay:  [1;36m21[0m [1m([0m [1;36m0.0[0m%[1m)[0m  |  checkout failures [32m  [0m[1;32m0.5[0m[32m%[0m
t+   6s  FastPay: [1;36m116[0m [1m([0m [1;36m0.0[0m%[1m)[0m  SecurePay:  [1;36m59[0m [1m([0m [1;36m0.0[0m%[1m)[0m  QuickPay:  [1;36m25[0m [1m([0m [1;36m0.0[0m%[1m)[0m  |  checkout failures [32m  [0m[1;32m0.0[0m[32m%[0m
t+   7s  FastPay: [1;36m125[0m [1m([0m [1;36m1.6[0m%[1m)[0m  SecurePay:  [1;36m50[0m [1m([0m [1;36m0.0[0m%[1m)[0m  QuickPay:  [1;36m25[0m [1m([0m [1;36m4.0[0m%[1m)[0m  |  checkout failures [32m  [0m[1;32m1.5[0m[32m%[0m
t+   8s  FastPay: [1;36m123[0m [1m([0m [1;36m0.0[0m%[1m)[0m  SecurePay:  [1;36m54[0m [1m([0m [1;36m0.0[0m%[1m)[0m  QuickPay:  [1;36m23[0m [1m([0m [1;36m4.3[0m%[1m)[0m  |  checkout failures [32m  [0m[1;32m0.5[0m[32m%[0m
t+   9s  FastPay: [1;36m108[0m [1m([0m [1;36m0.9[0m%[1m)[0m  SecurePay:  [1;36m71[0m [1m([0m [1;36m0.0[0m%[1m)[0m  QuickPay:  [1;36m21[0m [1m([0m [1;36m0.0[0m%[1m)[0m  |  checkout failures [32m  [0m[1;32m0.5[0m[32m%[0m
t+  10s  FastPay: [1;36m130[0m [1m([0m [1;36m2.3[0m%[1m)[0m  SecurePay:  [1;36m55[0m [1m([0m [1;36m0.0[0m%[1m)[0m  QuickPay:  [1;36m15[0m [1m([0m [1;36m0.0[0m%[1m)[0m  |  checkout failures [32m  [0m[1;32m1.5[0m[32m%[0m
t+  11s  FastPay: [1;36m117[0m [1m([0m [1;36m0.9[0m%[1m)[0m  SecurePay:  [1;36m62[0m [1m([0m [1;36m0.0[0m%[1m)[0m  QuickPay:  [1;36m21[0m [1m([0m [1;36m0.0[0m%[1m)[0m  |  checkout failures [32m  [0m[1;32m0.5[0m[32m%[0m
t+  12s  FastPay: [1;36m129[0m [1m([0m [1;36m2.3[0m%[1m)[0m  SecurePay:  [1;36m60[0m [1m([0m [1;36m0.0[0m%[1m)[0m  QuickPay:  [1;36m11[0m [1m([0m [1;36m9.1[0m%[1m)[0m  |  checkout failures [32m  [0m[1;32m2.0[0m[32m%[0m
t+  13s  FastPay: [1;36m125[0m [1m([0m [1;36m0.8[0m%[1m)[0m  SecurePay:  [1;36m61[0m [1m([0m [1;36m0.0[0m%[1m)[0m  QuickPay:  [1;36m14[0m [1m([0m [1;36m0.0[0m%[1m)[0m  |  checkout failures [32m  [0m[1;32m0.5[0m[32m%[0m
t+  14s  FastPay: [1;36m111[0m [1m([0m [1;36m0.0[0m%[1m)[0m  SecurePay:  [1;36m64[0m [1m([0m [1;36m0.0[0m%[1m)[0m  QuickPay:  [1;36m25[0m [1m([0m [1;36m4.0[0m%[1m)[0m  |  checkout failures [32m  [0m[1;32m0.5[0m[32m%[0m
t+  15s  FastPay: [1;36m126[0m [1m([0m [1;36m0.0[0m%[1m)[0m  SecurePay:  [1;36m57[0m [1m([0m [1;36m0.0[0m%[1m)[0m  QuickPay:  [1;36m17[0m [1m([0m [1;36m0.0[0m%[1m)[0m  |  checkout failures [32m  [0m[1;32m0.0[0m[32m%[0m
t+  16s  FastPay: [1;36m115[0m [1m([0m [1;36m0.0[0m%[1m)[0m  SecurePay:  [1;36m62[0m [1m([0m [1;36m0.0[0m%[1m)[0m  QuickPay:  [1;36m23[0m [1m([0m [1;36m0.0[0m%[1m)[0m  |  checkout failures [32m  [0m[1;32m0.0[0m[32m%[0m
t+  17s  FastPay: [1;36m122[0m [1m([0m [1;36m0.0[0m%[1m)[0m  SecurePay:  [1;36m56[0m [1m([0m [1;36m1.8[0m%[1m)[0m  QuickPay:  [1;36m22[0m [1m([0m [1;36m0.0[0m%[1m)[0m  |  checkout failures [32m  [0m[1;32m0.5[0m[32m%[0m
t+  18s  FastPay: [1;36m102[0m [1m([0m [1;36m0.0[0m%[1m)[0m  SecurePay:  [1;36m74[0m [1m([0m [1;36m0.0[0m%[1m)[0m  QuickPay:  [1;36m24[0m [1m([0m [1;36m8.3[0m%[1m)[0m  |  checkout failures [32m  [0m[1;32m1.0[0m[32m%[0m
t+  19s  FastPay: [1;36m121[0m [1m([0m [1;36m1.7[0m%[1m)[0m  SecurePay:  [1;36m55[0m [1m([0m [1;36m1.8[0m%[1m)[0m  QuickPay:  [1;36m24[0m [1m([0m [1;36m4.2[0m%[1m)[0m  |  checkout failures [32m  [0m[1;32m2.0[0m[32m%[0m
t+  20s  FastPay: [1;36m114[0m [1m([0m [1;36m0.9[0m%[1m)[0m  SecurePay:  [1;36m63[0m [1m([0m [1;36m0.0[0m%[1m)[0m  QuickPay:  [1;36m23[0m [1m([0m [1;36m0.0[0m%[1m)[0m  |  checkout failures [32m  [0m[1;32m0.5[0m[32m%[0m
t+  21s  FastPay: [1;36m124[0m [1m([0m [1;36m0.0[0m%[1m)[0m  SecurePay:  [1;36m54[0m [1m([0m [1;36m0.0[0m%[1m)[0m  QuickPay:  [1;36m22[0m [1m([0m [1;36m4.5[0m%[1m)[0m  |  checkout failures [32m  [0m[1;32m0.5[0m[32m%[0m
t+  22s  FastPay: [1;36m116[0m [1m([0m [1;36m3.4[0m%[1m)[0m  SecurePay:  [1;36m60[0m [1m([0m [1;36m0.0[0m%[1m)[0m  QuickPay:  [1;36m24[0m [1m([0m [1;36m0.0[0m%[1m)[0m  |  checkout failures [32m  [0m[1;32m2.0[0m[32m%[0m
t+  23s  FastPay: [1;36m103[0m [1m([0m [1;36m0.0[0m%[1m)[0m  SecurePay:  [1;36m75[0m [1m([0m [1;36m1.3[0m%[1m)[0m  QuickPay:  [1;36m22[0m [1m([0m [1;36m0.0[0m%[1m)[0m  |  checkout failures [32m  [0m[1;32m0.5[0m[32m%[0m
t+  24s  FastPay: [1;36m122[0m [1m([0m [1;36m0.0[0m%[1m)[0m  SecurePay:  [1;36m59[0m [1m([0m [1;36m0.0[0m%[1m)[0m  QuickPay:  [1;36m19[0m [1m([0m [1;36m0.0[0m%[1m)[0m  |  checkout failures [32m  [0m[1;32m0.0[0m[32m%[0m
t+  25s  FastPay: [1;36m119[0m [1m([0m [1;36m0.8[0m%[1m)[0m  SecurePay:  [1;36m58[0m [1m([0m [1;36m0.0[0m%[1m)[0m  QuickPay:  [1;36m23[0m [1m([0m [1;36m4.3[0m%[1m)[0m  |  checkout failures [32m  [0m[1;32m1.0[0m[32m%[0m
t+  26s  FastPay: [1;36m119[0m [1m([0m [1;36m0.8[0m%[1m)[0m  SecurePay:  [1;36m58[0m [1m([0m [1;36m0.0[0m%[1m)[0m  QuickPay:  [1;36m23[0m [1m([0m [1;36m0.0[0m%[1m)[0m  |  checkout failures [32m  [0m[1;32m0.5[0m[32m%[0m
t+  27s  FastPay: [1;36m122[0m [1m([0m [1;36m1.6[0m%[1m)[0m  SecurePay:  [1;36m59[0m [1m([0m [1;36m0.0[0m%[1m)[0m  QuickPay:  [1;36m19[0m [1m([0m [1;36m0.0[0m%[1m)[0m  |  checkout failures [32m  [0m[1;32m1.0[0m[32m%[0m
t+  28s  FastPay: [1;36m129[0m [1m([0m [1;36m0.8[0m%[1m)[0m  SecurePay:  [1;36m56[0m [1m([0m [1;36m5.4[0m%[1m)[0m  QuickPay:  [1;36m15[0m [1m([0m [1;36m0.0[0m%[1m)[0m  |  checkout failures [32m  [0m[1;32m2.0[0m[32m%[0m
t+  29s  FastPay: [1;36m115[0m [1m([0m [1;36m0.0[0m%[1m)[0m  SecurePay:  [1;36m60[0m [1m([0m [1;36m0.0[0m%[1m)[0m  QuickPay:  [1;36m25[0m [1m([0m [1;36m0.0[0m%[1m)[0m  |  checkout failures [32m  [0m[1;32m0.0[0m[32m%[0m
t+  30s  FastPay: [1;36m127[0m [1m([0m [1;36m0.0[0m%[1m)[0m  SecurePay:  [1;36m55[0m [1m([0m [1;36m3.6[0m%[1m)[0m  QuickPay:  [1;36m18[0m [1m([0m [1;36m0.0[0m%[1m)[0m  |  checkout failures [32m  [0m[1;32m1.0[0m[32m%[0m
t+  31s  FastPay: [1;36m121[0m [1m([0m [1;36m0.0[0m%[1m)[0m  SecurePay:  [1;36m57[0m [1m([0m [1;36m0.0[0m%[1m)[0m  QuickPay:  [1;36m22[0m [1m([0m [1;36m0.0[0m%[1m)[0m  |  checkout failures [32m  [0m[1;32m0.0[0m[32m%[0m
t+  32s  FastPay: [1;36m115[0m [1m([0m [1;36m1.7[0m%[1m)[0m  SecurePay:  [1;36m65[0m [1m([0m [1;36m0.0[0m%[1m)[0m  QuickPay:  [1;36m20[0m [1m([0m [1;36m5.0[0m%[1m)[0m  |  checkout failures [32m  [0m[1;32m1.5[0m[32m%[0m
t+  33s  FastPay: [1;36m123[0m [1m([0m [1;36m0.0[0m%[1m)[0m  SecurePay:  [1;36m54[0m [1m([0m [1;36m1.9[0m%[1m)[0m  QuickPay:  [1;36m23[0m [1m([0m [1;36m0.0[0m%[1m)[0m  |  checkout failures [32m  [0m[1;32m0.5[0m[32m%[0m
t+  34s  FastPay: [1;36m131[0m [1m([0m [1;36m3.1[0m%[1m)[0m  SecurePay:  [1;36m44[0m [1m([0m [1;36m0.0[0m%[1m)[0m  QuickPay:  [1;36m25[0m [1m([0m [1;36m0.0[0m%[1m)[0m  |  checkout failures [32m  [0m[1;32m2.0[0m[32m%[0m
t+  35s  FastPay: [1;36m114[0m [1m([0m [1;36m0.9[0m%[1m)[0m  SecurePay:  [1;36m67[0m [1m([0m [1;36m1.5[0m%[1m)[0m  QuickPay:  [1;36m19[0m [1m([0m [1;36m5.3[0m%[1m)[0m  |  checkout failures [32m  [0m[1;32m1.5[0m[32m%[0m
t+  36s  FastPay: [1;36m120[0m [1m([0m [1;36m0.0[0m%[1m)[0m  SecurePay:  [1;36m65[0m [1m([0m [1;36m0.0[0m%[1m)[0m  QuickPay:  [1;36m15[0m [1m([0m [1;36m0.0[0m%[1m)[0m  |  checkout failures [32m  [0m[1;32m0.0[0m[32m%[0m
t+  37s  FastPay: [1;36m114[0m [1m([0m [1;36m0.0[0m%[1m)[0m  SecurePay:  [1;36m69[0m [1m([0m [1;36m0.0[0m%[1m)[0m  QuickPay:  [1;36m17[0m [1m([0m [1;36m0.0[0m%[1m)[0m  |  checkout failures [32m  [0m[1;32m0.0[0m[32m%[0m
t+  38s  FastPay: [1;36m109[0m [1m([0m [1;36m0.9[0m%[1m)[0m  SecurePay:  [1;36m65[0m [1m([0m [1;36m1.5[0m%[1m)[0m  QuickPay:  [1;36m26[0m [1m([0m [1;36m0.0[0m%[1m)[0m  |  checkout failures [32m  [0m[1;32m1.0[0m[32m%[0m
t+  39s  FastPay: [1;36m135[0m [1m([0m [1;36m1.5[0m%[1m)[0m  SecurePay:  [1;36m50[0m [1m([0m [1;36m4.0[0m%[1m)[0m  QuickPay:  [1;36m15[0m [1m([0m [1;36m6.7[0m%[1m)[0m  |  checkout failures [32m  [0m[1;32m2.5[0m[32m%[0m
t+  40s  FastPay: [1;36m130[0m [1m([0m [1;36m0.8[0m%[1m)[0m  SecurePay:  [1;36m51[0m [1m([0m [1;36m3.9[0m%[1m)[0m  QuickPay:  [1;36m19[0m [1m([0m [1;36m0.0[0m%[1m)[0m  |  checkout failures [32m  [0m[1;32m1.5[0m[32m%[0m
t+  41s  FastPay: [1;36m114[0m [1m([0m [1;36m0.9[0m%[1m)[0m  SecurePay:  [1;36m56[0m [1m([0m [1;36m0.0[0m%[1m)[0m  QuickPay:  [1;36m30[0m [1m([0m [1;36m0.0[0m%[1m)[0m  |  checkout failures [32m  [0m[1;32m0.5[0m[32m%[0m
t+  42s  FastPay: [1;36m122[0m [1m([0m [1;36m0.8[0m%[1m)[0m  SecurePay:  [1;36m57[0m [1m([0m [1;36m0.0[0m%[1m)[0m  QuickPay:  [1;36m21[0m [1m([0m [1;36m4.8[0m%[1m)[0m  |  checkout failures [32m  [0m[1;32m1.0[0m[32m%[0m
t+  43s  FastPay: [1;36m114[0m [1m([0m [1;36m0.9[0m%[1m)[0m  SecurePay:  [1;36m57[0m [1m([0m [1;36m1.8[0m%[1m)[0m  QuickPay:  [1;36m29[0m [1m([0m [1;36m0.0[0m%[1m)[0m  |  checkout failures [32m  [0m[1;32m1.0[0m[32m%[0m
t+  44s  FastPay: [1;36m112[0m [1m([0m [1;36m0.0[0m%[1m)[0m  SecurePay:  [1;36m67[0m [1m([0m [1;36m0.0[0m%[1m)[0m  QuickPay:  [1;36m21[0m [1m([0m [1;36m0.0[0m%[1m)[0m  |  checkout failures [32m  [0m[1;32m0.0[0m[32m%[0m
t+  45s  FastPay: [1;36m104[0m [1m([0m [1;36m0.0[0m%[1m)[0m  SecurePay:  [1;36m72[0m [1m([0m [1;36m1.4[0m%[1m)[0m  QuickPay:  [1;36m24[0m [1m([0m [1;36m0.0[0m%[1m)[0m  |  checkout failures [32m  [0m[1;32m0.5[0m[32m%[0m
t+  46s  FastPay: [1;36m120[0m [1m([0m [1;36m0.0[0m%[1m)[0m  SecurePay:  [1;36m63[0m [1m([0m [1;36m0.0[0m%[1m)[0m  QuickPay:  [1;36m17[0m [1m([0m [1;36m0.0[0m%[1m)[0m  |  checkout failures [32m  [0m[1;32m0.0[0m[32m%[0m
t+  47s  FastPay: [1;36m112[0m [1m([0m [1;36m0.0[0m%[1m)[0m  SecurePay:  [1;36m65[0m [1m([0m [1;36m0.0[0m%[1m)[0m  QuickPay:  [1;36m23[0m [1m([0m [1;36m4.3[0m%[1m)[0m  |  checkout failures [32m  [0m[1;32m0.5[0m[32m%[0m
t+  48s  FastPay: [1;36m121[0m [1m([0m [1;36m0.8[0m%[1m)[0m  SecurePay:  [1;36m62[0m [1m([0m [1;36m0.0[0m%[1m)[0m  QuickPay:  [1;36m17[0m [1m([0m [1;36m0.0[0m%[1m)[0m  |  checkout failures [32m  [0m[1;32m0.5[0m[32m%[0m
t+  49s  FastPay: [1;36m126[0m [1m([0m [1;36m0.0[0m%[1m)[0m  SecurePay:  [1;36m56[0m [1m([0m [1;36m0.0[0m%[1m)[0m  QuickPay:  [1;36m18[0m [1m([0m [1;36m0.0[0m%[1m)[0m  |  checkout failures [32m  [0m[1;32m0.0[0m[32m%[0m
t+  50s  FastPay: [1;36m116[0m [1m([0m [1;36m0.9[0m%[1m)[0m  SecurePay:  [1;36m66[0m [1m([0m [1;36m0.0[0m%[1m)[0m  QuickPay:  [1;36m18[0m [1m([0m [1;36m5.6[0m%[1m)[0m  |  checkout failures [32m  [0m[1;32m1.0[0m[32m%[0m
t+  51s  FastPay: [1;36m132[0m [1m([0m [1;36m0.0[0m%[1m)[0m  SecurePay:  [1;36m45[0m [1m([0m [1;36m0.0[0m%[1m)[0m  QuickPay:  [1;36m23[0m [1m([0m [1;36m0.0[0m%[1m)[0m  |  checkout failures [32m  [0m[1;32m0.0[0m[32m%[0m
t+  52s  FastPay: [1;36m128[0m [1m([0m [1;36m3.1[0m%[1m)[0m  SecurePay:  [1;36m53[0m [1m([0m [1;36m0.0[0m%[1m)[0m  QuickPay:  [1;36m19[0m [1m([0m [1;36m0.0[0m%[1m)[0m  |  checkout failures [32m  [0m[1;32m2.0[0m[32m%[0m
t+  53s  FastPay: [1;36m114[0m [1m([0m [1;36m1.8[0m%[1m)[0m  SecurePay:  [1;36m60[0m [1m([0m [1;36m1.7[0m%[1m)[0m  QuickPay:  [1;36m26[0m [1m([0m [1;36m3.8[0m%[1m)[0m  |  checkout failures [32m  [0m[1;32m2.0[0m[32m%[0m
t+  54s  FastPay: [1;36m124[0m [1m([0m [1;36m0.8[0m%[1m)[0m  SecurePay:  [1;36m53[0m [1m([0m [1;36m0.0[0m%[1m)[0m  QuickPay:  [1;36m23[0m [1m([0m [1;36m4.3[0m%[1m)[0m  |  checkout failures [32m  [0m[1;32m1.0[0m[32m%[0m
t+  55s  FastPay: [1;36m118[0m [1m([0m [1;36m0.8[0m%[1m)[0m  SecurePay:  [1;36m63[0m [1m([0m [1;36m0.0[0m%[1m)[0m  QuickPay:  [1;36m19[0m [1m([0m [1;36m0.0[0m%[1m)[0m  |  checkout failures [32m  [0m[1;32m0.5[0m[32m%[0m
t+  56s  FastPay: [1;36m129[0m [1m([0m [1;36m1.6[0m%[1m)[0m  SecurePay:  [1;36m56[0m [1m([0m [1;36m3.6[0m%[1m)[0m  QuickPay:  [1;36m15[0m [1m([0m [1;36m0.0[0m%[1m)[0m  |  checkout failures [32m  [0m[1;32m2.0[0m[32m%[0m
t+  57s  FastPay: [1;36m117[0m [1m([0m [1;36m1.7[0m%[1m)[0m  SecurePay:  [1;36m63[0m [1m([0m [1;36m0.0[0m%[1m)[0m  QuickPay:  [1;36m20[0m [1m([0m [1;36m0.0[0m%[1m)[0m  |  checkout failures [32m  [0m[1;32m1.0[0m[32m%[0m
t+  58s  FastPay: [1;36m115[0m [1m([0m [1;36m0.9[0m%[1m)[0m  SecurePay:  [1;36m64[0m [1m([0m [1;36m0.0[0m%[1m)[0m  QuickPay:  [1;36m21[0m [1m([0m [1;36m0.0[0m%[1m)[0m  |  checkout failures [32m  [0m[1;32m0.5[0m[32m%[0m
t+  59s  FastPay: [1;36m122[0m [1m([0m [1;36m0.8[0m%[1m)[0m  SecurePay:  [1;36m51[0m [1m([0m [1;36m0.0[0m%[1m)[0m  QuickPay:  [1;36m27[0m [1m([0m [1;36m0.0[0m%[1m)[0m  |  checkout failures [32m  [0m[1;32m0.5[0m[32m%[0m
t+  60s  FastPay: [1;36m114[0m [1m([0m [1;36m1.8[0m%[1m)[0m  SecurePay:  [1;36m69[0m [1m([0m [1;36m1.4[0m%[1m)[0m  QuickPay:  [1;36m17[0m [1m([0m [1;36m0.0[0m%[1m)[0m  |  checkout failures [32m  [0m[1;32m1.5[0m[32m%[0m
t+  61s  FastPay: [1;36m127[0m [1m([0m [1;36m0.8[0m%[1m)[0m  SecurePay:  [1;36m52[0m [1m([0m [1;36m0.0[0m%[1m)[0m  QuickPay:  [1;36m21[0m [1m([0m [1;36m0.0[0m%[1m)[0m  |  checkout failures [32m  [0m[1;32m0.5[0m[32m%[0m
t+  62s  FastPay: [1;36m127[0m [1m([0m [1;36m0.8[0m%[1m)[0m  SecurePay:  [1;36m52[0m [1m([0m [1;36m1.9[0m%[1m)[0m  QuickPay:  [1;36m21[0m [1m([0m [1;36m0.0[0m%[1m)[0m  |  checkout failures [32m  [0m[1;32m1.0[0m[32m%[0m
t+  63s  FastPay: [1;36m118[0m [1m([0m [1;36m0.8[0m%[1m)[0m  SecurePay:  [1;36m65[0m [1m([0m [1;36m0.0[0m%[1m)[0m  QuickPay:  [1;36m17[0m [1m([0m [1;36m5.9[0m%[1m)[0m  |  checkout failures [32m  [0m[1;32m1.0[0m[32m%[0m
t+  64s  FastPay: [1;36m107[0m [1m([0m [1;36m0.9[0m%[1m)[0m  SecurePay:  [1;36m72[0m [1m([0m [1;36m1.4[0m%[1m)[0m  QuickPay:  [1;36m21[0m [1m([0m [1;36m0.0[0m%[1m)[0m  |  checkout failures [32m  [0m[1;32m1.0[0m[32m%[0m
t+  65s  FastPay: [1;36m124[0m [1m([0m [1;36m1.6[0m%[1m)[0m  SecurePay:  [1;36m56[0m [1m([0m [1;36m0.0[0m%[1m)[0m  QuickPay:  [1;36m20[0m [1m([0m [1;36m0.0[0m%[1m)[0m  |  checkout failures [32m  [0m[1;32m1.0[0m[32m%[0m
t+  66s  FastPay: [1;36m112[0m [1m([0m [1;36m0.9[0m%[1m)[0m  SecurePay:  [1;36m65[0m [1m([0m [1;36m0.0[0m%[1m)[0m  QuickPay:  [1;36m23[0m [1m([0m [1;36m0.0[0m%[1m)[0m  |  checkout failures [32m  [0m[1;32m0.5[0m[32m%[0m
t+  67s  FastPay: [1;36m116[0m [1m([0m [1;36m1.7[0m%[1m)[0m  SecurePay:  [1;36m63[0m [1m([0m [1;36m0.0[0m%[1m)[0m  QuickPay:  [1;36m21[0m [1m([0m [1;36m0.0[0m%[1m)[0m  |  checkout failures [32m  [0m[1;32m1.0[0m[32m%[0m
t+  68s  FastPay: [1;36m115[0m [1m([0m [1;36m1.7[0m%[1m)[0m  SecurePay:  [1;36m55[0m [1m([0m [1;36m3.6[0m%[1m)[0m  QuickPay:  [1;36m30[0m [1m([0m [1;36m0.0[0m%[1m)[0m  |  checkout failures [32m  [0m[1;32m2.0[0m[32m%[0m
t+  69s  FastPay: [1;36m112[0m [1m([0m [1;36m0.9[0m%[1m)[0m  SecurePay:  [1;36m62[0m [1m([0m [1;36m0.0[0m%[1m)[0m  QuickPay:  [1;36m26[0m [1m([0m [1;36m0.0[0m%[1m)[0m  |  checkout failures [32m  [0m[1;32m0.5[0m[32m%[0m
t+  70s  FastPay: [1;36m129[0m [1m([0m [1;36m0.0[0m%[1m)[0m  SecurePay:  [1;36m52[0m [1m([0m [1;36m1.9[0m%[1m)[0m  QuickPay:  [1;36m19[0m [1m([0m [1;36m0.0[0m%[1m)[0m  |  checkout failures [32m  [0m[1;32m0.5[0m[32m%[0m
t+  71s  FastPay: [1;36m119[0m [1m([0m [1;36m0.8[0m%[1m)[0m  SecurePay:  [1;36m55[0m [1m([0m [1;36m0.0[0m%[1m)[0m  QuickPay:  [1;36m26[0m [1m([0m [1;36m0.0[0m%[1m)[0m  |  checkout failures [32m  [0m[1;32m0.5[0m[32m%[0m
t+  72s  FastPay: [1;36m114[0m [1m([0m [1;36m0.9[0m%[1m)[0m  SecurePay:  [1;36m68[0m [1m([0m [1;36m1.5[0m%[1m)[0m  QuickPay:  [1;36m18[0m [1m([0m [1;36m0.0[0m%[1m)[0m  |  checkout failures [32m  [0m[1;32m1.0[0m[32m%[0m
t+  73s  FastPay: [1;36m128[0m [1m([0m [1;36m1.6[0m%[1m)[0m  SecurePay:  [1;36m46[0m [1m([0m [1;36m2.2[0m%[1m)[0m  QuickPay:  [1;36m26[0m [1m([0m [1;36m0.0[0m%[1m)[0m  |  checkout failures [32m  [0m[1;32m1.5[0m[32m%[0m
t+  74s  FastPay: [1;36m128[0m [1m([0m [1;36m0.0[0m%[1m)[0m  SecurePay:  [1;36m52[0m [1m([0m [1;36m0.0[0m%[1m)[0m  QuickPay:  [1;36m20[0m [1m([0m [1;36m5.0[0m%[1m)[0m  |  checkout failures [32m  [0m[1;32m0.5[0m[32m%[0m
t+  75s  FastPay: [1;36m119[0m [1m([0m [1;36m0.8[0m%[1m)[0m  SecurePay:  [1;36m65[0m [1m([0m [1;36m0.0[0m%[1m)[0m  QuickPay:  [1;36m16[0m [1m([0m [1;36m6.2[0m%[1m)[0m  |  checkout failures [32m  [0m[1;32m1.0[0m[32m%[0m
t+  76s  FastPay: [1;36m123[0m [1m([0m [1;36m0.0[0m%[1m)[0m  SecurePay:  [1;36m61[0m [1m([0m [1;36m1.6[0m%[1m)[0m  QuickPay:  [1;36m16[0m [1m([0m [1;36m0.0[0m%[1m)[0m  |  checkout failures [32m  [0m[1;32m0.5[0m[32m%[0m
t+  77s  FastPay: [1;36m128[0m [1m([0m [1;36m0.0[0m%[1m)[0m  SecurePay:  [1;36m53[0m [1m([0m [1;36m1.9[0m%[1m)[0m  QuickPay:  [1;36m19[0m [1m([0m [1;36m0.0[0m%[1m)[0m  |  checkout failures [32m  [0m[1;32m0.5[0m[32m%[0m
t+  78s  FastPay: [1;36m130[0m [1m([0m [1;36m0.8[0m%[1m)[0m  SecurePay:  [1;36m53[0m [1m([0m [1;36m0.0[0m%[1m)[0m  QuickPay:  [1;36m17[0m [1m([0m [1;36m0.0[0m%[1m)[0m  |  checkout failures [32m  [0m[1;32m0.5[0m[32m%[0m
t+  79s  FastPay: [1;36m130[0m [1m([0m [1;36m0.8[0m%[1m)[0m  SecurePay:  [1;36m55[0m [1m([0m [1;36m0.0[0m%[1m)[0m  QuickPay:  [1;36m15[0m [1m([0m [1;36m0.0[0m%[1m)[0m  |  checkout failures [32m  [0m[1;32m0.5[0m[32m%[0m
t+  80s  FastPay: [1;36m128[0m [1m([0m [1;36m0.0[0m%[1m)[0m  SecurePay:  [1;36m56[0m [1m([0m [1;36m0.0[0m%[1m)[0m  QuickPay:  [1;36m16[0m [1m([0m [1;36m0.0[0m%[1m)[0m  |  checkout failures [32m  [0m[1;32m0.0[0m[32m%[0m
t+  81s  FastPay: [1;36m124[0m [1m([0m [1;36m2.4[0m%[1m)[0m  SecurePay:  [1;36m60[0m [1m([0m [1;36m0.0[0m%[1m)[0m  QuickPay:  [1;36m16[0m [1m([0m [1;36m0.0[0m%[1m)[0m  |  checkout failures [32m  [0m[1;32m1.5[0m[32m%[0m
t+  82s  FastPay: [1;36m127[0m [1m([0m [1;36m0.8[0m%[1m)[0m  SecurePay:  [1;36m55[0m [1m([0m [1;36m0.0[0m%[1m)[0m  QuickPay:  [1;36m18[0m [1m([0m [1;36m0.0[0m%[1m)[0m  |  checkout failures [32m  [0m[1;32m0.5[0m[32m%[0m
t+  83s  FastPay: [1;36m107[0m [1m([0m [1;36m1.9[0m%[1m)[0m  SecurePay:  [1;36m66[0m [1m([0m [1;36m0.0[0m%[1m)[0m  QuickPay:  [1;36m27[0m [1m([0m [1;36m0.0[0m%[1m)[0m  |  checkout failures [32m  [0m[1;32m1.0[0m[32m%[0m
t+  84s  FastPay: [1;36m111[0m [1m([0m [1;36m0.9[0m%[1m)[0m  SecurePay:  [1;36m67[0m [1m([0m [1;36m3.0[0m%[1m)[0m  QuickPay:  [1;36m22[0m [1m([0m [1;36m0.0[0m%[1m)[0m  |  checkout failures [32m  [0m[1;32m1.5[0m[32m%[0m
t+  85s  FastPay: [1;36m130[0m [1m([0m [1;36m0.0[0m%[1m)[0m  SecurePay:  [1;36m55[0m [1m([0m [1;36m0.0[0m%[1m)[0m  QuickPay:  [1;36m15[0m [1m([0m [1;36m0.0[0m%[1m)[0m  |  checkout failures [32m  [0m[1;32m0.0[0m[32m%[0m
t+  86s  FastPay: [1;36m124[0m [1m([0m [1;36m0.0[0m%[1m)[0m  SecurePay:  [1;36m62[0m [1m([0m [1;36m1.6[0m%[1m)[0m  QuickPay:  [1;36m14[0m [1m([0m [1;36m0.0[0m%[1m)[0m  |  checkout failures [32m  [0m[1;32m0.5[0m[32m%[0m
t+  87s  FastPay: [1;36m130[0m [1m([0m [1;36m1.5[0m%[1m)[0m  SecurePay:  [1;36m54[0m [1m([0m [1;36m0.0[0m%[1m)[0m  QuickPay:  [1;36m16[0m [1m([0m [1;36m0.0[0m%[1m)[0m  |  checkout failures [32m  [0m[1;32m1.0[0m[32m%[0m
t+  88s  FastPay: [1;36m123[0m [1m([0m [1;36m1.6[0m%[1m)[0m  SecurePay:  [1;36m69[0m [1m([0m [1;36m2.9[0m%[1m)[0m  QuickPay:   [1;36m8[0m [1m([0m [1;36m0.0[0m%[1m)[0m  |  checkout failures [32m  [0m[1;32m2.0[0m[32m%[0m
t+  89s  FastPay: [1;36m126[0m [1m([0m [1;36m1.6[0m%[1m)[0m  SecurePay:  [1;36m49[0m [1m([0m [1;36m0.0[0m%[1m)[0m  QuickPay:  [1;36m25[0m [1m([0m [1;36m0.0[0m%[1m)[0m  |  checkout failures [32m  [0m[1;32m1.0[0m[32m%[0m
t+  90s  FastPay: [1;36m121[0m [1m([0m[1;36m75.2[0m%[1m)[0m  SecurePay:  [1;36m64[0m [1m([0m [1;36m1.6[0m%[1m)[0m  QuickPay:  [1;36m15[0m [1m([0m [1;36m0.0[0m%[1m)[0m  |  checkout failures [31m [0m[1;31m46.0[0m[31m%[0m [1;31mOUTAGE INJECTED[0m
t+  91s  FastPay: [1;36m124[0m [1m([0m[1;36m85.5[0m%[1m)[0m  SecurePay:  [1;36m56[0m [1m([0m [1;36m0.0[0m%[1m)[0m  QuickPay:  [1;36m20[0m [1m([0m [1;36m0.0[0m%[1m)[0m  |  checkout failures [31m [0m[1;31m53.0[0m[31m%[0m [1;31mOUTAGE INJECTED[0m
t+  92s  FastPay: [1;36m117[0m [1m([0m[1;36m79.5[0m%[1m)[0m  SecurePay:  [1;36m64[0m [1m([0m [1;36m0.0[0m%[1m)[0m  QuickPay:  [1;36m19[0m [1m([0m [1;36m0.0[0m%[1m)[0m  |  checkout failures [31m [0m[1;31m46.5[0m[31m%[0m [1;31mOUTAGE INJECTED[0m
t+  93s  FastPay: [1;36m126[0m [1m([0m[1;36m77.0[0m%[1m)[0m  SecurePay:  [1;36m55[0m [1m([0m [1;36m0.0[0m%[1m)[0m  QuickPay:  [1;36m19[0m [1m([0m [1;36m0.0[0m%[1m)[0m  |  checkout failures [31m [0m[1;31m48.5[0m[31m%[0m [1;31mOUTAGE INJECTED[0m
t+  94s  FastPay: [1;36m116[0m [1m([0m[1;36m80.2[0m%[1m)[0m  SecurePay:  [1;36m64[0m [1m([0m [1;36m1.6[0m%[1m)[0m  QuickPay:  [1;36m20[0m [1m([0m [1;36m0.0[0m%[1m)[0m  |  checkout failures [31m [0m[1;31m47.0[0m[31m%[0m [1;31mOUTAGE INJECTED[0m
t+  95s  FastPay: [1;36m112[0m [1m([0m[1;36m81.2[0m%[1m)[0m  SecurePay:  [1;36m69[0m [1m([0m [1;36m0.0[0m%[1m)[0m  QuickPay:  [1;36m19[0m [1m([0m [1;36m5.3[0m%[1m)[0m  |  checkout failures [31m [0m[1;31m46.0[0m[31m%[0m [1;31mOUTAGE INJECTED[0m
t+  96s  FastPay: [1;36m114[0m [1m([0m[1;36m77.2[0m%[1m)[0m  SecurePay:  [1;36m62[0m [1m([0m [1;36m0.0[0m%[1m)[0m  QuickPay:  [1;36m24[0m [1m([0m [1;36m0.0[0m%[1m)[0m  |  checkout failures [31m [0m[1;31m44.0[0m[31m%[0m [1;31mOUTAGE INJECTED[0m
t+  97s  FastPay: [1;36m117[0m [1m([0m[1;36m81.2[0m%[1m)[0m  SecurePay:  [1;36m56[0m [1m([0m [1;36m0.0[0m%[1m)[0m  QuickPay:  [1;36m27[0m [1m([0m [1;36m0.0[0m%[1m)[0m  |  checkout failures [31m [0m[1;31m47.5[0m[31m%[0m [1;31mOUTAGE INJECTED[0m
t+  98s  FastPay: [1;36m129[0m [1m([0m[1;36m80.6[0m%[1m)[0m  SecurePay:  [1;36m50[0m [1m([0m [1;36m2.0[0m%[1m)[0m  QuickPay:  [1;36m21[0m [1m([0m [1;36m0.0[0m%[1m)[0m  |  checkout failures [31m [0m[1;31m52.5[0m[31m%[0m [1;31mOUTAGE INJECTED[0m
t+  99s  FastPay: [1;36m129[0m [1m([0m[1;36m79.8[0m%[1m)[0m  SecurePay:  [1;36m58[0m [1m([0m [1;36m0.0[0m%[1m)[0m  QuickPay:  [1;36m13[0m [1m([0m [1;36m0.0[0m%[1m)[0m  |  checkout failures [31m [0m[1;31m51.5[0m[31m%[0m [1;31mOUTAGE INJECTED[0m
t+ 100s  FastPay: [1;36m116[0m [1m([0m[1;36m76.7[0m%[1m)[0m  SecurePay:  [1;36m73[0m [1m([0m [1;36m1.4[0m%[1m)[0m  QuickPay:  [1;36m11[0m [1m([0m [1;36m0.0[0m%[1m)[0m  |  checkout failures [31m [0m[1;31m45.0[0m[31m%[0m [1;31mOUTAGE INJECTED[0m
t+ 101s  FastPay: [1;36m118[0m [1m([0m[1;36m76.3[0m%[1m)[0m  SecurePay:  [1;36m63[0m [1m([0m [1;36m0.0[0m%[1m)[0m  QuickPay:  [1;36m19[0m [1m([0m [1;36m0.0[0m%[1m)[0m  |  checkout failures [31m [0m[1;31m45.0[0m[31m%[0m [1;31mOUTAGE INJECTED[0m
t+ 102s  FastPay: [1;36m141[0m [1m([0m[1;36m73.0[0m%[1m)[0m  SecurePay:  [1;36m45[0m [1m([0m [1;36m0.0[0m%[1m)[0m  QuickPay:  [1;36m14[0m [1m([0m [1;36m0.0[0m%[1m)[0m  |  checkout failures [31m [0m[1;31m51.5[0m[31m%[0m [1;31mOUTAGE INJECTED[0m
t+ 103s  FastPay: [1;36m123[0m [1m([0m[1;36m84.6[0m%[1m)[0m  SecurePay:  [1;36m59[0m [1m([0m [1;36m0.0[0m%[1m)[0m  QuickPay:  [1;36m18[0m [1m([0m [1;36m0.0[0m%[1m)[0m  |  checkout failures [31m [0m[1;31m52.0[0m[31m%[0m [1;31mOUTAGE INJECTED[0m
t+ 104s  FastPay: [1;36m119[0m [1m([0m[1;36m78.2[0m%[1m)[0m  SecurePay:  [1;36m63[0m [1m([0m [1;36m0.0[0m%[1m)[0m  QuickPay:  [1;36m18[0m [1m([0m [1;36m0.0[0m%[1m)[0m  |  checkout failures [31m [0m[1;31m46.5[0m[31m%[0m [1;31mOUTAGE INJECTED[0m
t+ 105s  FastPay: [1;36m131[0m [1m([0m[1;36m80.2[0m%[1m)[0m  SecurePay:  [1;36m59[0m [1m([0m [1;36m0.0[0m%[1m)[0m  QuickPay:  [1;36m10[0m [1m([0m [1;36m0.0[0m%[1m)[0m  |  checkout failures [31m [0m[1;31m52.5[0m[31m%[0m [1;31mOUTAGE INJECTED[0m
t+ 106s  FastPay: [1;36m121[0m [1m([0m[1;36m73.6[0m%[1m)[0m  SecurePay:  [1;36m57[0m [1m([0m [1;36m3.5[0m%[1m)[0m  QuickPay:  [1;36m22[0m [1m([0m [1;36m4.5[0m%[1m)[0m  |  checkout failures [31m [0m[1;31m46.0[0m[31m%[0m [1;31mOUTAGE INJECTED[0m
t+ 107s  FastPay: [1;36m115[0m [1m([0m[1;36m77.4[0m%[1m)[0m  SecurePay:  [1;36m68[0m [1m([0m [1;36m0.0[0m%[1m)[0m  QuickPay:  [1;36m17[0m [1m([0m [1;36m0.0[0m%[1m)[0m  |  checkout failures [31m [0m[1;31m44.5[0m[31m%[0m [1;31mOUTAGE INJECTED[0m
t+ 108s  FastPay: [1;36m120[0m [1m([0m[1;36m75.0[0m%[1m)[0m  SecurePay:  [1;36m64[0m [1m([0m [1;36m1.6[0m%[1m)[0m  QuickPay:  [1;36m16[0m [1m([0m [1;36m0.0[0m%[1m)[0m  |  checkout failures [31m [0m[1;31m45.5[0m[31m%[0m [1;31mOUTAGE INJECTED[0m
t+ 109s  FastPay: [1;36m115[0m [1m([0m[1;36m75.7[0m%[1m)[0m  SecurePay:  [1;36m68[0m [1m([0m [1;36m0.0[0m%[1m)[0m  QuickPay:  [1;36m17[0m [1m([0m [1;36m0.0[0m%[1m)[0m  |  checkout failures [31m [0m[1;31m43.5[0m[31m%[0m [1;31mOUTAGE INJECTED[0m
t+ 110s  FastPay: [1;36m119[0m [1m([0m[1;36m69.7[0m%[1m)[0m  SecurePay:  [1;36m66[0m [1m([0m [1;36m1.5[0m%[1m)[0m  QuickPay:  [1;36m15[0m [1m([0m [1;36m6.7[0m%[1m)[0m  |  checkout failures [31m [0m[1;31m42.5[0m[31m%[0m [1;31mOUTAGE INJECTED[0m
t+ 111s  FastPay: [1;36m121[0m [1m([0m[1;36m77.7[0m%[1m)[0m  SecurePay:  [1;36m68[0m [1m([0m [1;36m1.5[0m%[1m)[0m  QuickPay:  [1;36m11[0m [1m([0m [1;36m0.0[0m%[1m)[0m  |  checkout failures [31m [0m[1;31m47.5[0m[31m%[0m [1;31mOUTAGE INJECTED[0m
t+ 112s  FastPay: [1;36m120[0m [1m([0m[1;36m82.5[0m%[1m)[0m  SecurePay:  [1;36m60[0m [1m([0m [1;36m1.7[0m%[1m)[0m  QuickPay:  [1;36m20[0m [1m([0m [1;36m0.0[0m%[1m)[0m  |  checkout failures [31m [0m[1;31m50.0[0m[31m%[0m [1;31mOUTAGE INJECTED[0m
t+ 113s  FastPay: [1;36m127[0m [1m([0m[1;36m77.2[0m%[1m)[0m  SecurePay:  [1;36m58[0m [1m([0m [1;36m0.0[0m%[1m)[0m  QuickPay:  [1;36m15[0m [1m([0m [1;36m0.0[0m%[1m)[0m  |  checkout failures [31m [0m[1;31m49.0[0m[31m%[0m [1;31mOUTAGE INJECTED[0m
t+ 114s  FastPay: [1;36m121[0m [1m([0m[1;36m72.7[0m%[1m)[0m  SecurePay:  [1;36m64[0m [1m([0m [1;36m0.0[0m%[1m)[0m  QuickPay:  [1;36m15[0m [1m([0m [1;36m0.0[0m%[1m)[0m  |  checkout failures [31m [0m[1;31m44.0[0m[31m%[0m [1;31mOUTAGE INJECTED[0m
t+ 115s  FastPay: [1;36m111[0m [1m([0m[1;36m78.4[0m%[1m)[0m  SecurePay:  [1;36m63[0m [1m([0m [1;36m0.0[0m%[1m)[0m  QuickPay:  [1;36m26[0m [1m([0m [1;36m0.0[0m%[1m)[0m  |  checkout failures [31m [0m[1;31m43.5[0m[31m%[0m [1;31mOUTAGE INJECTED[0m
t+ 116s  FastPay: [1;36m123[0m [1m([0m[1;36m74.8[0m%[1m)[0m  SecurePay:  [1;36m56[0m [1m([0m [1;36m0.0[0m%[1m)[0m  QuickPay:  [1;36m21[0m [1m([0m [1;36m4.8[0m%[1m)[0m  |  checkout failures [31m [0m[1;31m46.5[0m[31m%[0m [1;31mOUTAGE INJECTED[0m
t+ 117s  FastPay: [1;36m126[0m [1m([0m[1;36m77.0[0m%[1m)[0m  SecurePay:  [1;36m56[0m [1m([0m [1;36m0.0[0m%[1m)[0m  QuickPay:  [1;36m18[0m [1m([0m [1;36m0.0[0m%[1m)[0m  |  checkout failures [31m [0m[1;31m48.5[0m[31m%[0m [1;31mOUTAGE INJECTED[0m
t+ 118s  FastPay: [1;36m114[0m [1m([0m[1;36m80.7[0m%[1m)[0m  SecurePay:  [1;36m67[0m [1m([0m [1;36m0.0[0m%[1m)[0m  QuickPay:  [1;36m19[0m [1m([0m [1;36m5.3[0m%[1m)[0m  |  checkout failures [31m [0m[1;31m46.5[0m[31m%[0m [1;31mOUTAGE INJECTED[0m
t+ 119s  FastPay: [1;36m116[0m [1m([0m[1;36m78.4[0m%[1m)[0m  SecurePay:  [1;36m62[0m [1m([0m [1;36m0.0[0m%[1m)[0m  QuickPay:  [1;36m22[0m [1m([0m [1;36m0.0[0m%[1m)[0m  |  checkout failures [31m [0m[1;31m45.5[0m[31m%[0m [1;31mOUTAGE INJECTED[0m
t+ 120s  FastPay: [1;36m120[0m [1m([0m[1;36m74.2[0m%[1m)[0m  SecurePay:  [1;36m64[0m [1m([0m [1;36m3.1[0m%[1m)[0m  QuickPay:  [1;36m16[0m [1m([0m [1;36m0.0[0m%[1m)[0m  |  checkout failures [31m [0m[1;31m45.5[0m[31m%[0m [1;31mOUTAGE INJECTED[0m
t+ 121s  FastPay: [1;36m122[0m [1m([0m[1;36m82.8[0m%[1m)[0m  SecurePay:  [1;36m60[0m [1m([0m [1;36m0.0[0m%[1m)[0m  QuickPay:  [1;36m18[0m [1m([0m [1;36m0.0[0m%[1m)[0m  |  checkout failures [31m [0m[1;31m50.5[0m[31m%[0m [1;31mOUTAGE INJECTED[0m
t+ 122s  FastPay: [1;36m131[0m [1m([0m[1;36m74.0[0m%[1m)[0m  SecurePay:  [1;36m49[0m [1m([0m [1;36m4.1[0m%[1m)[0m  QuickPay:  [1;36m20[0m [1m([0m [1;36m0.0[0m%[1m)[0m  |  checkout failures [31m [0m[1;31m49.5[0m[31m%[0m [1;31mOUTAGE INJECTED[0m
t+ 123s  FastPay: [1;36m115[0m [1m([0m[1;36m77.4[0m%[1m)[0m  SecurePay:  [1;36m65[0m [1m([0m [1;36m0.0[0m%[1m)[0m  QuickPay:  [1;36m20[0m [1m([0m[1;36m10.0[0m%[1m)[0m  |  checkout failures [31m [0m[1;31m45.5[0m[31m%[0m [1;31mOUTAGE INJECTED[0m
t+ 124s  FastPay: [1;36m119[0m [1m([0m[1;36m81.5[0m%[1m)[0m  SecurePay:  [1;36m58[0m [1m([0m [1;36m0.0[0m%[1m)[0m  QuickPay:  [1;36m23[0m [1m([0m [1;36m0.0[0m%[1m)[0m  |  checkout failures [31m [0m[1;31m48.5[0m[31m%[0m [1;31mOUTAGE INJECTED[0m
t+ 125s  FastPay: [1;36m116[0m [1m([0m[1;36m75.0[0m%[1m)[0m  SecurePay:  [1;36m60[0m [1m([0m [1;36m0.0[0m%[1m)[0m  QuickPay:  [1;36m24[0m [1m([0m [1;36m0.0[0m%[1m)[0m  |  checkout failures [31m [0m[1;31m43.5[0m[31m%[0m [1;31mOUTAGE INJECTED[0m
t+ 126s  FastPay: [1;36m122[0m [1m([0m[1;36m85.2[0m%[1m)[0m  SecurePay:  [1;36m55[0m [1m([0m [1;36m0.0[0m%[1m)[0m  QuickPay:  [1;36m23[0m [1m([0m [1;36m0.0[0m%[1m)[0m  |  checkout failures [31m [0m[1;31m52.0[0m[31m%[0m [1;31mOUTAGE INJECTED[0m
t+ 127s  FastPay: [1;36m109[0m [1m([0m[1;36m69.7[0m%[1m)[0m  SecurePay:  [1;36m64[0m [1m([0m [1;36m0.0[0m%[1m)[0m  QuickPay:  [1;36m27[0m [1m([0m [1;36m0.0[0m%[1m)[0m  |  checkout failures [31m [0m[1;31m38.0[0m[31m%[0m [1;31mOUTAGE INJECTED[0m
t+ 128s  FastPay: [1;36m112[0m [1m([0m[1;36m77.7[0m%[1m)[0m  SecurePay:  [1;36m63[0m [1m([0m [1;36m1.6[0m%[1m)[0m  QuickPay:  [1;36m25[0m [1m([0m [1;36m0.0[0m%[1m)[0m  |  checkout failures [31m [0m[1;31m44.0[0m[31m%[0m [1;31mOUTAGE INJECTED[0m
t+ 129s  FastPay: [1;36m119[0m [1m([0m[1;36m73.9[0m%[1m)[0m  SecurePay:  [1;36m65[0m [1m([0m [1;36m0.0[0m%[1m)[0m  QuickPay:  [1;36m16[0m [1m([0m [1;36m0.0[0m%[1m)[0m  |  checkout failures [31m [0m[1;31m44.0[0m[31m%[0m [1;31mOUTAGE INJECTED[0m
t+ 130s  FastPay: [1;36m124[0m [1m([0m[1;36m78.2[0m%[1m)[0m  SecurePay:  [1;36m57[0m [1m([0m [1;36m1.8[0m%[1m)[0m  QuickPay:  [1;36m19[0m [1m([0m [1;36m0.0[0m%[1m)[0m  |  checkout failures [31m [0m[1;31m49.0[0m[31m%[0m [1;31mOUTAGE INJECTED[0m
t+ 131s  FastPay: [1;36m117[0m [1m([0m[1;36m78.6[0m%[1m)[0m  SecurePay:  [1;36m58[0m [1m([0m [1;36m0.0[0m%[1m)[0m  QuickPay:  [1;36m25[0m [1m([0m [1;36m0.0[0m%[1m)[0m  |  checkout failures [31m [0m[1;31m46.0[0m[31m%[0m [1;31mOUTAGE INJECTED[0m
t+ 132s  FastPay: [1;36m126[0m [1m([0m[1;36m79.4[0m%[1m)[0m  SecurePay:  [1;36m54[0m [1m([0m [1;36m0.0[0m%[1m)[0m  QuickPay:  [1;36m20[0m [1m([0m [1;36m0.0[0m%[1m)[0m  |  checkout failures [31m [0m[1;31m50.0[0m[31m%[0m [1;31mOUTAGE INJECTED[0m
t+ 133s  FastPay: [1;36m131[0m [1m([0m[1;36m74.0[0m%[1m)[0m  SecurePay:  [1;36m53[0m [1m([0m [1;36m0.0[0m%[1m)[0m  QuickPay:  [1;36m16[0m [1m([0m [1;36m6.2[0m%[1m)[0m  |  checkout failures [31m [0m[1;31m49.0[0m[31m%[0m [1;31mOUTAGE INJECTED[0m
t+ 134s  FastPay: [1;36m119[0m [1m([0m[1;36m73.1[0m%[1m)[0m  SecurePay:  [1;36m61[0m [1m([0m [1;36m1.6[0m%[1m)[0m  QuickPay:  [1;36m20[0m [1m([0m [1;36m0.0[0m%[1m)[0m  |  checkout failures [31m [0m[1;31m44.0[0m[31m%[0m [1;31mOUTAGE INJECTED[0m
t+ 135s  FastPay: [1;36m120[0m [1m([0m[1;36m76.7[0m%[1m)[0m  SecurePay:  [1;36m62[0m [1m([0m [1;36m0.0[0m%[1m)[0m  QuickPay:  [1;36m18[0m [1m([0m [1;36m5.6[0m%[1m)[0m  |  checkout failures [31m [0m[1;31m46.5[0m[31m%[0m [1;31mOUTAGE INJECTED[0m
t+ 136s  FastPay:   [1;36m0[0m [1m([0m [1;36m0.0[0m%[1m)[0m  SecurePay: [1;36m185[0m [1m([0m [1;36m1.1[0m%[1m)[0m  QuickPay:  [1;36m15[0m [1m([0m [1;36m0.0[0m%[1m)[0m  |  checkout failures [32m  [0m[1;32m1.0[0m[32m%[0m [1;31mOUTAGE INJECTED[0m [33mrouting: FastPay -> SecurePay[0m
t+ 137s  FastPay:   [1;36m0[0m [1m([0m [1;36m0.0[0m%[1m)[0m  SecurePay: [1;36m179[0m [1m([0m [1;36m0.0[0m%[1m)[0m  QuickPay:  [1;36m21[0m [1m([0m [1;36m0.0[0m%[1m)[0m  |  checkout failures [32m  [0m[1;32m0.0[0m[32m%[0m [1;31mOUTAGE INJECTED[0m [33mrouting: FastPay -> SecurePay[0m
t+ 138s  FastPay:   [1;36m0[0m [1m([0m [1;36m0.0[0m%[1m)[0m  SecurePay: [1;36m183[0m [1m([0m [1;36m2.2[0m%[1m)[0m  QuickPay:  [1;36m17[0m [1m([0m [1;36m0.0[0m%[1m)[0m  |  checkout failures [32m  [0m[1;32m2.0[0m[32m%[0m [1;31mOUTAGE INJECTED[0m [33mrouting: FastPay -> SecurePay[0m
t+ 139s  FastPay:   [1;36m0[0m [1m([0m [1;36m0.0[0m%[1m)[0m  SecurePay: [1;36m180[0m [1m([0m [1;36m0.0[0m%[1m)[0m  QuickPay:  [1;36m20[0m [1m([0m [1;36m0.0[0m%[1m)[0m  |  checkout failures [32m  [0m[1;32m0.0[0m[32m%[0m [1;31mOUTAGE INJECTED[0m [33mrouting: FastPay -> SecurePay[0m
t+ 140s  FastPay:   [1;36m0[0m [1m([0m [1;36m0.0[0m%[1m)[0m  SecurePay: [1;36m171[0m [1m([0m [1;36m1.2[0m%[1m)[0m  QuickPay:  [1;36m29[0m [1m([0m [1;36m0.0[0m%[1m)[0m  |  checkout failures [32m  [0m[1;32m1.0[0m[32m%[0m [1;31mOUTAGE INJECTED[0m [33mrouting: FastPay -> SecurePay[0m
t+ 141s  FastPay:   [1;36m0[0m [1m([0m [1;36m0.0[0m%[1m)[0m  SecurePay: [1;36m183[0m [1m([0m [1;36m0.5[0m%[1m)[0m  QuickPay:  [1;36m17[0m [1m([0m [1;36m0.0[0m%[1m)[0m  |  checkout failures [32m  [0m[1;32m0.5[0m[32m%[0m [1;31mOUTAGE INJECTED[0m [33mrouting: FastPay -> SecurePay[0m
t+ 142s  FastPay:   [1;36m0[0m [1m([0m [1;36m0.0[0m%[1m)[0m  SecurePay: [1;36m177[0m [1m([0m [1;36m1.1[0m%[1m)[0m  QuickPay:  [1;36m23[0m [1m([0m [1;36m0.0[0m%[1m)[0m  |  checkout failures [32m  [0m[1;32m1.0[0m[32m%[0m [1;31mOUTAGE INJECTED[0m [33mrouting: FastPay -> SecurePay[0m
t+ 143s  FastPay:   [1;36m0[0m [1m([0m [1;36m0.0[0m%[1m)[0m  SecurePay: [1;36m188[0m [1m([0m [1;36m0.5[0m%[1m)[0m  QuickPay:  [1;36m12[0m [1m([0m [1;36m0.0[0m%[1m)[0m  |  checkout failures [32m  [0m[1;32m0.5[0m[32m%[0m [1;31mOUTAGE INJECTED[0m [33mrouting: FastPay -> SecurePay[0m
t+ 144s  FastPay:   [1;36m0[0m [1m([0m [1;36m0.0[0m%[1m)[0m  SecurePay: [1;36m173[0m [1m([0m [1;36m0.0[0m%[1m)[0m  QuickPay:  [1;36m27[0m [1m([0m [1;36m0.0[0m%[1m)[0m  |  checkout failures [32m  [0m[1;32m0.0[0m[32m%[0m [1;31mOUTAGE INJECTED[0m [33mrouting: FastPay -> SecurePay[0m
t+ 145s  FastPay:   [1;36m0[0m [1m([0m [1;36m0.0[0m%[1m)[0m  SecurePay: [1;36m182[0m [1m([0m [1;36m1.1[0m%[1m)[0m  QuickPay:  [1;36m18[0m [1m([0m [1;36m5.6[0m%[1m)[0m  |  checkout failures [32m  [0m[1;32m1.5[0m[32m%[0m [1;31mOUTAGE INJECTED[0m [33mrouting: FastPay -> SecurePay[0m
t+ 146s  FastPay:   [1;36m0[0m [1m([0m [1;36m0.0[0m%[1m)[0m  SecurePay: [1;36m179[0m [1m([0m [1;36m1.1[0m%[1m)[0m  QuickPay:  [1;36m21[0m [1m([0m [1;36m0.0[0m%[1m)[0m  |  checkout failures [32m  [0m[1;32m1.0[0m[32m%[0m [1;31mOUTAGE INJECTED[0m [33mrouting: FastPay -> SecurePay[0m
t+ 147s  FastPay:   [1;36m0[0m [1m([0m [1;36m0.0[0m%[1m)[0m  SecurePay: [1;36m178[0m [1m([0m [1;36m0.0[0m%[1m)[0m  QuickPay:  [1;36m22[0m [1m([0m [1;36m0.0[0m%[1m)[0m  |  checkout failures [32m  [0m[1;32m0.0[0m[32m%[0m [1;31mOUTAGE INJECTED[0m [33mrouting: FastPay -> SecurePay[0m
t+ 148s  FastPay:   [1;36m0[0m [1m([0m [1;36m0.0[0m%[1m)[0m  SecurePay: [1;36m174[0m [1m([0m [1;36m0.0[0m%[1m)[0m  QuickPay:  [1;36m26[0m [1m([0m [1;36m3.8[0m%[1m)[0m  |  checkout failures [32m  [0m[1;32m0.5[0m[32m%[0m [1;31mOUTAGE INJECTED[0m [33mrouting: FastPay -> SecurePay[0m
t+ 149s  FastPay:   [1;36m0[0m [1m([0m [1;36m0.0[0m%[1m)[0m  SecurePay: [1;36m181[0m [1m([0m [1;36m0.0[0m%[1m)[0m  QuickPay:  [1;36m19[0m [1m([0m [1;36m0.0[0m%[1m)[0m  |  checkout failures [32m  [0m[1;32m0.0[0m[32m%[0m [1;31mOUTAGE INJECTED[0m [33mrouting: FastPay -> SecurePay[0m
t+ 150s  FastPay:   [1;36m0[0m [1m([0m [1;36m0.0[0m%[1m)[0m  SecurePay: [1;36m172[0m [1m([0m [1;36m0.6[0m%[1m)[0m  QuickPay:  [1;36m28[0m [1m([0m [1;36m7.1[0m%[1m)[0m  |  checkout failures [32m  [0m[1;32m1.5[0m[32m%[0m [1;31mOUTAGE INJECTED[0m [33mrouting: FastPay -> SecurePay[0m
t+ 151s  FastPay:   [1;36m0[0m [1m([0m [1;36m0.0[0m%[1m)[0m  SecurePay: [1;36m182[0m [1m([0m [1;36m0.5[0m%[1m)[0m  QuickPay:  [1;36m18[0m [1m([0m [1;36m0.0[0m%[1m)[0m  |  checkout failures [32m  [0m[1;32m0.5[0m[32m%[0m [1;31mOUTAGE INJECTED[0m [33mrouting: FastPay -> SecurePay[0m
t+ 152s  FastPay:   [1;36m0[0m [1m([0m [1;36m0.0[0m%[1m)[0m  SecurePay: [1;36m182[0m [1m([0m [1;36m0.5[0m%[1m)[0m  QuickPay:  [1;36m18[0m [1m([0m [1;36m0.0[0m%[1m)[0m  |  checkout failures [32m  [0m[1;32m0.5[0m[32m%[0m [1;31mOUTAGE INJECTED[0m [33mrouting: FastPay -> SecurePay[0m
t+ 153s  FastPay:   [1;36m0[0m [1m([0m [1;36m0.0[0m%[1m)[0m  SecurePay: [1;36m179[0m [1m([0m [1;36m0.6[0m%[1m)[0m  QuickPay:  [1;36m21[0m [1m([0m [1;36m0.0[0m%[1m)[0m  |  checkout failures [32m  [0m[1;32m0.5[0m[32m%[0m [1;31mOUTAGE INJECTED[0m [33mrouting: FastPay -> SecurePay[0m
t+ 154s  FastPay:   [1;36m0[0m [1m([0m [1;36m0.0[0m%[1m)[0m  SecurePay: [1;36m175[0m [1m([0m [1;36m0.0[0m%[1m)[0m  QuickPay:  [1;36m25[0m [1m([0m [1;36m0.0[0m%[1m)[0m  |  checkout failures [32m  [0m[1;32m0.0[0m[32m%[0m [1;31mOUTAGE INJECTED[0m [33mrouting: FastPay -> SecurePay[0m
t+ 155s  FastPay:   [1;36m0[0m [1m([0m [1;36m0.0[0m%[1m)[0m  SecurePay: [1;36m185[0m [1m([0m [1;36m0.5[0m%[1m)[0m  QuickPay:  [1;36m15[0m [1m([0m [1;36m0.0[0m%[1m)[0m  |  checkout failures [32m  [0m[1;32m0.5[0m[32m%[0m [1;31mOUTAGE INJECTED[0m [33mrouting: FastPay -> SecurePay[0m
t+ 156s  FastPay:   [1;36m0[0m [1m([0m [1;36m0.0[0m%[1m)[0m  SecurePay: [1;36m184[0m [1m([0m [1;36m0.0[0m%[1m)[0m  QuickPay:  [1;36m16[0m [1m([0m [1;36m0.0[0m%[1m)[0m  |  checkout failures [32m  [0m[1;32m0.0[0m[32m%[0m [1;31mOUTAGE INJECTED[0m [33mrouting: FastPay -> SecurePay[0m
t+ 157s  FastPay:   [1;36m0[0m [1m([0m [1;36m0.0[0m%[1m)[0m  SecurePay: [1;36m169[0m [1m([0m [1;36m0.0[0m%[1m)[0m  QuickPay:  [1;36m31[0m [1m([0m [1;36m0.0[0m%[1m)[0m  |  checkout failures [32m  [0m[1;32m0.0[0m[32m%[0m [1;31mOUTAGE INJECTED[0m [33mrouting: FastPay -> SecurePay[0m
t+ 158s  FastPay:   [1;36m0[0m [1m([0m [1;36m0.0[0m%[1m)[0m  SecurePay: [1;36m183[0m [1m([0m [1;36m1.1[0m%[1m)[0m  QuickPay:  [1;36m17[0m [1m([0m [1;36m0.0[0m%[1m)[0m  |  checkout failures [32m  [0m[1;32m1.0[0m[32m%[0m [1;31mOUTAGE INJECTED[0m [33mrouting: FastPay -> SecurePay[0m
t+ 159s  FastPay:   [1;36m0[0m [1m([0m [1;36m0.0[0m%[1m)[0m  SecurePay: [1;36m187[0m [1m([0m [1;36m0.0[0m%[1m)[0m  QuickPay:  [1;36m13[0m [1m([0m [1;36m0.0[0m%[1m)[0m  |  checkout failures [32m  [0m[1;32m0.0[0m[32m%[0m [1;31mOUTAGE INJECTED[0m [33mrouting: FastPay -> SecurePay[0m
t+ 160s  FastPay:   [1;36m0[0m [1m([0m [1;36m0.0[0m%[1m)[0m  SecurePay: [1;36m181[0m [1m([0m [1;36m0.6[0m%[1m)[0m  QuickPay:  [1;36m19[0m [1m([0m [1;36m0.0[0m%[1m)[0m  |  checkout failures [32m  [0m[1;32m0.5[0m[32m%[0m [1;31mOUTAGE INJECTED[0m [33mrouting: FastPay -> SecurePay[0m
t+ 161s  FastPay:   [1;36m0[0m [1m([0m [1;36m0.0[0m%[1m)[0m  SecurePay: [1;36m180[0m [1m([0m [1;36m0.0[0m%[1m)[0m  QuickPay:  [1;36m20[0m [1m([0m [1;36m0.0[0m%[1m)[0m  |  checkout failures [32m  [0m[1;32m0.0[0m[32m%[0m [1;31mOUTAGE INJECTED[0m [33mrouting: FastPay -> SecurePay[0m
t+ 162s  FastPay:   [1;36m0[0m [1m([0m [1;36m0.0[0m%[1m)[0m  SecurePay: [1;36m184[0m [1m([0m [1;36m0.5[0m%[1m)[0m  QuickPay:  [1;36m16[0m [1m([0m [1;36m0.0[0m%[1m)[0m  |  checkout failures [32m  [0m[1;32m0.5[0m[32m%[0m [1;31mOUTAGE INJECTED[0m [33mrouting: FastPay -> SecurePay[0m
t+ 163s  FastPay:   [1;36m0[0m [1m([0m [1;36m0.0[0m%[1m)[0m  SecurePay: [1;36m181[0m [1m([0m [1;36m0.0[0m%[1m)[0m  QuickPay:  [1;36m19[0m [1m([0m[1;36m10.5[0m%[1m)[0m  |  checkout failures [32m  [0m[1;32m1.0[0m[32m%[0m [1;31mOUTAGE INJECTED[0m [33mrouting: FastPay -> SecurePay[0m
t+ 164s  FastPay:   [1;36m0[0m [1m([0m [1;36m0.0[0m%[1m)[0m  SecurePay: [1;36m183[0m [1m([0m [1;36m0.0[0m%[1m)[0m  QuickPay:  [1;36m17[0m [1m([0m [1;36m0.0[0m%[1m)[0m  |  checkout failures [32m  [0m[1;32m0.0[0m[32m%[0m [1;31mOUTAGE INJECTED[0m [33mrouting: FastPay -> SecurePay[0m
t+ 165s  FastPay:   [1;36m0[0m [1m([0m [1;36m0.0[0m%[1m)[0m  SecurePay: [1;36m177[0m [1m([0m [1;36m0.6[0m%[1m)[0m  QuickPay:  [1;36m23[0m [1m([0m [1;36m4.3[0m%[1m)[0m  |  checkout failures [32m  [0m[1;32m1.0[0m[32m%[0m [1;31mOUTAGE INJECTED[0m [33mrouting: FastPay -> SecurePay[0m
t+ 166s  FastPay:   [1;36m0[0m [1m([0m [1;36m0.0[0m%[1m)[0m  SecurePay: [1;36m177[0m [1m([0m [1;36m0.6[0m%[1m)[0m  QuickPay:  [1;36m23[0m [1m([0m [1;36m0.0[0m%[1m)[0m  |  checkout failures [32m  [0m[1;32m0.5[0m[32m%[0m [1;31mOUTAGE INJECTED[0m [33mrouting: FastPay -> SecurePay[0m
t+ 167s  FastPay:   [1;36m0[0m [1m([0m [1;36m0.0[0m%[1m)[0m  SecurePay: [1;36m176[0m [1m([0m [1;36m1.1[0m%[1m)[0m  QuickPay:  [1;36m24[0m [1m([0m [1;36m0.0[0m%[1m)[0m  |  checkout failures [32m  [0m[1;32m1.0[0m[32m%[0m [1;31mOUTAGE INJECTED[0m [33mrouting: FastPay -> SecurePay[0m
t+ 168s  FastPay:   [1;36m0[0m [1m([0m [1;36m0.0[0m%[1m)[0m  SecurePay: [1;36m176[0m [1m([0m [1;36m1.1[0m%[1m)[0m  QuickPay:  [1;36m24[0m [1m([0m [1;36m0.0[0m%[1m)[0m  |  checkout failures [32m  [0m[1;32m1.0[0m[32m%[0m [1;31mOUTAGE INJECTED[0m [33mrouting: FastPay -> SecurePay[0m
t+ 169s  FastPay:   [1;36m0[0m [1m([0m [1;36m0.0[0m%[1m)[0m  SecurePay: [1;36m174[0m [1m([0m [1;36m1.1[0m%[1m)[0m  QuickPay:  [1;36m26[0m [1m([0m [1;36m0.0[0m%[1m)[0m  |  checkout failures [32m  [0m[1;32m1.0[0m[32m%[0m [1;31mOUTAGE INJECTED[0m [33mrouting: FastPay -> SecurePay[0m
t+ 170s  FastPay:   [1;36m0[0m [1m([0m [1;36m0.0[0m%[1m)[0m  SecurePay: [1;36m181[0m [1m([0m [1;36m0.6[0m%[1m)[0m  QuickPay:  [1;36m19[0m [1m([0m [1;36m0.0[0m%[1m)[0m  |  checkout failures [32m  [0m[1;32m0.5[0m[32m%[0m [1;31mOUTAGE INJECTED[0m [33mrouting: FastPay -> SecurePay[0m
t+ 171s  FastPay:   [1;36m0[0m [1m([0m [1;36m0.0[0m%[1m)[0m  SecurePay: [1;36m179[0m [1m([0m [1;36m0.0[0m%[1m)[0m  QuickPay:  [1;36m21[0m [1m([0m [1;36m0.0[0m%[1m)[0m  |  checkout failures [32m  [0m[1;32m0.0[0m[32m%[0m [1;31mOUTAGE INJECTED[0m [33mrouting: FastPay -> SecurePay[0m
t+ 172s  FastPay:   [1;36m0[0m [1m([0m [1;36m0.0[0m%[1m)[0m  SecurePay: [1;36m178[0m [1m([0m [1;36m0.0[0m%[1m)[0m  QuickPay:  [1;36m22[0m [1m([0m [1;36m0.0[0m%[1m)[0m  |  checkout failures [32m  [0m[1;32m0.0[0m[32m%[0m [1;31mOUTAGE INJECTED[0m [33mrouting: FastPay -> SecurePay[0m
t+ 173s  FastPay:   [1;36m0[0m [1m([0m [1;36m0.0[0m%[1m)[0m  SecurePay: [1;36m185[0m [1m([0m [1;36m0.5[0m%[1m)[0m  QuickPay:  [1;36m15[0m [1m([0m [1;36m0.0[0m%[1m)[0m  |  checkout failures [32m  [0m[1;32m0.5[0m[32m%[0m [1;31mOUTAGE INJECTED[0m [33mrouting: FastPay -> SecurePay[0m
t+ 174s  FastPay:   [1;36m0[0m [1m([0m [1;36m0.0[0m%[1m)[0m  SecurePay: [1;36m175[0m [1m([0m [1;36m1.1[0m%[1m)[0m  QuickPay:  [1;36m25[0m [1m([0m [1;36m0.0[0m%[1m)[0m  |  checkout failures [32m  [0m[1;32m1.0[0m[32m%[0m [1;31mOUTAGE INJECTED[0m [33mrouting: FastPay -> SecurePay[0m
t+ 175s  FastPay:   [1;36m0[0m [1m([0m [1;36m0.0[0m%[1m)[0m  SecurePay: [1;36m175[0m [1m([0m [1;36m0.6[0m%[1m)[0m  QuickPay:  [1;36m25[0m [1m([0m [1;36m0.0[0m%[1m)[0m  |  checkout failures [32m  [0m[1;32m0.5[0m[32m%[0m [1;31mOUTAGE INJECTED[0m [33mrouting: FastPay -> SecurePay[0m
t+ 176s  FastPay:   [1;36m0[0m [1m([0m [1;36m0.0[0m%[1m)[0m  SecurePay: [1;36m187[0m [1m([0m [1;36m1.1[0m%[1m)[0m  QuickPay:  [1;36m13[0m [1m([0m [1;36m0.0[0m%[1m)[0m  |  checkout failures [32m  [0m[1;32m1.0[0m[32m%[0m [1;31mOUTAGE INJECTED[0m [33mrouting: FastPay -> SecurePay[0m
t+ 177s  FastPay:   [1;36m0[0m [1m([0m [1;36m0.0[0m%[1m)[0m  SecurePay: [1;36m176[0m [1m([0m [1;36m1.7[0m%[1m)[0m  QuickPay:  [1;36m24[0m [1m([0m [1;36m0.0[0m%[1m)[0m  |  checkout failures [32m  [0m[1;32m1.5[0m[32m%[0m [1;31mOUTAGE INJECTED[0m [33mrouting: FastPay -> SecurePay[0m
t+ 178s  FastPay:   [1;36m0[0m [1m([0m [1;36m0.0[0m%[1m)[0m  SecurePay: [1;36m180[0m [1m([0m [1;36m0.6[0m%[1m)[0m  QuickPay:  [1;36m20[0m [1m([0m [1;36m0.0[0m%[1m)[0m  |  checkout failures [32m  [0m[1;32m0.5[0m[32m%[0m [1;31mOUTAGE INJECTED[0m [33mrouting: FastPay -> SecurePay[0m
t+ 179s  FastPay:   [1;36m0[0m [1m([0m [1;36m0.0[0m%[1m)[0m  SecurePay: [1;36m180[0m [1m([0m [1;36m1.7[0m%[1m)[0m  QuickPay:  [1;36m20[0m [1m([0m [1;36m5.0[0m%[1m)[0m  |  checkout failures [32m  [0m[1;32m2.0[0m[32m%[0m [1;31mOUTAGE INJECTED[0m [33mrouting: FastPay -> SecurePay[0m
t+ 180s  FastPay:   [1;36m0[0m [1m([0m [1;36m0.0[0m%[1m)[0m  SecurePay: [1;36m184[0m [1m([0m [1;36m0.5[0m%[1m)[0m  QuickPay:  [1;36m16[0m [1m([0m [1;36m0.0[0m%[1m)[0m  |  checkout failures [32m  [0m[1;32m0.5[0m[32m%[0m [1;31mOUTAGE INJECTED[0m [33mrouting: FastPay -> SecurePay[0m
t+ 181s  FastPay:   [1;36m0[0m [1m([0m [1;36m0.0[0m%[1m)[0m  SecurePay: [1;36m187[0m [1m([0m [1;36m0.0[0m%[1m)[0m  QuickPay:  [1;36m13[0m [1m([0m [1;36m0.0[0m%[1m)[0m  |  checkout failures [32m  [0m[1;32m0.0[0m[32m%[0m [1;31mOUTAGE INJECTED[0m [33mrouting: FastPay -> SecurePay[0m
t+ 182s  FastPay:   [1;36m0[0m [1m([0m [1;36m0.0[0m%[1m)[0m  SecurePay: [1;36m181[0m [1m([0m [1;36m0.0[0m%[1m)[0m  QuickPay:  [1;36m19[0m [1m([0m [1;36m5.3[0m%[1m)[0m  |  checkout failures [32m  [0m[1;32m0.5[0m[32m%[0m [1;31mOUTAGE INJECTED[0m [33mrouting: FastPay -> SecurePay[0m
t+ 183s  FastPay:   [1;36m0[0m [1m([0m [1;36m0.0[0m%[1m)[0m  SecurePay: [1;36m178[0m [1m([0m [1;36m1.1[0m%[1m)[0m  QuickPay:  [1;36m22[0m [1m([0m [1;36m0.0[0m%[1m)[0m  |  checkout failures [32m  [0m[1;32m1.0[0m[32m%[0m [1;31mOUTAGE INJECTED[0m [33mrouting: FastPay -> SecurePay[0m
t+ 184s  FastPay:   [1;36m0[0m [1m([0m [1;36m0.0[0m%[1m)[0m  SecurePay: [1;36m180[0m [1m([0m [1;36m1.1[0m%[1m)[0m  QuickPay:  [1;36m20[0m [1m([0m [1;36m0.0[0m%[1m)[0m  |  checkout failures [32m  [0m[1;32m1.0[0m[32m%[0m [1;31mOUTAGE INJECTED[0m [33mrouting: FastPay -> SecurePay[0m
t+ 185s  FastPay:   [1;36m0[0m [1m([0m [1;36m0.0[0m%[1m)[0m  SecurePay: [1;36m169[0m [1m([0m [1;36m0.0[0m%[1m)[0m  QuickPay:  [1;36m31[0m [1m([0m [1;36m0.0[0m%[1m)[0m  |  checkout failures [32m  [0m[1;32m0.0[0m[32m%[0m [1;31mOUTAGE INJECTED[0m [33mrouting: FastPay -> SecurePay[0m
t+ 186s  FastPay:   [1;36m0[0m [1m([0m [1;36m0.0[0m%[1m)[0m  SecurePay: [1;36m176[0m [1m([0m [1;36m0.6[0m%[1m)[0m  QuickPay:  [1;36m24[0m [1m([0m [1;36m8.3[0m%[1m)[0m  |  checkout failures [32m  [0m[1;32m1.5[0m[32m%[0m [1;31mOUTAGE INJECTED[0m [33mrouting: FastPay -> SecurePay[0m
t+ 187s  FastPay:   [1;36m0[0m [1m([0m [1;36m0.0[0m%[1m)[0m  SecurePay: [1;36m178[0m [1m([0m [1;36m0.0[0m%[1m)[0m  QuickPay:  [1;36m22[0m [1m([0m [1;36m0.0[0m%[1m)[0m  |  checkout failures [32m  [0m[1;32m0.0[0m[32m%[0m [1;31mOUTAGE INJECTED[0m [33mrouting: FastPay -> SecurePay[0m
t+ 188s  FastPay:   [1;36m0[0m [1m([0m [1;36m0.0[0m%[1m)[0m  SecurePay: [1;36m178[0m [1m([0m [1;36m0.0[0m%[1m)[0m  QuickPay:  [1;36m22[0m [1m([0m [1;36m0.0[0m%[1m)[0m  |  checkout failures [32m  [0m[1;32m0.0[0m[32m%[0m [1;31mOUTAGE INJECTED[0m [33mrouting: FastPay -> SecurePay[0m
t+ 189s  FastPay:   [1;36m0[0m [1m([0m [1;36m0.0[0m%[1m)[0m  SecurePay: [1;36m169[0m [1m([0m [1;36m1.2[0m%[1m)[0m  QuickPay:  [1;36m31[0m [1m([0m [1;36m0.0[0m%[1m)[0m  |  checkout failures [32m  [0m[1;32m1.0[0m[32m%[0m [1;31mOUTAGE INJECTED[0m [33mrouting: FastPay -> SecurePay[0m
t+ 190s  FastPay:   [1;36m0[0m [1m([0m [1;36m0.0[0m%[1m)[0m  SecurePay: [1;36m183[0m [1m([0m [1;36m1.1[0m%[1m)[0m  QuickPay:  [1;36m17[0m [1m([0m [1;36m0.0[0m%[1m)[0m  |  checkout failures [32m  [0m[1;32m1.0[0m[32m%[0m [1;31mOUTAGE INJECTED[0m [33mrouting: FastPay -> SecurePay[0m
t+ 191s  FastPay:   [1;36m0[0m [1m([0m [1;36m0.0[0m%[1m)[0m  SecurePay: [1;36m174[0m [1m([0m [1;36m0.6[0m%[1m)[0m  QuickPay:  [1;36m26[0m [1m([0m [1;36m0.0[0m%[1m)[0m  |  checkout failures [32m  [0m[1;32m0.5[0m[32m%[0m [1;31mOUTAGE INJECTED[0m [33mrouting: FastPay -> SecurePay[0m
t+ 192s  FastPay:   [1;36m0[0m [1m([0m [1;36m0.0[0m%[1m)[0m  SecurePay: [1;36m178[0m [1m([0m [1;36m0.6[0m%[1m)[0m  QuickPay:  [1;36m22[0m [1m([0m [1;36m0.0[0m%[1m)[0m  |  checkout failures [32m  [0m[1;32m0.5[0m[32m%[0m [1;31mOUTAGE INJECTED[0m [33mrouting: FastPay -> SecurePay[0m
t+ 193s  FastPay:   [1;36m0[0m [1m([0m [1;36m0.0[0m%[1m)[0m  SecurePay: [1;36m185[0m [1m([0m [1;36m0.5[0m%[1m)[0m  QuickPay:  [1;36m15[0m [1m([0m [1;36m6.7[0m%[1m)[0m  |  checkout failures [32m  [0m[1;32m1.0[0m[32m%[0m [1;31mOUTAGE INJECTED[0m [33mrouting: FastPay -> SecurePay[0m
t+ 194s  FastPay:   [1;36m0[0m [1m([0m [1;36m0.0[0m%[1m)[0m  SecurePay: [1;36m173[0m [1m([0m [1;36m1.2[0m%[1m)[0m  QuickPay:  [1;36m27[0m [1m([0m [1;36m0.0[0m%[1m)[0m  |  checkout failures [32m  [0m[1;32m1.0[0m[32m%[0m [1;31mOUTAGE INJECTED[0m [33mrouting: FastPay -> SecurePay[0m
t+ 195s  FastPay:   [1;36m0[0m [1m([0m [1;36m0.0[0m%[1m)[0m  SecurePay: [1;36m184[0m [1m([0m [1;36m0.5[0m%[1m)[0m  QuickPay:  [1;36m16[0m [1m([0m [1;36m0.0[0m%[1m)[0m  |  checkout failures [32m  [0m[1;32m0.5[0m[32m%[0m [1;31mOUTAGE INJECTED[0m [33mrouting: FastPay -> SecurePay[0m
t+ 196s  FastPay:   [1;36m0[0m [1m([0m [1;36m0.0[0m%[1m)[0m  SecurePay: [1;36m176[0m [1m([0m [1;36m1.7[0m%[1m)[0m  QuickPay:  [1;36m24[0m [1m([0m [1;36m0.0[0m%[1m)[0m  |  checkout failures [32m  [0m[1;32m1.5[0m[32m%[0m [1;31mOUTAGE INJECTED[0m [33mrouting: FastPay -> SecurePay[0m
t+ 197s  FastPay:   [1;36m0[0m [1m([0m [1;36m0.0[0m%[1m)[0m  SecurePay: [1;36m184[0m [1m([0m [1;36m0.5[0m%[1m)[0m  QuickPay:  [1;36m16[0m [1m([0m [1;36m0.0[0m%[1m)[0m  |  checkout failures [32m  [0m[1;32m0.5[0m[32m%[0m [1;31mOUTAGE INJECTED[0m [33mrouting: FastPay -> SecurePay[0m
t+ 198s  FastPay:   [1;36m0[0m [1m([0m [1;36m0.0[0m%[1m)[0m  SecurePay: [1;36m180[0m [1m([0m [1;36m0.6[0m%[1m)[0m  QuickPay:  [1;36m20[0m [1m([0m [1;36m0.0[0m%[1m)[0m  |  checkout failures [32m  [0m[1;32m0.5[0m[32m%[0m [1;31mOUTAGE INJECTED[0m [33mrouting: FastPay -> SecurePay[0m
t+ 199s  FastPay:   [1;36m0[0m [1m([0m [1;36m0.0[0m%[1m)[0m  SecurePay: [1;36m177[0m [1m([0m [1;36m0.6[0m%[1m)[0m  QuickPay:  [1;36m23[0m [1m([0m [1;36m0.0[0m%[1m)[0m  |  checkout failures [32m  [0m[1;32m0.5[0m[32m%[0m [1;31mOUTAGE INJECTED[0m [33mrouting: FastPay -> SecurePay[0m
t+ 200s  FastPay:   [1;36m0[0m [1m([0m [1;36m0.0[0m%[1m)[0m  SecurePay: [1;36m184[0m [1m([0m [1;36m0.0[0m%[1m)[0m  QuickPay:  [1;36m16[0m [1m([0m [1;36m0.0[0m%[1m)[0m  |  checkout failures [32m  [0m[1;32m0.0[0m[32m%[0m [1;31mOUTAGE INJECTED[0m [33mrouting: FastPay -> SecurePay[0m
t+ 201s  FastPay:   [1;36m0[0m [1m([0m [1;36m0.0[0m%[1m)[0m  SecurePay: [1;36m172[0m [1m([0m [1;36m1.7[0m%[1m)[0m  QuickPay:  [1;36m28[0m [1m([0m [1;36m0.0[0m%[1m)[0m  |  checkout failures [32m  [0m[1;32m1.5[0m[32m%[0m [1;31mOUTAGE INJECTED[0m [33mrouting: FastPay -> SecurePay[0m
t+ 202s  FastPay:   [1;36m0[0m [1m([0m [1;36m0.0[0m%[1m)[0m  SecurePay: [1;36m188[0m [1m([0m [1;36m1.6[0m%[1m)[0m  QuickPay:  [1;36m12[0m [1m([0m [1;36m0.0[0m%[1m)[0m  |  checkout failures [32m  [0m[1;32m1.5[0m[32m%[0m [1;31mOUTAGE INJECTED[0m [33mrouting: FastPay -> SecurePay[0m
t+ 203s  FastPay:   [1;36m0[0m [1m([0m [1;36m0.0[0m%[1m)[0m  SecurePay: [1;36m184[0m [1m([0m [1;36m0.0[0m%[1m)[0m  QuickPay:  [1;36m16[0m [1m([0m [1;36m6.2[0m%[1m)[0m  |  checkout failures [32m  [0m[1;32m0.5[0m[32m%[0m [1;31mOUTAGE INJECTED[0m [33mrouting: FastPay -> SecurePay[0m
t+ 204s  FastPay:   [1;36m0[0m [1m([0m [1;36m0.0[0m%[1m)[0m  SecurePay: [1;36m179[0m [1m([0m [1;36m0.6[0m%[1m)[0m  QuickPay:  [1;36m21[0m [1m([0m [1;36m0.0[0m%[1m)[0m  |  checkout failures [32m  [0m[1;32m0.5[0m[32m%[0m [1;31mOUTAGE INJECTED[0m [33mrouting: FastPay -> SecurePay[0m
t+ 205s  FastPay:   [1;36m0[0m [1m([0m [1;36m0.0[0m%[1m)[0m  SecurePay: [1;36m180[0m [1m([0m [1;36m0.6[0m%[1m)[0m  QuickPay:  [1;36m20[0m [1m([0m [1;36m0.0[0m%[1m)[0m  |  checkout failures [32m  [0m[1;32m0.5[0m[32m%[0m [1;31mOUTAGE INJECTED[0m [33mrouting: FastPay -> SecurePay[0m
t+ 206s  FastPay:   [1;36m0[0m [1m([0m [1;36m0.0[0m%[1m)[0m  SecurePay: [1;36m185[0m [1m([0m [1;36m0.5[0m%[1m)[0m  QuickPay:  [1;36m15[0m [1m([0m [1;36m0.0[0m%[1m)[0m  |  checkout failures [32m  [0m[1;32m0.5[0m[32m%[0m [1;31mOUTAGE INJECTED[0m [33mrouting: FastPay -> SecurePay[0m
t+ 207s  FastPay:   [1;36m0[0m [1m([0m [1;36m0.0[0m%[1m)[0m  SecurePay: [1;36m184[0m [1m([0m [1;36m1.6[0m%[1m)[0m  QuickPay:  [1;36m16[0m [1m([0m [1;36m0.0[0m%[1m)[0m  |  checkout failures [32m  [0m[1;32m1.5[0m[32m%[0m [1;31mOUTAGE INJECTED[0m [33mrouting: FastPay -> SecurePay[0m
t+ 208s  FastPay:   [1;36m0[0m [1m([0m [1;36m0.0[0m%[1m)[0m  SecurePay: [1;36m178[0m [1m([0m [1;36m0.6[0m%[1m)[0m  QuickPay:  [1;36m22[0m [1m([0m [1;36m0.0[0m%[1m)[0m  |  checkout failures [32m  [0m[1;32m0.5[0m[32m%[0m [1;31mOUTAGE INJECTED[0m [33mrouting: FastPay -> SecurePay[0m
t+ 209s  FastPay:   [1;36m0[0m [1m([0m [1;36m0.0[0m%[1m)[0m  SecurePay: [1;36m179[0m [1m([0m [1;36m0.6[0m%[1m)[0m  QuickPay:  [1;36m21[0m [1m([0m [1;36m0.0[0m%[1m)[0m  |  checkout failures [32m  [0m[1;32m0.5[0m[32m%[0m [1;31mOUTAGE INJECTED[0m [33mrouting: FastPay -> SecurePay[0m
t+ 210s  FastPay:   [1;36m0[0m [1m([0m [1;36m0.0[0m%[1m)[0m  SecurePay: [1;36m182[0m [1m([0m [1;36m0.0[0m%[1m)[0m  QuickPay:  [1;36m18[0m [1m([0m [1;36m0.0[0m%[1m)[0m  |  checkout failures [32m  [0m[1;32m0.0[0m[32m%[0m [1;31mOUTAGE INJECTED[0m [33mrouting: FastPay -> SecurePay[0m
t+ 211s  FastPay:   [1;36m0[0m [1m([0m [1;36m0.0[0m%[1m)[0m  SecurePay: [1;36m178[0m [1m([0m [1;36m1.1[0m%[1m)[0m  QuickPay:  [1;36m22[0m [1m([0m [1;36m0.0[0m%[1m)[0m  |  checkout failures [32m  [0m[1;32m1.0[0m[32m%[0m [1;31mOUTAGE INJECTED[0m [33mrouting: FastPay -> SecurePay[0m
t+ 212s  FastPay:   [1;36m0[0m [1m([0m [1;36m0.0[0m%[1m)[0m  SecurePay: [1;36m182[0m [1m([0m [1;36m0.5[0m%[1m)[0m  QuickPay:  [1;36m18[0m [1m([0m [1;36m0.0[0m%[1m)[0m  |  checkout failures [32m  [0m[1;32m0.5[0m[32m%[0m [1;31mOUTAGE INJECTED[0m [33mrouting: FastPay -> SecurePay[0m
t+ 213s  FastPay:   [1;36m0[0m [1m([0m [1;36m0.0[0m%[1m)[0m  SecurePay: [1;36m178[0m [1m([0m [1;36m0.6[0m%[1m)[0m  QuickPay:  [1;36m22[0m [1m([0m [1;36m0.0[0m%[1m)[0m  |  checkout failures [32m  [0m[1;32m0.5[0m[32m%[0m [1;31mOUTAGE INJECTED[0m [33mrouting: FastPay -> SecurePay[0m
t+ 214s  FastPay:   [1;36m0[0m [1m([0m [1;36m0.0[0m%[1m)[0m  SecurePay: [1;36m181[0m [1m([0m [1;36m0.6[0m%[1m)[0m  QuickPay:  [1;36m19[0m [1m([0m [1;36m0.0[0m%[1m)[0m  |  checkout failures [32m  [0m[1;32m0.5[0m[32m%[0m [1;31mOUTAGE INJECTED[0m [33mrouting: FastPay -> SecurePay[0m
t+ 215s  FastPay:   [1;36m0[0m [1m([0m [1;36m0.0[0m%[1m)[0m  SecurePay: [1;36m177[0m [1m([0m [1;36m1.1[0m%[1m)[0m  QuickPay:  [1;36m23[0m [1m([0m [1;36m0.0[0m%[1m)[0m  |  checkout failures [32m  [0m[1;32m1.0[0m[32m%[0m [1;31mOUTAGE INJECTED[0m [33mrouting: FastPay -> SecurePay[0m
t+ 216s  FastPay:   [1;36m0[0m [1m([0m [1;36m0.0[0m%[1m)[0m  SecurePay: [1;36m175[0m [1m([0m [1;36m1.1[0m%[1m)[0m  QuickPay:  [1;36m25[0m [1m([0m [1;36m0.0[0m%[1m)[0m  |  checkout failures [32m  [0m[1;32m1.0[0m[32m%[0m [1;31mOUTAGE INJECTED[0m [33mrouting: FastPay -> SecurePay[0m
t+ 217s  FastPay:   [1;36m0[0m [1m([0m [1;36m0.0[0m%[1m)[0m  SecurePay: [1;36m181[0m [1m([0m [1;36m1.1[0m%[1m)[0m  QuickPay:  [1;36m19[0m [1m([0m [1;36m0.0[0m%[1m)[0m  |  checkout failures [32m  [0m[1;32m1.0[0m[32m%[0m [1;31mOUTAGE INJECTED[0m [33mrouting: FastPay -> SecurePay[0m
t+ 218s  FastPay:   [1;36m0[0m [1m([0m [1;36m0.0[0m%[1m)[0m  SecurePay: [1;36m176[0m [1m([0m [1;36m0.6[0m%[1m)[0m  QuickPay:  [1;36m24[0m [1m([0m [1;36m0.0[0m%[1m)[0m  |  checkout failures [32m  [0m[1;32m0.5[0m[32m%[0m [1;31mOUTAGE INJECTED[0m [33mrouting: FastPay -> SecurePay[0m
t+ 219s  FastPay:   [1;36m0[0m [1m([0m [1;36m0.0[0m%[1m)[0m  SecurePay: [1;36m185[0m [1m([0m [1;36m1.1[0m%[1m)[0m  QuickPay:  [1;36m15[0m [1m([0m [1;36m6.7[0m%[1m)[0m  |  checkout failures [32m  [0m[1;32m1.5[0m[32m%[0m [1;31mOUTAGE INJECTED[0m [33mrouting: FastPay -> SecurePay[0m
t+ 220s  FastPay:   [1;36m0[0m [1m([0m [1;36m0.0[0m%[1m)[0m  SecurePay: [1;36m180[0m [1m([0m [1;36m0.6[0m%[1m)[0m  QuickPay:  [1;36m20[0m [1m([0m[1;36m10.0[0m%[1m)[0m  |  checkout failures [32m  [0m[1;32m1.5[0m[32m%[0m [1;31mOUTAGE INJECTED[0m [33mrouting: FastPay -> SecurePay[0m
t+ 221s  FastPay:   [1;36m0[0m [1m([0m [1;36m0.0[0m%[1m)[0m  SecurePay: [1;36m179[0m [1m([0m [1;36m0.6[0m%[1m)[0m  QuickPay:  [1;36m21[0m [1m([0m [1;36m0.0[0m%[1m)[0m  |  checkout failures [32m  [0m[1;32m0.5[0m[32m%[0m [1;31mOUTAGE INJECTED[0m [33mrouting: FastPay -> SecurePay[0m
t+ 222s  FastPay:   [1;36m0[0m [1m([0m [1;36m0.0[0m%[1m)[0m  SecurePay: [1;36m174[0m [1m([0m [1;36m0.0[0m%[1m)[0m  QuickPay:  [1;36m26[0m [1m([0m [1;36m0.0[0m%[1m)[0m  |  checkout failures [32m  [0m[1;32m0.0[0m[32m%[0m [1;31mOUTAGE INJECTED[0m [33mrouting: FastPay -> SecurePay[0m
t+ 223s  FastPay:   [1;36m0[0m [1m([0m [1;36m0.0[0m%[1m)[0m  SecurePay: [1;36m179[0m [1m([0m [1;36m1.1[0m%[1m)[0m  QuickPay:  [1;36m21[0m [1m([0m [1;36m0.0[0m%[1m)[0m  |  checkout failures [32m  [0m[1;32m1.0[0m[32m%[0m [1;31mOUTAGE INJECTED[0m [33mrouting: FastPay -> SecurePay[0m
t+ 224s  FastPay:   [1;36m0[0m [1m([0m [1;36m0.0[0m%[1m)[0m  SecurePay: [1;36m187[0m [1m([0m [1;36m1.1[0m%[1m)[0m  QuickPay:  [1;36m13[0m [1m([0m [1;36m7.7[0m%[1m)[0m  |  checkout failures [32m  [0m[1;32m1.5[0m[32m%[0m [1;31mOUTAGE INJECTED[0m [33mrouting: FastPay -> SecurePay[0m
t+ 225s  FastPay:   [1;36m0[0m [1m([0m [1;36m0.0[0m%[1m)[0m  SecurePay: [1;36m180[0m [1m([0m [1;36m0.6[0m%[1m)[0m  QuickPay:  [1;36m20[0m [1m([0m [1;36m0.0[0m%[1m)[0m  |  checkout failures [32m  [0m[1;32m0.5[0m[32m%[0m [1;31mOUTAGE INJECTED[0m [33mrouting: FastPay -> SecurePay[0m
t+ 226s  FastPay:   [1;36m0[0m [1m([0m [1;36m0.0[0m%[1m)[0m  SecurePay: [1;36m179[0m [1m([0m [1;36m0.6[0m%[1m)[0m  QuickPay:  [1;36m21[0m [1m([0m [1;36m0.0[0m%[1m)[0m  |  checkout failures [32m  [0m[1;32m0.5[0m[32m%[0m [1;31mOUTAGE INJECTED[0m [33mrouting: FastPay -> SecurePay[0m
t+ 227s  FastPay:   [1;36m0[0m [1m([0m [1;36m0.0[0m%[1m)[0m  SecurePay: [1;36m186[0m [1m([0m [1;36m0.5[0m%[1m)[0m  QuickPay:  [1;36m14[0m [1m([0m[1;36m14.3[0m%[1m)[0m  |  checkout failures [32m  [0m[1;32m1.5[0m[32m%[0m [1;31mOUTAGE INJECTED[0m [33mrouting: FastPay -> SecurePay[0m
t+ 228s  FastPay:   [1;36m0[0m [1m([0m [1;36m0.0[0m%[1m)[0m  SecurePay: [1;36m180[0m [1m([0m [1;36m0.6[0m%[1m)[0m  QuickPay:  [1;36m20[0m [1m([0m [1;36m0.0[0m%[1m)[0m  |  checkout failures [32m  [0m[1;32m0.5[0m[32m%[0m [1;31mOUTAGE INJECTED[0m [33mrouting: FastPay -> SecurePay[0m
t+ 229s  FastPay:   [1;36m0[0m [1m([0m [1;36m0.0[0m%[1m)[0m  SecurePay: [1;36m183[0m [1m([0m [1;36m1.1[0m%[1m)[0m  QuickPay:  [1;36m17[0m [1m([0m [1;36m0.0[0m%[1m)[0m  |  checkout failures [32m  [0m[1;32m1.0[0m[32m%[0m [1;31mOUTAGE INJECTED[0m [33mrouting: FastPay -> SecurePay[0m
t+ 230s  FastPay:   [1;36m0[0m [1m([0m [1;36m0.0[0m%[1m)[0m  SecurePay: [1;36m181[0m [1m([0m [1;36m1.1[0m%[1m)[0m  QuickPay:  [1;36m19[0m [1m([0m [1;36m0.0[0m%[1m)[0m  |  checkout failures [32m  [0m[1;32m1.0[0m[32m%[0m [1;31mOUTAGE INJECTED[0m [33mrouting: FastPay -> SecurePay[0m
t+ 231s  FastPay:   [1;36m0[0m [1m([0m [1;36m0.0[0m%[1m)[0m  SecurePay: [1;36m183[0m [1m([0m [1;36m0.0[0m%[1m)[0m  QuickPay:  [1;36m17[0m [1m([0m [1;36m0.0[0m%[1m)[0m  |  checkout failures [32m  [0m[1;32m0.0[0m[32m%[0m [1;31mOUTAGE INJECTED[0m [33mrouting: FastPay -> SecurePay[0m
t+ 232s  FastPay:   [1;36m0[0m [1m([0m [1;36m0.0[0m%[1m)[0m  SecurePay: [1;36m179[0m [1m([0m [1;36m0.0[0m%[1m)[0m  QuickPay:  [1;36m21[0m [1m([0m [1;36m0.0[0m%[1m)[0m  |  checkout failures [32m  [0m[1;32m0.0[0m[32m%[0m [1;31mOUTAGE INJECTED[0m [33mrouting: FastPay -> SecurePay[0m
t+ 233s  FastPay:   [1;36m0[0m [1m([0m [1;36m0.0[0m%[1m)[0m  SecurePay: [1;36m177[0m [1m([0m [1;36m1.1[0m%[1m)[0m  QuickPay:  [1;36m23[0m [1m([0m [1;36m0.0[0m%[1m)[0m  |  checkout failures [32m  [0m[1;32m1.0[0m[32m%[0m [1;31mOUTAGE INJECTED[0m [33mrouting: FastPay -> SecurePay[0m
t+ 234s  FastPay:   [1;36m0[0m [1m([0m [1;36m0.0[0m%[1m)[0m  SecurePay: [1;36m181[0m [1m([0m [1;36m1.7[0m%[1m)[0m  QuickPay:  [1;36m19[0m [1m([0m [1;36m0.0[0m%[1m)[0m  |  checkout failures [32m  [0m[1;32m1.5[0m[32m%[0m [1;31mOUTAGE INJECTED[0m [33mrouting: FastPay -> SecurePay[0m
t+ 235s  FastPay:   [1;36m0[0m [1m([0m [1;36m0.0[0m%[1m)[0m  SecurePay: [1;36m183[0m [1m([0m [1;36m0.0[0m%[1m)[0m  QuickPay:  [1;36m17[0m [1m([0m [1;36m0.0[0m%[1m)[0m  |  checkout failures [32m  [0m[1;32m0.0[0m[32m%[0m [1;31mOUTAGE INJECTED[0m [33mrouting: FastPay -> SecurePay[0m
t+ 236s  FastPay:   [1;36m0[0m [1m([0m [1;36m0.0[0m%[1m)[0m  SecurePay: [1;36m183[0m [1m([0m [1;36m0.0[0m%[1m)[0m  QuickPay:  [1;36m17[0m [1m([0m [1;36m0.0[0m%[1m)[0m  |  checkout failures [32m  [0m[1;32m0.0[0m[32m%[0m [1;31mOUTAGE INJECTED[0m [33mrouting: FastPay -> SecurePay[0m
t+ 237s  FastPay:   [1;36m0[0m [1m([0m [1;36m0.0[0m%[1m)[0m  SecurePay: [1;36m179[0m [1m([0m [1;36m0.6[0m%[1m)[0m  QuickPay:  [1;36m21[0m [1m([0m [1;36m0.0[0m%[1m)[0m  |  checkout failures [32m  [0m[1;32m0.5[0m[32m%[0m [1;31mOUTAGE INJECTED[0m [33mrouting: FastPay -> SecurePay[0m
t+ 238s  FastPay:   [1;36m0[0m [1m([0m [1;36m0.0[0m%[1m)[0m  SecurePay: [1;36m181[0m [1m([0m [1;36m0.6[0m%[1m)[0m  QuickPay:  [1;36m19[0m [1m([0m [1;36m5.3[0m%[1m)[0m  |  checkout failures [32m  [0m[1;32m1.0[0m[32m%[0m [1;31mOUTAGE INJECTED[0m [33mrouting: FastPay -> SecurePay[0m
t+ 239s  FastPay:   [1;36m0[0m [1m([0m [1;36m0.0[0m%[1m)[0m  SecurePay: [1;36m184[0m [1m([0m [1;36m1.1[0m%[1m)[0m  QuickPay:  [1;36m16[0m [1m([0m [1;36m6.2[0m%[1m)[0m  |  checkout failures [32m  [0m[1;32m1.5[0m[32m%[0m [1;31mOUTAGE INJECTED[0m [33mrouting: FastPay -> SecurePay[0m
t+ 240s  FastPay:   [1;36m0[0m [1m([0m [1;36m0.0[0m%[1m)[0m  SecurePay: [1;36m178[0m [1m([0m [1;36m1.1[0m%[1m)[0m  QuickPay:  [1;36m22[0m [1m([0m [1;36m0.0[0m%[1m)[0m  |  checkout failures [32m  [0m[1;32m1.0[0m[32m%[0m [1;31mOUTAGE INJECTED[0m [33mrouting: FastPay -> SecurePay[0m
t+ 241s  FastPay:   [1;36m0[0m [1m([0m [1;36m0.0[0m%[1m)[0m  SecurePay: [1;36m187[0m [1m([0m [1;36m0.5[0m%[1m)[0m  QuickPay:  [1;36m13[0m [1m([0m [1;36m0.0[0m%[1m)[0m  |  checkout failures [32m  [0m[1;32m0.5[0m[32m%[0m [1;31mOUTAGE INJECTED[0m [33mrouting: FastPay -> SecurePay[0m
t+ 242s  FastPay:   [1;36m0[0m [1m([0m [1;36m0.0[0m%[1m)[0m  SecurePay: [1;36m182[0m [1m([0m [1;36m0.0[0m%[1m)[0m  QuickPay:  [1;36m18[0m [1m([0m [1;36m0.0[0m%[1m)[0m  |  checkout failures [32m  [0m[1;32m0.0[0m[32m%[0m [1;31mOUTAGE INJECTED[0m [33mrouting: FastPay -> SecurePay[0m
t+ 243s  FastPay:   [1;36m0[0m [1m([0m [1;36m0.0[0m%[1m)[0m  SecurePay: [1;36m181[0m [1m([0m [1;36m0.6[0m%[1m)[0m  QuickPay:  [1;36m19[0m [1m([0m [1;36m0.0[0m%[1m)[0m  |  checkout failures [32m  [0m[1;32m0.5[0m[32m%[0m [1;31mOUTAGE INJECTED[0m [33mrouting: FastPay -> SecurePay[0m
t+ 244s  FastPay:   [1;36m0[0m [1m([0m [1;36m0.0[0m%[1m)[0m  SecurePay: [1;36m177[0m [1m([0m [1;36m0.6[0m%[1m)[0m  QuickPay:  [1;36m23[0m [1m([0m [1;36m0.0[0m%[1m)[0m  |  checkout failures [32m  [0m[1;32m0.5[0m[32m%[0m [1;31mOUTAGE INJECTED[0m [33mrouting: FastPay -> SecurePay[0m
t+ 245s  FastPay:   [1;36m0[0m [1m([0m [1;36m0.0[0m%[1m)[0m  SecurePay: [1;36m170[0m [1m([0m [1;36m0.0[0m%[1m)[0m  QuickPay:  [1;36m30[0m [1m([0m [1;36m0.0[0m%[1m)[0m  |  checkout failures [32m  [0m[1;32m0.0[0m[32m%[0m [1;31mOUTAGE INJECTED[0m [33mrouting: FastPay -> SecurePay[0m
t+ 246s  FastPay:   [1;36m0[0m [1m([0m [1;36m0.0[0m%[1m)[0m  SecurePay: [1;36m178[0m [1m([0m [1;36m1.1[0m%[1m)[0m  QuickPay:  [1;36m22[0m [1m([0m [1;36m0.0[0m%[1m)[0m  |  checkout failures [32m  [0m[1;32m1.0[0m[32m%[0m [1;31mOUTAGE INJECTED[0m [33mrouting: FastPay -> SecurePay[0m
t+ 247s  FastPay:   [1;36m0[0m [1m([0m [1;36m0.0[0m%[1m)[0m  SecurePay: [1;36m180[0m [1m([0m [1;36m0.0[0m%[1m)[0m  QuickPay:  [1;36m20[0m [1m([0m[1;36m10.0[0m%[1m)[0m  |  checkout failures [32m  [0m[1;32m1.0[0m[32m%[0m [1;31mOUTAGE INJECTED[0m [33mrouting: FastPay -> SecurePay[0m
t+ 248s  FastPay:   [1;36m0[0m [1m([0m [1;36m0.0[0m%[1m)[0m  SecurePay: [1;36m183[0m [1m([0m [1;36m2.2[0m%[1m)[0m  QuickPay:  [1;36m17[0m [1m([0m [1;36m5.9[0m%[1m)[0m  |  checkout failures [32m  [0m[1;32m2.5[0m[32m%[0m [1;31mOUTAGE INJECTED[0m [33mrouting: FastPay -> SecurePay[0m
t+ 249s  FastPay:   [1;36m0[0m [1m([0m [1;36m0.0[0m%[1m)[0m  SecurePay: [1;36m174[0m [1m([0m [1;36m1.7[0m%[1m)[0m  QuickPay:  [1;36m26[0m [1m([0m [1;36m0.0[0m%[1m)[0m  |  checkout failures [32m  [0m[1;32m1.5[0m[32m%[0m [1;31mOUTAGE INJECTED[0m [33mrouting: FastPay -> SecurePay[0m
t+ 250s  FastPay:   [1;36m0[0m [1m([0m [1;36m0.0[0m%[1m)[0m  SecurePay: [1;36m181[0m [1m([0m [1;36m0.0[0m%[1m)[0m  QuickPay:  [1;36m19[0m [1m([0m [1;36m0.0[0m%[1m)[0m  |  checkout failures [32m  [0m[1;32m0.0[0m[32m%[0m [1;31mOUTAGE INJECTED[0m [33mrouting: FastPay -> SecurePay[0m
t+ 251s  FastPay:   [1;36m0[0m [1m([0m [1;36m0.0[0m%[1m)[0m  SecurePay: [1;36m180[0m [1m([0m [1;36m0.0[0m%[1m)[0m  QuickPay:  [1;36m20[0m [1m([0m [1;36m0.0[0m%[1m)[0m  |  checkout failures [32m  [0m[1;32m0.0[0m[32m%[0m [1;31mOUTAGE INJECTED[0m [33mrouting: FastPay -> SecurePay[0m
t+ 252s  FastPay:   [1;36m0[0m [1m([0m [1;36m0.0[0m%[1m)[0m  SecurePay: [1;36m187[0m [1m([0m [1;36m0.0[0m%[1m)[0m  QuickPay:  [1;36m13[0m [1m([0m [1;36m0.0[0m%[1m)[0m  |  checkout failures [32m  [0m[1;32m0.0[0m[32m%[0m [1;31mOUTAGE INJECTED[0m [33mrouting: FastPay -> SecurePay[0m
t+ 253s  FastPay:   [1;36m0[0m [1m([0m [1;36m0.0[0m%[1m)[0m  SecurePay: [1;36m177[0m [1m([0m [1;36m1.1[0m%[1m)[0m  QuickPay:  [1;36m23[0m [1m([0m [1;36m4.3[0m%[1m)[0m  |  checkout failures [32m  [0m[1;32m1.5[0m[32m%[0m [1;31mOUTAGE INJECTED[0m [33mrouting: FastPay -> SecurePay[0m
t+ 254s  FastPay:   [1;36m0[0m [1m([0m [1;36m0.0[0m%[1m)[0m  SecurePay: [1;36m179[0m [1m([0m [1;36m1.1[0m%[1m)[0m  QuickPay:  [1;36m21[0m [1m([0m [1;36m0.0[0m%[1m)[0m  |  checkout failures [32m  [0m[1;32m1.0[0m[32m%[0m [1;31mOUTAGE INJECTED[0m [33mrouting: FastPay -> SecurePay[0m
t+ 255s  FastPay:   [1;36m0[0m [1m([0m [1;36m0.0[0m%[1m)[0m  SecurePay: [1;36m181[0m [1m([0m [1;36m1.1[0m%[1m)[0m  QuickPay:  [1;36m19[0m [1m([0m [1;36m0.0[0m%[1m)[0m  |  checkout failures [32m  [0m[1;32m1.0[0m[32m%[0m [1;31mOUTAGE INJECTED[0m [33mrouting: FastPay -> SecurePay[0m
t+ 256s  FastPay:   [1;36m0[0m [1m([0m [1;36m0.0[0m%[1m)[0m  SecurePay: [1;36m173[0m [1m([0m [1;36m0.6[0m%[1m)[0m  QuickPay:  [1;36m27[0m [1m([0m [1;36m0.0[0m%[1m)[0m  |  checkout failures [32m  [0m[1;32m0.5[0m[32m%[0m [1;31mOUTAGE INJECTED[0m [33mrouting: FastPay -> SecurePay[0m
t+ 257s  FastPay:   [1;36m0[0m [1m([0m [1;36m0.0[0m%[1m)[0m  SecurePay: [1;36m181[0m [1m([0m [1;36m1.1[0m%[1m)[0m  QuickPay:  [1;36m19[0m [1m([0m [1;36m0.0[0m%[1m)[0m  |  checkout failures [32m  [0m[1;32m1.0[0m[32m%[0m [1;31mOUTAGE INJECTED[0m [33mrouting: FastPay -> SecurePay[0m
t+ 258s  FastPay:   [1;36m0[0m [1m([0m [1;36m0.0[0m%[1m)[0m  SecurePay: [1;36m177[0m [1m([0m [1;36m0.0[0m%[1m)[0m  QuickPay:  [1;36m23[0m [1m([0m [1;36m0.0[0m%[1m)[0m  |  checkout failures [32m  [0m[1;32m0.0[0m[32m%[0m [1;31mOUTAGE INJECTED[0m [33mrouting: FastPay -> SecurePay[0m
t+ 259s  FastPay:   [1;36m0[0m [1m([0m [1;36m0.0[0m%[1m)[0m  SecurePay: [1;36m185[0m [1m([0m [1;36m0.5[0m%[1m)[0m  QuickPay:  [1;36m15[0m [1m([0m [1;36m0.0[0m%[1m)[0m  |  checkout failures [32m  [0m[1;32m0.5[0m[32m%[0m [1;31mOUTAGE INJECTED[0m [33mrouting: FastPay -> SecurePay[0m
t+ 260s  FastPay:   [1;36m0[0m [1m([0m [1;36m0.0[0m%[1m)[0m  SecurePay: [1;36m187[0m [1m([0m [1;36m0.0[0m%[1m)[0m  QuickPay:  [1;36m13[0m [1m([0m [1;36m0.0[0m%[1m)[0m  |  checkout failures [32m  [0m[1;32m0.0[0m[32m%[0m [1;31mOUTAGE INJECTED[0m [33mrouting: FastPay -> SecurePay[0m
t+ 261s  FastPay:   [1;36m0[0m [1m([0m [1;36m0.0[0m%[1m)[0m  SecurePay: [1;36m185[0m [1m([0m [1;36m0.5[0m%[1m)[0m  QuickPay:  [1;36m15[0m [1m([0m [1;36m6.7[0m%[1m)[0m  |  checkout failures [32m  [0m[1;32m1.0[0m[32m%[0m [1;31mOUTAGE INJECTED[0m [33mrouting: FastPay -> SecurePay[0m
t+ 262s  FastPay:   [1;36m0[0m [1m([0m [1;36m0.0[0m%[1m)[0m  SecurePay: [1;36m184[0m [1m([0m [1;36m0.0[0m%[1m)[0m  QuickPay:  [1;36m16[0m [1m([0m [1;36m0.0[0m%[1m)[0m  |  checkout failures [32m  [0m[1;32m0.0[0m[32m%[0m [1;31mOUTAGE INJECTED[0m [33mrouting: FastPay -> SecurePay[0m
t+ 263s  FastPay:   [1;36m0[0m [1m([0m [1;36m0.0[0m%[1m)[0m  SecurePay: [1;36m182[0m [1m([0m [1;36m0.5[0m%[1m)[0m  QuickPay:  [1;36m18[0m [1m([0m [1;36m0.0[0m%[1m)[0m  |  checkout failures [32m  [0m[1;32m0.5[0m[32m%[0m [1;31mOUTAGE INJECTED[0m [33mrouting: FastPay -> SecurePay[0m
t+ 264s  FastPay:   [1;36m0[0m [1m([0m [1;36m0.0[0m%[1m)[0m  SecurePay: [1;36m176[0m [1m([0m [1;36m0.0[0m%[1m)[0m  QuickPay:  [1;36m24[0m [1m([0m [1;36m4.2[0m%[1m)[0m  |  checkout failures [32m  [0m[1;32m0.5[0m[32m%[0m [1;31mOUTAGE INJECTED[0m [33mrouting: FastPay -> SecurePay[0m
t+ 265s  FastPay:   [1;36m0[0m [1m([0m [1;36m0.0[0m%[1m)[0m  SecurePay: [1;36m178[0m [1m([0m [1;36m1.1[0m%[1m)[0m  QuickPay:  [1;36m22[0m [1m([0m [1;36m0.0[0m%[1m)[0m  |  checkout failures [32m  [0m[1;32m1.0[0m[32m%[0m [1;31mOUTAGE INJECTED[0m [33mrouting: FastPay -> SecurePay[0m
t+ 266s  FastPay:   [1;36m0[0m [1m([0m [1;36m0.0[0m%[1m)[0m  SecurePay: [1;36m180[0m [1m([0m [1;36m0.6[0m%[1m)[0m  QuickPay:  [1;36m20[0m [1m([0m [1;36m0.0[0m%[1m)[0m  |  checkout failures [32m  [0m[1;32m0.5[0m[32m%[0m [1;31mOUTAGE INJECTED[0m [33mrouting: FastPay -> SecurePay[0m
t+ 267s  FastPay:   [1;36m0[0m [1m([0m [1;36m0.0[0m%[1m)[0m  SecurePay: [1;36m180[0m [1m([0m [1;36m0.6[0m%[1m)[0m  QuickPay:  [1;36m20[0m [1m([0m [1;36m0.0[0m%[1m)[0m  |  checkout failures [32m  [0m[1;32m0.5[0m[32m%[0m [1;31mOUTAGE INJECTED[0m [33mrouting: FastPay -> SecurePay[0m
t+ 268s  FastPay:   [1;36m0[0m [1m([0m [1;36m0.0[0m%[1m)[0m  SecurePay: [1;36m177[0m [1m([0m [1;36m1.1[0m%[1m)[0m  QuickPay:  [1;36m23[0m [1m([0m [1;36m0.0[0m%[1m)[0m  |  checkout failures [32m  [0m[1;32m1.0[0m[32m%[0m [1;31mOUTAGE INJECTED[0m [33mrouting: FastPay -> SecurePay[0m
t+ 269s  FastPay:   [1;36m0[0m [1m([0m [1;36m0.0[0m%[1m)[0m  SecurePay: [1;36m184[0m [1m([0m [1;36m0.0[0m%[1m)[0m  QuickPay:  [1;36m16[0m [1m([0m [1;36m0.0[0m%[1m)[0m  |  checkout failures [32m  [0m[1;32m0.0[0m[32m%[0m [1;31mOUTAGE INJECTED[0m [33mrouting: FastPay -> SecurePay[0m
t+ 270s  FastPay:   [1;36m0[0m [1m([0m [1;36m0.0[0m%[1m)[0m  SecurePay: [1;36m181[0m [1m([0m [1;36m0.0[0m%[1m)[0m  QuickPay:  [1;36m19[0m [1m([0m [1;36m0.0[0m%[1m)[0m  |  checkout failures [32m  [0m[1;32m0.0[0m[32m%[0m [1;31mOUTAGE INJECTED[0m [33mrouting: FastPay -> SecurePay[0m
t+ 271s  FastPay:   [1;36m0[0m [1m([0m [1;36m0.0[0m%[1m)[0m  SecurePay: [1;36m179[0m [1m([0m [1;36m0.6[0m%[1m)[0m  QuickPay:  [1;36m21[0m [1m([0m [1;36m0.0[0m%[1m)[0m  |  checkout failures [32m  [0m[1;32m0.5[0m[32m%[0m [1;31mOUTAGE INJECTED[0m [33mrouting: FastPay -> SecurePay[0m
t+ 272s  FastPay:   [1;36m0[0m [1m([0m [1;36m0.0[0m%[1m)[0m  SecurePay: [1;36m182[0m [1m([0m [1;36m1.1[0m%[1m)[0m  QuickPay:  [1;36m18[0m [1m([0m [1;36m0.0[0m%[1m)[0m  |  checkout failures [32m  [0m[1;32m1.0[0m[32m%[0m [1;31mOUTAGE INJECTED[0m [33mrouting: FastPay -> SecurePay[0m
t+ 273s  FastPay:   [1;36m0[0m [1m([0m [1;36m0.0[0m%[1m)[0m  SecurePay: [1;36m174[0m [1m([0m [1;36m0.6[0m%[1m)[0m  QuickPay:  [1;36m26[0m [1m([0m [1;36m3.8[0m%[1m)[0m  |  checkout failures [32m  [0m[1;32m1.0[0m[32m%[0m [1;31mOUTAGE INJECTED[0m [33mrouting: FastPay -> SecurePay[0m
t+ 274s  FastPay:   [1;36m0[0m [1m([0m [1;36m0.0[0m%[1m)[0m  SecurePay: [1;36m181[0m [1m([0m [1;36m1.1[0m%[1m)[0m  QuickPay:  [1;36m19[0m [1m([0m [1;36m0.0[0m%[1m)[0m  |  checkout failures [32m  [0m[1;32m1.0[0m[32m%[0m [1;31mOUTAGE INJECTED[0m [33mrouting: FastPay -> SecurePay[0m
t+ 275s  FastPay:   [1;36m0[0m [1m([0m [1;36m0.0[0m%[1m)[0m  SecurePay: [1;36m184[0m [1m([0m [1;36m1.1[0m%[1m)[0m  QuickPay:  [1;36m16[0m [1m([0m [1;36m0.0[0m%[1m)[0m  |  checkout failures [32m  [0m[1;32m1.0[0m[32m%[0m [1;31mOUTAGE INJECTED[0m [33mrouting: FastPay -> SecurePay[0m
t+ 276s  FastPay:   [1;36m0[0m [1m([0m [1;36m0.0[0m%[1m)[0m  SecurePay: [1;36m172[0m [1m([0m [1;36m0.6[0m%[1m)[0m  QuickPay:  [1;36m28[0m [1m([0m [1;36m0.0[0m%[1m)[0m  |  checkout failures [32m  [0m[1;32m0.5[0m[32m%[0m [1;31mOUTAGE INJECTED[0m [33mrouting: FastPay -> SecurePay[0m
t+ 277s  FastPay:   [1;36m0[0m [1m([0m [1;36m0.0[0m%[1m)[0m  SecurePay: [1;36m179[0m [1m([0m [1;36m0.0[0m%[1m)[0m  QuickPay:  [1;36m21[0m [1m([0m [1;36m0.0[0m%[1m)[0m  |  checkout failures [32m  [0m[1;32m0.0[0m[32m%[0m [1;31mOUTAGE INJECTED[0m [33mrouting: FastPay -> SecurePay[0m
t+ 278s  FastPay:   [1;36m0[0m [1m([0m [1;36m0.0[0m%[1m)[0m  SecurePay: [1;36m171[0m [1m([0m [1;36m1.2[0m%[1m)[0m  QuickPay:  [1;36m29[0m [1m([0m [1;36m3.4[0m%[1m)[0m  |  checkout failures [32m  [0m[1;32m1.5[0m[32m%[0m [1;31mOUTAGE INJECTED[0m [33mrouting: FastPay -> SecurePay[0m
t+ 280s  FastPay:   [1;36m0[0m [1m([0m [1;36m0.0[0m%[1m)[0m  SecurePay: [1;36m181[0m [1m([0m [1;36m0.0[0m%[1m)[0m  QuickPay:  [1;36m19[0m [1m([0m [1;36m0.0[0m%[1m)[0m  |  checkout failures [32m  [0m[1;32m0.0[0m[32m%[0m [1;31mOUTAGE INJECTED[0m [33mrouting: FastPay -> SecurePay[0m
t+ 281s  FastPay:   [1;36m0[0m [1m([0m [1;36m0.0[0m%[1m)[0m  SecurePay: [1;36m179[0m [1m([0m [1;36m0.6[0m%[1m)[0m  QuickPay:  [1;36m21[0m [1m([0m [1;36m0.0[0m%[1m)[0m  |  checkout failures [32m  [0m[1;32m0.5[0m[32m%[0m [1;31mOUTAGE INJECTED[0m [33mrouting: FastPay -> SecurePay[0m
t+ 282s  FastPay:   [1;36m0[0m [1m([0m [1;36m0.0[0m%[1m)[0m  SecurePay: [1;36m180[0m [1m([0m [1;36m0.6[0m%[1m)[0m  QuickPay:  [1;36m20[0m [1m([0m [1;36m0.0[0m%[1m)[0m  |  checkout failures [32m  [0m[1;32m0.5[0m[32m%[0m [1;31mOUTAGE INJECTED[0m [33mrouting: FastPay -> SecurePay[0m
t+ 283s  FastPay:   [1;36m0[0m [1m([0m [1;36m0.0[0m%[1m)[0m  SecurePay: [1;36m180[0m [1m([0m [1;36m0.0[0m%[1m)[0m  QuickPay:  [1;36m20[0m [1m([0m [1;36m0.0[0m%[1m)[0m  |  checkout failures [32m  [0m[1;32m0.0[0m[32m%[0m [1;31mOUTAGE INJECTED[0m [33mrouting: FastPay -> SecurePay[0m
t+ 284s  FastPay:   [1;36m0[0m [1m([0m [1;36m0.0[0m%[1m)[0m  SecurePay: [1;36m182[0m [1m([0m [1;36m1.1[0m%[1m)[0m  QuickPay:  [1;36m18[0m [1m([0m [1;36m0.0[0m%[1m)[0m  |  checkout failures [32m  [0m[1;32m1.0[0m[32m%[0m [1;31mOUTAGE INJECTED[0m [33mrouting: FastPay -> SecurePay[0m
t+ 285s  FastPay:   [1;36m0[0m [1m([0m [1;36m0.0[0m%[1m)[0m  SecurePay: [1;36m187[0m [1m([0m [1;36m1.1[0m%[1m)[0m  QuickPay:  [1;36m13[0m [1m([0m [1;36m0.0[0m%[1m)[0m  |  checkout failures [32m  [0m[1;32m1.0[0m[32m%[0m [1;31mOUTAGE INJECTED[0m [33mrouting: FastPay -> SecurePay[0m
t+ 286s  FastPay:   [1;36m0[0m [1m([0m [1;36m0.0[0m%[1m)[0m  SecurePay: [1;36m181[0m [1m([0m [1;36m0.0[0m%[1m)[0m  QuickPay:  [1;36m19[0m [1m([0m [1;36m0.0[0m%[1m)[0m  |  checkout failures [32m  [0m[1;32m0.0[0m[32m%[0m [1;31mOUTAGE INJECTED[0m [33mrouting: FastPay -> SecurePay[0m
t+ 287s  FastPay:   [1;36m0[0m [1m([0m [1;36m0.0[0m%[1m)[0m  SecurePay: [1;36m183[0m [1m([0m [1;36m0.5[0m%[1m)[0m  QuickPay:  [1;36m17[0m [1m([0m [1;36m0.0[0m%[1m)[0m  |  checkout failures [32m  [0m[1;32m0.5[0m[32m%[0m [1;31mOUTAGE INJECTED[0m [33mrouting: FastPay -> SecurePay[0m
t+ 288s  FastPay:   [1;36m0[0m [1m([0m [1;36m0.0[0m%[1m)[0m  SecurePay: [1;36m176[0m [1m([0m [1;36m1.1[0m%[1m)[0m  QuickPay:  [1;36m24[0m [1m([0m [1;36m4.2[0m%[1m)[0m  |  checkout failures [32m  [0m[1;32m1.5[0m[32m%[0m [1;31mOUTAGE INJECTED[0m [33mrouting: FastPay -> SecurePay[0m
t+ 289s  FastPay:   [1;36m0[0m [1m([0m [1;36m0.0[0m%[1m)[0m  SecurePay: [1;36m179[0m [1m([0m [1;36m1.1[0m%[1m)[0m  QuickPay:  [1;36m21[0m [1m([0m [1;36m0.0[0m%[1m)[0m  |  checkout failures [32m  [0m[1;32m1.0[0m[32m%[0m [1;31mOUTAGE INJECTED[0m [33mrouting: FastPay -> SecurePay[0m
t+ 290s  FastPay:   [1;36m0[0m [1m([0m [1;36m0.0[0m%[1m)[0m  SecurePay: [1;36m183[0m [1m([0m [1;36m0.0[0m%[1m)[0m  QuickPay:  [1;36m17[0m [1m([0m [1;36m0.0[0m%[1m)[0m  |  checkout failures [32m  [0m[1;32m0.0[0m[32m%[0m [1;31mOUTAGE INJECTED[0m [33mrouting: FastPay -> SecurePay[0m
t+ 291s  FastPay:   [1;36m0[0m [1m([0m [1;36m0.0[0m%[1m)[0m  SecurePay: [1;36m179[0m [1m([0m [1;36m0.0[0m%[1m)[0m  QuickPay:  [1;36m21[0m [1m([0m [1;36m0.0[0m%[1m)[0m  |  checkout failures [32m  [0m[1;32m0.0[0m[32m%[0m [1;31mOUTAGE INJECTED[0m [33mrouting: FastPay -> SecurePay[0m
t+ 292s  FastPay:   [1;36m0[0m [1m([0m [1;36m0.0[0m%[1m)[0m  SecurePay: [1;36m177[0m [1m([0m [1;36m0.0[0m%[1m)[0m  QuickPay:  [1;36m23[0m [1m([0m [1;36m0.0[0m%[1m)[0m  |  checkout failures [32m  [0m[1;32m0.0[0m[32m%[0m [1;31mOUTAGE INJECTED[0m [33mrouting: FastPay -> SecurePay[0m
t+ 293s  FastPay:   [1;36m0[0m [1m([0m [1;36m0.0[0m%[1m)[0m  SecurePay: [1;36m182[0m [1m([0m [1;36m0.5[0m%[1m)[0m  QuickPay:  [1;36m18[0m [1m([0m [1;36m0.0[0m%[1m)[0m  |  checkout failures [32m  [0m[1;32m0.5[0m[32m%[0m [1;31mOUTAGE INJECTED[0m [33mrouting: FastPay -> SecurePay[0m
t+ 294s  FastPay:   [1;36m0[0m [1m([0m [1;36m0.0[0m%[1m)[0m  SecurePay: [1;36m176[0m [1m([0m [1;36m1.1[0m%[1m)[0m  QuickPay:  [1;36m24[0m [1m([0m [1;36m4.2[0m%[1m)[0m  |  checkout failures [32m  [0m[1;32m1.5[0m[32m%[0m [1;31mOUTAGE INJECTED[0m [33mrouting: FastPay -> SecurePay[0m
t+ 295s  FastPay:   [1;36m0[0m [1m([0m [1;36m0.0[0m%[1m)[0m  SecurePay: [1;36m184[0m [1m([0m [1;36m0.5[0m%[1m)[0m  QuickPay:  [1;36m16[0m [1m([0m [1;36m0.0[0m%[1m)[0m  |  checkout failures [32m  [0m[1;32m0.5[0m[32m%[0m [1;31mOUTAGE INJECTED[0m [33mrouting: FastPay -> SecurePay[0m
t+ 296s  FastPay:   [1;36m0[0m [1m([0m [1;36m0.0[0m%[1m)[0m  SecurePay: [1;36m177[0m [1m([0m [1;36m0.6[0m%[1m)[0m  QuickPay:  [1;36m23[0m [1m([0m [1;36m0.0[0m%[1m)[0m  |  checkout failures [32m  [0m[1;32m0.5[0m[32m%[0m [1;31mOUTAGE INJECTED[0m [33mrouting: FastPay -> SecurePay[0m
t+ 297s  FastPay:   [1;36m0[0m [1m([0m [1;36m0.0[0m%[1m)[0m  SecurePay: [1;36m183[0m [1m([0m [1;36m0.0[0m%[1m)[0m  QuickPay:  [1;36m17[0m [1m([0m [1;36m0.0[0m%[1m)[0m  |  checkout failures [32m  [0m[1;32m0.0[0m[32m%[0m [1;31mOUTAGE INJECTED[0m [33mrouting: FastPay -> SecurePay[0m
t+ 298s  FastPay:   [1;36m0[0m [1m([0m [1;36m0.0[0m%[1m)[0m  SecurePay: [1;36m183[0m [1m([0m [1;36m0.0[0m%[1m)[0m  QuickPay:  [1;36m17[0m [1m([0m [1;36m5.9[0m%[1m)[0m  |  checkout failures [32m  [0m[1;32m0.5[0m[32m%[0m [1;31mOUTAGE INJECTED[0m [33mrouting: FastPay -> SecurePay[0m
t+ 299s  FastPay:   [1;36m0[0m [1m([0m [1;36m0.0[0m%[1m)[0m  SecurePay: [1;36m178[0m [1m([0m [1;36m0.6[0m%[1m)[0m  QuickPay:  [1;36m22[0m [1m([0m [1;36m0.0[0m%[1m)[0m  |  checkout failures [32m  [0m[1;32m0.5[0m[32m%[0m [1;31mOUTAGE INJECTED[0m [33mrouting: FastPay -> SecurePay[0m
t+ 300s  FastPay:   [1;36m0[0m [1m([0m [1;36m0.0[0m%[1m)[0m  SecurePay: [1;36m178[0m [1m([0m [1;36m0.6[0m%[1m)[0m  QuickPay:  [1;36m22[0m [1m([0m [1;36m0.0[0m%[1m)[0m  |  checkout failures [32m  [0m[1;32m0.5[0m[32m%[0m [1;31mOUTAGE INJECTED[0m [33mrouting: FastPay -> SecurePay[0m
t+ 301s  FastPay:   [1;36m0[0m [1m([0m [1;36m0.0[0m%[1m)[0m  SecurePay: [1;36m178[0m [1m([0m [1;36m0.0[0m%[1m)[0m  QuickPay:  [1;36m22[0m [1m([0m [1;36m0.0[0m%[1m)[0m  |  checkout failures [32m  [0m[1;32m0.0[0m[32m%[0m [1;31mOUTAGE INJECTED[0m [33mrouting: FastPay -> SecurePay[0m
t+ 302s  FastPay:   [1;36m0[0m [1m([0m [1;36m0.0[0m%[1m)[0m  SecurePay: [1;36m180[0m [1m([0m [1;36m0.6[0m%[1m)[0m  QuickPay:  [1;36m20[0m [1m([0m [1;36m0.0[0m%[1m)[0m  |  checkout failures [32m  [0m[1;32m0.5[0m[32m%[0m [1;31mOUTAGE INJECTED[0m [33mrouting: FastPay -> SecurePay[0m
t+ 303s  FastPay:   [1;36m0[0m [1m([0m [1;36m0.0[0m%[1m)[0m  SecurePay: [1;36m178[0m [1m([0m [1;36m0.0[0m%[1m)[0m  QuickPay:  [1;36m22[0m [1m([0m [1;36m0.0[0m%[1m)[0m  |  checkout failures [32m  [0m[1;32m0.0[0m[32m%[0m [1;31mOUTAGE INJECTED[0m [33mrouting: FastPay -> SecurePay[0m
t+ 304s  FastPay:   [1;36m0[0m [1m([0m [1;36m0.0[0m%[1m)[0m  SecurePay: [1;36m178[0m [1m([0m [1;36m0.0[0m%[1m)[0m  QuickPay:  [1;36m22[0m [1m([0m [1;36m0.0[0m%[1m)[0m  |  checkout failures [32m  [0m[1;32m0.0[0m[32m%[0m [1;31mOUTAGE INJECTED[0m [33mrouting: FastPay -> SecurePay[0m
t+ 305s  FastPay:   [1;36m0[0m [1m([0m [1;36m0.0[0m%[1m)[0m  SecurePay: [1;36m186[0m [1m([0m [1;36m0.5[0m%[1m)[0m  QuickPay:  [1;36m14[0m [1m([0m [1;36m0.0[0m%[1m)[0m  |  checkout failures [32m  [0m[1;32m0.5[0m[32m%[0m [1;31mOUTAGE INJECTED[0m [33mrouting: FastPay -> SecurePay[0m
t+ 306s  FastPay:   [1;36m0[0m [1m([0m [1;36m0.0[0m%[1m)[0m  SecurePay: [1;36m180[0m [1m([0m [1;36m1.1[0m%[1m)[0m  QuickPay:  [1;36m20[0m [1m([0m [1;36m0.0[0m%[1m)[0m  |  checkout failures [32m  [0m[1;32m1.0[0m[32m%[0m [1;31mOUTAGE INJECTED[0m [33mrouting: FastPay -> SecurePay[0m
t+ 307s  FastPay:   [1;36m0[0m [1m([0m [1;36m0.0[0m%[1m)[0m  SecurePay: [1;36m185[0m [1m([0m [1;36m0.0[0m%[1m)[0m  QuickPay:  [1;36m15[0m [1m([0m [1;36m0.0[0m%[1m)[0m  |  checkout failures [32m  [0m[1;32m0.0[0m[32m%[0m [1;31mOUTAGE INJECTED[0m [33mrouting: FastPay -> SecurePay[0m
t+ 308s  FastPay:   [1;36m0[0m [1m([0m [1;36m0.0[0m%[1m)[0m  SecurePay: [1;36m182[0m [1m([0m [1;36m0.0[0m%[1m)[0m  QuickPay:  [1;36m18[0m [1m([0m [1;36m0.0[0m%[1m)[0m  |  checkout failures [32m  [0m[1;32m0.0[0m[32m%[0m [1;31mOUTAGE INJECTED[0m [33mrouting: FastPay -> SecurePay[0m
t+ 309s  FastPay:   [1;36m0[0m [1m([0m [1;36m0.0[0m%[1m)[0m  SecurePay: [1;36m185[0m [1m([0m [1;36m0.0[0m%[1m)[0m  QuickPay:  [1;36m15[0m [1m([0m [1;36m0.0[0m%[1m)[0m  |  checkout failures [32m  [0m[1;32m0.0[0m[32m%[0m [1;31mOUTAGE INJECTED[0m [33mrouting: FastPay -> SecurePay[0m
t+ 310s  FastPay:   [1;36m0[0m [1m([0m [1;36m0.0[0m%[1m)[0m  SecurePay: [1;36m182[0m [1m([0m [1;36m0.5[0m%[1m)[0m  QuickPay:  [1;36m18[0m [1m([0m [1;36m0.0[0m%[1m)[0m  |  checkout failures [32m  [0m[1;32m0.5[0m[32m%[0m [1;31mOUTAGE INJECTED[0m [33mrouting: FastPay -> SecurePay[0m
t+ 311s  FastPay:   [1;36m0[0m [1m([0m [1;36m0.0[0m%[1m)[0m  SecurePay: [1;36m174[0m [1m([0m [1;36m0.6[0m%[1m)[0m  QuickPay:  [1;36m26[0m [1m([0m [1;36m3.8[0m%[1m)[0m  |  checkout failures [32m  [0m[1;32m1.0[0m[32m%[0m [1;31mOUTAGE INJECTED[0m [33mrouting: FastPay -> SecurePay[0m
t+ 312s  FastPay:   [1;36m0[0m [1m([0m [1;36m0.0[0m%[1m)[0m  SecurePay: [1;36m182[0m [1m([0m [1;36m0.5[0m%[1m)[0m  QuickPay:  [1;36m18[0m [1m([0m [1;36m0.0[0m%[1m)[0m  |  checkout failures [32m  [0m[1;32m0.5[0m[32m%[0m [1;31mOUTAGE INJECTED[0m [33mrouting: FastPay -> SecurePay[0m
t+ 313s  FastPay:   [1;36m0[0m [1m([0m [1;36m0.0[0m%[1m)[0m  SecurePay: [1;36m173[0m [1m([0m [1;36m0.6[0m%[1m)[0m  QuickPay:  [1;36m27[0m [1m([0m [1;36m0.0[0m%[1m)[0m  |  checkout failures [32m  [0m[1;32m0.5[0m[32m%[0m [1;31mOUTAGE INJECTED[0m [33mrouting: FastPay -> SecurePay[0m
t+ 314s  FastPay:   [1;36m0[0m [1m([0m [1;36m0.0[0m%[1m)[0m  SecurePay: [1;36m177[0m [1m([0m [1;36m0.0[0m%[1m)[0m  QuickPay:  [1;36m23[0m [1m([0m [1;36m4.3[0m%[1m)[0m  |  checkout failures [32m  [0m[1;32m0.5[0m[32m%[0m [1;31mOUTAGE INJECTED[0m [33mrouting: FastPay -> SecurePay[0m
t+ 315s  FastPay:   [1;36m0[0m [1m([0m [1;36m0.0[0m%[1m)[0m  SecurePay: [1;36m185[0m [1m([0m [1;36m1.1[0m%[1m)[0m  QuickPay:  [1;36m15[0m [1m([0m [1;36m0.0[0m%[1m)[0m  |  checkout failures [32m  [0m[1;32m1.0[0m[32m%[0m [1;31mOUTAGE INJECTED[0m [33mrouting: FastPay -> SecurePay[0m
t+ 316s  FastPay:   [1;36m0[0m [1m([0m [1;36m0.0[0m%[1m)[0m  SecurePay: [1;36m174[0m [1m([0m [1;36m0.6[0m%[1m)[0m  QuickPay:  [1;36m26[0m [1m([0m [1;36m0.0[0m%[1m)[0m  |  checkout failures [32m  [0m[1;32m0.5[0m[32m%[0m [1;31mOUTAGE INJECTED[0m [33mrouting: FastPay -> SecurePay[0m
t+ 317s  FastPay:   [1;36m0[0m [1m([0m [1;36m0.0[0m%[1m)[0m  SecurePay: [1;36m186[0m [1m([0m [1;36m1.1[0m%[1m)[0m  QuickPay:  [1;36m14[0m [1m([0m [1;36m0.0[0m%[1m)[0m  |  checkout failures [32m  [0m[1;32m1.0[0m[32m%[0m [1;31mOUTAGE INJECTED[0m [33mrouting: FastPay -> SecurePay[0m
t+ 318s  FastPay:   [1;36m0[0m [1m([0m [1;36m0.0[0m%[1m)[0m  SecurePay: [1;36m185[0m [1m([0m [1;36m0.0[0m%[1m)[0m  QuickPay:  [1;36m15[0m [1m([0m [1;36m6.7[0m%[1m)[0m  |  checkout failures [32m  [0m[1;32m0.5[0m[32m%[0m [1;31mOUTAGE INJECTED[0m [33mrouting: FastPay -> SecurePay[0m
t+ 319s  FastPay:   [1;36m0[0m [1m([0m [1;36m0.0[0m%[1m)[0m  SecurePay: [1;36m187[0m [1m([0m [1;36m0.5[0m%[1m)[0m  QuickPay:  [1;36m13[0m [1m([0m [1;36m0.0[0m%[1m)[0m  |  checkout failures [32m  [0m[1;32m0.5[0m[32m%[0m [1;31mOUTAGE INJECTED[0m [33mrouting: FastPay -> SecurePay[0m
t+ 320s  FastPay:   [1;36m0[0m [1m([0m [1;36m0.0[0m%[1m)[0m  SecurePay: [1;36m184[0m [1m([0m [1;36m0.5[0m%[1m)[0m  QuickPay:  [1;36m16[0m [1m([0m [1;36m0.0[0m%[1m)[0m  |  checkout failures [32m  [0m[1;32m0.5[0m[32m%[0m [1;31mOUTAGE INJECTED[0m [33mrouting: FastPay -> SecurePay[0m
t+ 321s  FastPay:   [1;36m0[0m [1m([0m [1;36m0.0[0m%[1m)[0m  SecurePay: [1;36m179[0m [1m([0m [1;36m0.0[0m%[1m)[0m  QuickPay:  [1;36m21[0m [1m([0m [1;36m0.0[0m%[1m)[0m  |  checkout failures [32m  [0m[1;32m0.0[0m[32m%[0m [1;31mOUTAGE INJECTED[0m [33mrouting: FastPay -> SecurePay[0m
t+ 322s  FastPay:   [1;36m0[0m [1m([0m [1;36m0.0[0m%[1m)[0m  SecurePay: [1;36m182[0m [1m([0m [1;36m0.5[0m%[1m)[0m  QuickPay:  [1;36m18[0m [1m([0m [1;36m0.0[0m%[1m)[0m  |  checkout failures [32m  [0m[1;32m0.5[0m[32m%[0m [1;31mOUTAGE INJECTED[0m [33mrouting: FastPay -> SecurePay[0m
t+ 323s  FastPay:   [1;36m0[0m [1m([0m [1;36m0.0[0m%[1m)[0m  SecurePay: [1;36m173[0m [1m([0m [1;36m0.6[0m%[1m)[0m  QuickPay:  [1;36m27[0m [1m([0m [1;36m0.0[0m%[1m)[0m  |  checkout failures [32m  [0m[1;32m0.5[0m[32m%[0m [1;31mOUTAGE INJECTED[0m [33mrouting: FastPay -> SecurePay[0m
t+ 324s  FastPay:   [1;36m0[0m [1m([0m [1;36m0.0[0m%[1m)[0m  SecurePay: [1;36m184[0m [1m([0m [1;36m1.1[0m%[1m)[0m  QuickPay:  [1;36m16[0m [1m([0m [1;36m0.0[0m%[1m)[0m  |  checkout failures [32m  [0m[1;32m1.0[0m[32m%[0m [1;31mOUTAGE INJECTED[0m [33mrouting: FastPay -> SecurePay[0m
t+ 325s  FastPay:   [1;36m0[0m [1m([0m [1;36m0.0[0m%[1m)[0m  SecurePay: [1;36m178[0m [1m([0m [1;36m0.6[0m%[1m)[0m  QuickPay:  [1;36m22[0m [1m([0m [1;36m0.0[0m%[1m)[0m  |  checkout failures [32m  [0m[1;32m0.5[0m[32m%[0m [1;31mOUTAGE INJECTED[0m [33mrouting: FastPay -> SecurePay[0m
t+ 326s  FastPay:   [1;36m0[0m [1m([0m [1;36m0.0[0m%[1m)[0m  SecurePay: [1;36m180[0m [1m([0m [1;36m1.1[0m%[1m)[0m  QuickPay:  [1;36m20[0m [1m([0m [1;36m0.0[0m%[1m)[0m  |  checkout failures [32m  [0m[1;32m1.0[0m[32m%[0m [1;31mOUTAGE INJECTED[0m [33mrouting: FastPay -> SecurePay[0m
t+ 327s  FastPay:   [1;36m0[0m [1m([0m [1;36m0.0[0m%[1m)[0m  SecurePay: [1;36m181[0m [1m([0m [1;36m1.7[0m%[1m)[0m  QuickPay:  [1;36m19[0m [1m([0m [1;36m0.0[0m%[1m)[0m  |  checkout failures [32m  [0m[1;32m1.5[0m[32m%[0m [1;31mOUTAGE INJECTED[0m [33mrouting: FastPay -> SecurePay[0m
t+ 328s  FastPay:   [1;36m0[0m [1m([0m [1;36m0.0[0m%[1m)[0m  SecurePay: [1;36m175[0m [1m([0m [1;36m0.6[0m%[1m)[0m  QuickPay:  [1;36m25[0m [1m([0m [1;36m0.0[0m%[1m)[0m  |  checkout failures [32m  [0m[1;32m0.5[0m[32m%[0m [1;31mOUTAGE INJECTED[0m [33mrouting: FastPay -> SecurePay[0m
t+ 329s  FastPay:   [1;36m0[0m [1m([0m [1;36m0.0[0m%[1m)[0m  SecurePay: [1;36m186[0m [1m([0m [1;36m0.5[0m%[1m)[0m  QuickPay:  [1;36m14[0m [1m([0m [1;36m0.0[0m%[1m)[0m  |  checkout failures [32m  [0m[1;32m0.5[0m[32m%[0m [1;31mOUTAGE INJECTED[0m [33mrouting: FastPay -> SecurePay[0m
t+ 330s  FastPay:   [1;36m0[0m [1m([0m [1;36m0.0[0m%[1m)[0m  SecurePay: [1;36m185[0m [1m([0m [1;36m1.1[0m%[1m)[0m  QuickPay:  [1;36m15[0m [1m([0m [1;36m0.0[0m%[1m)[0m  |  checkout failures [32m  [0m[1;32m1.0[0m[32m%[0m [1;31mOUTAGE INJECTED[0m [33mrouting: FastPay -> SecurePay[0m
t+ 331s  FastPay:   [1;36m0[0m [1m([0m [1;36m0.0[0m%[1m)[0m  SecurePay: [1;36m187[0m [1m([0m [1;36m1.1[0m%[1m)[0m  QuickPay:  [1;36m13[0m [1m([0m [1;36m0.0[0m%[1m)[0m  |  checkout failures [32m  [0m[1;32m1.0[0m[32m%[0m [1;31mOUTAGE INJECTED[0m [33mrouting: FastPay -> SecurePay[0m
t+ 332s  FastPay:   [1;36m0[0m [1m([0m [1;36m0.0[0m%[1m)[0m  SecurePay: [1;36m177[0m [1m([0m [1;36m0.0[0m%[1m)[0m  QuickPay:  [1;36m23[0m [1m([0m [1;36m0.0[0m%[1m)[0m  |  checkout failures [32m  [0m[1;32m0.0[0m[32m%[0m [1;31mOUTAGE INJECTED[0m [33mrouting: FastPay -> SecurePay[0m
t+ 333s  FastPay:   [1;36m0[0m [1m([0m [1;36m0.0[0m%[1m)[0m  SecurePay: [1;36m185[0m [1m([0m [1;36m0.5[0m%[1m)[0m  QuickPay:  [1;36m15[0m [1m([0m [1;36m0.0[0m%[1m)[0m  |  checkout failures [32m  [0m[1;32m0.5[0m[32m%[0m [1;31mOUTAGE INJECTED[0m [33mrouting: FastPay -> SecurePay[0m
t+ 334s  FastPay:   [1;36m0[0m [1m([0m [1;36m0.0[0m%[1m)[0m  SecurePay: [1;36m177[0m [1m([0m [1;36m0.6[0m%[1m)[0m  QuickPay:  [1;36m23[0m [1m([0m [1;36m4.3[0m%[1m)[0m  |  checkout failures [32m  [0m[1;32m1.0[0m[32m%[0m [1;31mOUTAGE INJECTED[0m [33mrouting: FastPay -> SecurePay[0m
t+ 335s  FastPay:   [1;36m0[0m [1m([0m [1;36m0.0[0m%[1m)[0m  SecurePay: [1;36m175[0m [1m([0m [1;36m0.6[0m%[1m)[0m  QuickPay:  [1;36m25[0m [1m([0m [1;36m0.0[0m%[1m)[0m  |  checkout failures [32m  [0m[1;32m0.5[0m[32m%[0m [1;31mOUTAGE INJECTED[0m [33mrouting: FastPay -> SecurePay[0m
t+ 336s  FastPay:   [1;36m0[0m [1m([0m [1;36m0.0[0m%[1m)[0m  SecurePay: [1;36m182[0m [1m([0m [1;36m1.6[0m%[1m)[0m  QuickPay:  [1;36m18[0m [1m([0m [1;36m5.6[0m%[1m)[0m  |  checkout failures [32m  [0m[1;32m2.0[0m[32m%[0m [1;31mOUTAGE INJECTED[0m [33mrouting: FastPay -> SecurePay[0m
t+ 337s  FastPay:   [1;36m0[0m [1m([0m [1;36m0.0[0m%[1m)[0m  SecurePay: [1;36m178[0m [1m([0m [1;36m1.1[0m%[1m)[0m  QuickPay:  [1;36m22[0m [1m([0m [1;36m0.0[0m%[1m)[0m  |  checkout failures [32m  [0m[1;32m1.0[0m[32m%[0m [1;31mOUTAGE INJECTED[0m [33mrouting: FastPay -> SecurePay[0m
t+ 338s  FastPay:   [1;36m0[0m [1m([0m [1;36m0.0[0m%[1m)[0m  SecurePay: [1;36m183[0m [1m([0m [1;36m0.5[0m%[1m)[0m  QuickPay:  [1;36m17[0m [1m([0m [1;36m0.0[0m%[1m)[0m  |  checkout failures [32m  [0m[1;32m0.5[0m[32m%[0m [1;31mOUTAGE INJECTED[0m [33mrouting: FastPay -> SecurePay[0m
t+ 339s  FastPay:   [1;36m0[0m [1m([0m [1;36m0.0[0m%[1m)[0m  SecurePay: [1;36m176[0m [1m([0m [1;36m0.6[0m%[1m)[0m  QuickPay:  [1;36m24[0m [1m([0m [1;36m0.0[0m%[1m)[0m  |  checkout failures [32m  [0m[1;32m0.5[0m[32m%[0m [1;31mOUTAGE INJECTED[0m [33mrouting: FastPay -> SecurePay[0m
t+ 340s  FastPay:   [1;36m0[0m [1m([0m [1;36m0.0[0m%[1m)[0m  SecurePay: [1;36m184[0m [1m([0m [1;36m0.5[0m%[1m)[0m  QuickPay:  [1;36m16[0m [1m([0m [1;36m0.0[0m%[1m)[0m  |  checkout failures [32m  [0m[1;32m0.5[0m[32m%[0m [1;31mOUTAGE INJECTED[0m [33mrouting: FastPay -> SecurePay[0m
t+ 341s  FastPay:   [1;36m0[0m [1m([0m [1;36m0.0[0m%[1m)[0m  SecurePay: [1;36m171[0m [1m([0m [1;36m0.6[0m%[1m)[0m  QuickPay:  [1;36m29[0m [1m([0m [1;36m3.4[0m%[1m)[0m  |  checkout failures [32m  [0m[1;32m1.0[0m[32m%[0m [1;31mOUTAGE INJECTED[0m [33mrouting: FastPay -> SecurePay[0m
t+ 342s  FastPay:   [1;36m0[0m [1m([0m [1;36m0.0[0m%[1m)[0m  SecurePay: [1;36m176[0m [1m([0m [1;36m0.6[0m%[1m)[0m  QuickPay:  [1;36m24[0m [1m([0m [1;36m4.2[0m%[1m)[0m  |  checkout failures [32m  [0m[1;32m1.0[0m[32m%[0m [1;31mOUTAGE INJECTED[0m [33mrouting: FastPay -> SecurePay[0m
t+ 343s  FastPay:   [1;36m0[0m [1m([0m [1;36m0.0[0m%[1m)[0m  SecurePay: [1;36m171[0m [1m([0m [1;36m0.6[0m%[1m)[0m  QuickPay:  [1;36m29[0m [1m([0m [1;36m3.4[0m%[1m)[0m  |  checkout failures [32m  [0m[1;32m1.0[0m[32m%[0m [1;31mOUTAGE INJECTED[0m [33mrouting: FastPay -> SecurePay[0m
t+ 344s  FastPay:   [1;36m0[0m [1m([0m [1;36m0.0[0m%[1m)[0m  SecurePay: [1;36m183[0m [1m([0m [1;36m1.1[0m%[1m)[0m  QuickPay:  [1;36m17[0m [1m([0m [1;36m0.0[0m%[1m)[0m  |  checkout failures [32m  [0m[1;32m1.0[0m[32m%[0m [1;31mOUTAGE INJECTED[0m [33mrouting: FastPay -> SecurePay[0m
t+ 345s  FastPay:   [1;36m0[0m [1m([0m [1;36m0.0[0m%[1m)[0m  SecurePay: [1;36m179[0m [1m([0m [1;36m1.1[0m%[1m)[0m  QuickPay:  [1;36m21[0m [1m([0m [1;36m0.0[0m%[1m)[0m  |  checkout failures [32m  [0m[1;32m1.0[0m[32m%[0m [1;31mOUTAGE INJECTED[0m [33mrouting: FastPay -> SecurePay[0m
t+ 346s  FastPay:   [1;36m0[0m [1m([0m [1;36m0.0[0m%[1m)[0m  SecurePay: [1;36m177[0m [1m([0m [1;36m0.6[0m%[1m)[0m  QuickPay:  [1;36m23[0m [1m([0m [1;36m0.0[0m%[1m)[0m  |  checkout failures [32m  [0m[1;32m0.5[0m[32m%[0m [1;31mOUTAGE INJECTED[0m [33mrouting: FastPay -> SecurePay[0m
t+ 347s  FastPay:   [1;36m0[0m [1m([0m [1;36m0.0[0m%[1m)[0m  SecurePay: [1;36m182[0m [1m([0m [1;36m0.0[0m%[1m)[0m  QuickPay:  [1;36m18[0m [1m([0m [1;36m0.0[0m%[1m)[0m  |  checkout failures [32m  [0m[1;32m0.0[0m[32m%[0m [1;31mOUTAGE INJECTED[0m [33mrouting: FastPay -> SecurePay[0m
t+ 348s  FastPay:   [1;36m0[0m [1m([0m [1;36m0.0[0m%[1m)[0m  SecurePay: [1;36m186[0m [1m([0m [1;36m1.6[0m%[1m)[0m  QuickPay:  [1;36m14[0m [1m([0m [1;36m0.0[0m%[1m)[0m  |  checkout failures [32m  [0m[1;32m1.5[0m[32m%[0m [1;31mOUTAGE INJECTED[0m [33mrouting: FastPay -> SecurePay[0m
t+ 349s  FastPay:   [1;36m0[0m [1m([0m [1;36m0.0[0m%[1m)[0m  SecurePay: [1;36m169[0m [1m([0m [1;36m0.6[0m%[1m)[0m  QuickPay:  [1;36m31[0m [1m([0m [1;36m3.2[0m%[1m)[0m  |  checkout failures [32m  [0m[1;32m1.0[0m[32m%[0m [1;31mOUTAGE INJECTED[0m [33mrouting: FastPay -> SecurePay[0m
t+ 350s  FastPay:   [1;36m0[0m [1m([0m [1;36m0.0[0m%[1m)[0m  SecurePay: [1;36m173[0m [1m([0m [1;36m2.3[0m%[1m)[0m  QuickPay:  [1;36m27[0m [1m([0m [1;36m0.0[0m%[1m)[0m  |  checkout failures [32m  [0m[1;32m2.0[0m[32m%[0m [1;31mOUTAGE INJECTED[0m [33mrouting: FastPay -> SecurePay[0m
t+ 351s  FastPay:   [1;36m0[0m [1m([0m [1;36m0.0[0m%[1m)[0m  SecurePay: [1;36m179[0m [1m([0m [1;36m0.6[0m%[1m)[0m  QuickPay:  [1;36m21[0m [1m([0m [1;36m0.0[0m%[1m)[0m  |  checkout failures [32m  [0m[1;32m0.5[0m[32m%[0m [1;31mOUTAGE INJECTED[0m [33mrouting: FastPay -> SecurePay[0m
t+ 352s  FastPay:   [1;36m0[0m [1m([0m [1;36m0.0[0m%[1m)[0m  SecurePay: [1;36m181[0m [1m([0m [1;36m0.0[0m%[1m)[0m  QuickPay:  [1;36m19[0m [1m([0m [1;36m0.0[0m%[1m)[0m  |  checkout failures [32m  [0m[1;32m0.0[0m[32m%[0m [1;31mOUTAGE INJECTED[0m [33mrouting: FastPay -> SecurePay[0m
t+ 353s  FastPay:   [1;36m0[0m [1m([0m [1;36m0.0[0m%[1m)[0m  SecurePay: [1;36m178[0m [1m([0m [1;36m0.6[0m%[1m)[0m  QuickPay:  [1;36m22[0m [1m([0m [1;36m4.5[0m%[1m)[0m  |  checkout failures [32m  [0m[1;32m1.0[0m[32m%[0m [1;31mOUTAGE INJECTED[0m [33mrouting: FastPay -> SecurePay[0m
t+ 354s  FastPay:   [1;36m0[0m [1m([0m [1;36m0.0[0m%[1m)[0m  SecurePay: [1;36m178[0m [1m([0m [1;36m0.6[0m%[1m)[0m  QuickPay:  [1;36m22[0m [1m([0m [1;36m0.0[0m%[1m)[0m  |  checkout failures [32m  [0m[1;32m0.5[0m[32m%[0m [1;31mOUTAGE INJECTED[0m [33mrouting: FastPay -> SecurePay[0m
t+ 355s  FastPay:   [1;36m0[0m [1m([0m [1;36m0.0[0m%[1m)[0m  SecurePay: [1;36m175[0m [1m([0m [1;36m0.0[0m%[1m)[0m  QuickPay:  [1;36m25[0m [1m([0m [1;36m0.0[0m%[1m)[0m  |  checkout failures [32m  [0m[1;32m0.0[0m[32m%[0m [1;31mOUTAGE INJECTED[0m [33mrouting: FastPay -> SecurePay[0m
t+ 356s  FastPay:   [1;36m0[0m [1m([0m [1;36m0.0[0m%[1m)[0m  SecurePay: [1;36m181[0m [1m([0m [1;36m0.0[0m%[1m)[0m  QuickPay:  [1;36m19[0m [1m([0m [1;36m5.3[0m%[1m)[0m  |  checkout failures [32m  [0m[1;32m0.5[0m[32m%[0m [1;31mOUTAGE INJECTED[0m [33mrouting: FastPay -> SecurePay[0m
t+ 357s  FastPay:   [1;36m0[0m [1m([0m [1;36m0.0[0m%[1m)[0m  SecurePay: [1;36m185[0m [1m([0m [1;36m1.1[0m%[1m)[0m  QuickPay:  [1;36m15[0m [1m([0m [1;36m0.0[0m%[1m)[0m  |  checkout failures [32m  [0m[1;32m1.0[0m[32m%[0m [1;31mOUTAGE INJECTED[0m [33mrouting: FastPay -> SecurePay[0m
t+ 358s  FastPay:   [1;36m0[0m [1m([0m [1;36m0.0[0m%[1m)[0m  SecurePay: [1;36m181[0m [1m([0m [1;36m0.0[0m%[1m)[0m  QuickPay:  [1;36m19[0m [1m([0m [1;36m0.0[0m%[1m)[0m  |  checkout failures [32m  [0m[1;32m0.0[0m[32m%[0m [1;31mOUTAGE INJECTED[0m [33mrouting: FastPay -> SecurePay[0m
t+ 359s  FastPay:   [1;36m0[0m [1m([0m [1;36m0.0[0m%[1m)[0m  SecurePay: [1;36m184[0m [1m([0m [1;36m0.5[0m%[1m)[0m  QuickPay:  [1;36m16[0m [1m([0m [1;36m0.0[0m%[1m)[0m  |  checkout failures [32m  [0m[1;32m0.5[0m[32m%[0m [1;31mOUTAGE INJECTED[0m [33mrouting: FastPay -> SecurePay[0m
t+ 360s  FastPay:   [1;36m0[0m [1m([0m [1;36m0.0[0m%[1m)[0m  SecurePay: [1;36m184[0m [1m([0m [1;36m0.0[0m%[1m)[0m  QuickPay:  [1;36m16[0m [1m([0m [1;36m0.0[0m%[1m)[0m  |  checkout failures [32m  [0m[1;32m0.0[0m[32m%[0m [1;31mOUTAGE INJECTED[0m [33mrouting: FastPay -> SecurePay[0m
t+ 361s  FastPay:   [1;36m0[0m [1m([0m [1;36m0.0[0m%[1m)[0m  SecurePay: [1;36m182[0m [1m([0m [1;36m0.5[0m%[1m)[0m  QuickPay:  [1;36m18[0m [1m([0m [1;36m5.6[0m%[1m)[0m  |  checkout failures [32m  [0m[1;32m1.0[0m[32m%[0m [1;31mOUTAGE INJECTED[0m [33mrouting: FastPay -> SecurePay[0m
t+ 362s  FastPay:   [1;36m0[0m [1m([0m [1;36m0.0[0m%[1m)[0m  SecurePay: [1;36m179[0m [1m([0m [1;36m1.1[0m%[1m)[0m  QuickPay:  [1;36m21[0m [1m([0m [1;36m0.0[0m%[1m)[0m  |  checkout failures [32m  [0m[1;32m1.0[0m[32m%[0m [1;31mOUTAGE INJECTED[0m [33mrouting: FastPay -> SecurePay[0m
t+ 363s  FastPay:   [1;36m0[0m [1m([0m [1;36m0.0[0m%[1m)[0m  SecurePay: [1;36m180[0m [1m([0m [1;36m0.0[0m%[1m)[0m  QuickPay:  [1;36m20[0m [1m([0m [1;36m0.0[0m%[1m)[0m  |  checkout failures [32m  [0m[1;32m0.0[0m[32m%[0m [1;31mOUTAGE INJECTED[0m [33mrouting: FastPay -> SecurePay[0m
t+ 364s  FastPay:   [1;36m0[0m [1m([0m [1;36m0.0[0m%[1m)[0m  SecurePay: [1;36m183[0m [1m([0m [1;36m0.5[0m%[1m)[0m  QuickPay:  [1;36m17[0m [1m([0m [1;36m0.0[0m%[1m)[0m  |  checkout failures [32m  [0m[1;32m0.5[0m[32m%[0m [1;31mOUTAGE INJECTED[0m [33mrouting: FastPay -> SecurePay[0m
t+ 365s  FastPay:   [1;36m0[0m [1m([0m [1;36m0.0[0m%[1m)[0m  SecurePay: [1;36m188[0m [1m([0m [1;36m1.1[0m%[1m)[0m  QuickPay:  [1;36m12[0m [1m([0m [1;36m0.0[0m%[1m)[0m  |  checkout failures [32m  [0m[1;32m1.0[0m[32m%[0m [1;31mOUTAGE INJECTED[0m [33mrouting: FastPay -> SecurePay[0m
t+ 366s  FastPay:   [1;36m0[0m [1m([0m [1;36m0.0[0m%[1m)[0m  SecurePay: [1;36m185[0m [1m([0m [1;36m0.5[0m%[1m)[0m  QuickPay:  [1;36m15[0m [1m([0m [1;36m0.0[0m%[1m)[0m  |  checkout failures [32m  [0m[1;32m0.5[0m[32m%[0m [1;31mOUTAGE INJECTED[0m [33mrouting: FastPay -> SecurePay[0m
t+ 367s  FastPay:   [1;36m0[0m [1m([0m [1;36m0.0[0m%[1m)[0m  SecurePay: [1;36m176[0m [1m([0m [1;36m1.1[0m%[1m)[0m  QuickPay:  [1;36m24[0m [1m([0m [1;36m4.2[0m%[1m)[0m  |  checkout failures [32m  [0m[1;32m1.5[0m[32m%[0m [1;31mOUTAGE INJECTED[0m [33mrouting: FastPay -> SecurePay[0m
t+ 368s  FastPay:   [1;36m0[0m [1m([0m [1;36m0.0[0m%[1m)[0m  SecurePay: [1;36m177[0m [1m([0m [1;36m0.6[0m%[1m)[0m  QuickPay:  [1;36m23[0m [1m([0m [1;36m0.0[0m%[1m)[0m  |  checkout failures [32m  [0m[1;32m0.5[0m[32m%[0m [1;31mOUTAGE INJECTED[0m [33mrouting: FastPay -> SecurePay[0m
t+ 369s  FastPay:   [1;36m0[0m [1m([0m [1;36m0.0[0m%[1m)[0m  SecurePay: [1;36m180[0m [1m([0m [1;36m0.6[0m%[1m)[0m  QuickPay:  [1;36m20[0m [1m([0m [1;36m0.0[0m%[1m)[0m  |  checkout failures [32m  [0m[1;32m0.5[0m[32m%[0m [1;31mOUTAGE INJECTED[0m [33mrouting: FastPay -> SecurePay[0m
t+ 370s  FastPay:   [1;36m0[0m [1m([0m [1;36m0.0[0m%[1m)[0m  SecurePay: [1;36m182[0m [1m([0m [1;36m0.5[0m%[1m)[0m  QuickPay:  [1;36m18[0m [1m([0m [1;36m0.0[0m%[1m)[0m  |  checkout failures [32m  [0m[1;32m0.5[0m[32m%[0m [1;31mOUTAGE INJECTED[0m [33mrouting: FastPay -> SecurePay[0m
t+ 371s  FastPay:   [1;36m0[0m [1m([0m [1;36m0.0[0m%[1m)[0m  SecurePay: [1;36m187[0m [1m([0m [1;36m0.5[0m%[1m)[0m  QuickPay:  [1;36m13[0m [1m([0m [1;36m0.0[0m%[1m)[0m  |  checkout failures [32m  [0m[1;32m0.5[0m[32m%[0m [1;31mOUTAGE INJECTED[0m [33mrouting: FastPay -> SecurePay[0m
t+ 372s  FastPay:   [1;36m0[0m [1m([0m [1;36m0.0[0m%[1m)[0m  SecurePay: [1;36m176[0m [1m([0m [1;36m1.1[0m%[1m)[0m  QuickPay:  [1;36m24[0m [1m([0m [1;36m4.2[0m%[1m)[0m  |  checkout failures [32m  [0m[1;32m1.5[0m[32m%[0m [1;31mOUTAGE INJECTED[0m [33mrouting: FastPay -> SecurePay[0m
t+ 373s  FastPay:   [1;36m0[0m [1m([0m [1;36m0.0[0m%[1m)[0m  SecurePay: [1;36m180[0m [1m([0m [1;36m0.6[0m%[1m)[0m  QuickPay:  [1;36m20[0m [1m([0m [1;36m0.0[0m%[1m)[0m  |  checkout failures [32m  [0m[1;32m0.5[0m[32m%[0m [1;31mOUTAGE INJECTED[0m [33mrouting: FastPay -> SecurePay[0m
t+ 374s  FastPay:   [1;36m0[0m [1m([0m [1;36m0.0[0m%[1m)[0m  SecurePay: [1;36m184[0m [1m([0m [1;36m1.1[0m%[1m)[0m  QuickPay:  [1;36m16[0m [1m([0m [1;36m0.0[0m%[1m)[0m  |  checkout failures [32m  [0m[1;32m1.0[0m[32m%[0m [1;31mOUTAGE INJECTED[0m [33mrouting: FastPay -> SecurePay[0m
t+ 375s  FastPay:   [1;36m0[0m [1m([0m [1;36m0.0[0m%[1m)[0m  SecurePay: [1;36m185[0m [1m([0m [1;36m0.5[0m%[1m)[0m  QuickPay:  [1;36m15[0m [1m([0m [1;36m0.0[0m%[1m)[0m  |  checkout failures [32m  [0m[1;32m0.5[0m[32m%[0m [1;31mOUTAGE INJECTED[0m [33mrouting: FastPay -> SecurePay[0m
t+ 376s  FastPay:   [1;36m0[0m [1m([0m [1;36m0.0[0m%[1m)[0m  SecurePay: [1;36m182[0m [1m([0m [1;36m0.5[0m%[1m)[0m  QuickPay:  [1;36m18[0m [1m([0m [1;36m5.6[0m%[1m)[0m  |  checkout failures [32m  [0m[1;32m1.0[0m[32m%[0m [1;31mOUTAGE INJECTED[0m [33mrouting: FastPay -> SecurePay[0m
t+ 377s  FastPay:   [1;36m0[0m [1m([0m [1;36m0.0[0m%[1m)[0m  SecurePay: [1;36m172[0m [1m([0m [1;36m0.0[0m%[1m)[0m  QuickPay:  [1;36m28[0m [1m([0m [1;36m3.6[0m%[1m)[0m  |  checkout failures [32m  [0m[1;32m0.5[0m[32m%[0m [1;31mOUTAGE INJECTED[0m [33mrouting: FastPay -> SecurePay[0m
t+ 378s  FastPay:   [1;36m0[0m [1m([0m [1;36m0.0[0m%[1m)[0m  SecurePay: [1;36m182[0m [1m([0m [1;36m0.5[0m%[1m)[0m  QuickPay:  [1;36m18[0m [1m([0m [1;36m0.0[0m%[1m)[0m  |  checkout failures [32m  [0m[1;32m0.5[0m[32m%[0m [1;31mOUTAGE INJECTED[0m [33mrouting: FastPay -> SecurePay[0m
t+ 379s  FastPay:   [1;36m0[0m [1m([0m [1;36m0.0[0m%[1m)[0m  SecurePay: [1;36m178[0m [1m([0m [1;36m0.0[0m%[1m)[0m  QuickPay:  [1;36m22[0m [1m([0m [1;36m0.0[0m%[1m)[0m  |  checkout failures [32m  [0m[1;32m0.0[0m[32m%[0m [1;31mOUTAGE INJECTED[0m [33mrouting: FastPay -> SecurePay[0m
t+ 380s  FastPay:   [1;36m0[0m [1m([0m [1;36m0.0[0m%[1m)[0m  SecurePay: [1;36m184[0m [1m([0m [1;36m1.1[0m%[1m)[0m  QuickPay:  [1;36m16[0m [1m([0m [1;36m0.0[0m%[1m)[0m  |  checkout failures [32m  [0m[1;32m1.0[0m[32m%[0m [1;31mOUTAGE INJECTED[0m [33mrouting: FastPay -> SecurePay[0m
t+ 381s  FastPay:   [1;36m0[0m [1m([0m [1;36m0.0[0m%[1m)[0m  SecurePay: [1;36m181[0m [1m([0m [1;36m0.6[0m%[1m)[0m  QuickPay:  [1;36m19[0m [1m([0m [1;36m5.3[0m%[1m)[0m  |  checkout failures [32m  [0m[1;32m1.0[0m[32m%[0m [1;31mOUTAGE INJECTED[0m [33mrouting: FastPay -> SecurePay[0m
t+ 382s  FastPay:   [1;36m0[0m [1m([0m [1;36m0.0[0m%[1m)[0m  SecurePay: [1;36m179[0m [1m([0m [1;36m0.6[0m%[1m)[0m  QuickPay:  [1;36m21[0m [1m([0m [1;36m4.8[0m%[1m)[0m  |  checkout failures [32m  [0m[1;32m1.0[0m[32m%[0m [1;31mOUTAGE INJECTED[0m [33mrouting: FastPay -> SecurePay[0m
t+ 383s  FastPay:   [1;36m0[0m [1m([0m [1;36m0.0[0m%[1m)[0m  SecurePay: [1;36m175[0m [1m([0m [1;36m1.7[0m%[1m)[0m  QuickPay:  [1;36m25[0m [1m([0m [1;36m0.0[0m%[1m)[0m  |  checkout failures [32m  [0m[1;32m1.5[0m[32m%[0m [1;31mOUTAGE INJECTED[0m [33mrouting: FastPay -> SecurePay[0m
t+ 384s  FastPay:   [1;36m0[0m [1m([0m [1;36m0.0[0m%[1m)[0m  SecurePay: [1;36m182[0m [1m([0m [1;36m1.1[0m%[1m)[0m  QuickPay:  [1;36m18[0m [1m([0m [1;36m0.0[0m%[1m)[0m  |  checkout failures [32m  [0m[1;32m1.0[0m[32m%[0m [1;31mOUTAGE INJECTED[0m [33mrouting: FastPay -> SecurePay[0m
t+ 385s  FastPay:   [1;36m0[0m [1m([0m [1;36m0.0[0m%[1m)[0m  SecurePay: [1;36m182[0m [1m([0m [1;36m1.1[0m%[1m)[0m  QuickPay:  [1;36m18[0m [1m([0m [1;36m0.0[0m%[1m)[0m  |  checkout failures [32m  [0m[1;32m1.0[0m[32m%[0m [1;31mOUTAGE INJECTED[0m [33mrouting: FastPay -> SecurePay[0m
t+ 386s  FastPay:   [1;36m0[0m [1m([0m [1;36m0.0[0m%[1m)[0m  SecurePay: [1;36m183[0m [1m([0m [1;36m0.5[0m%[1m)[0m  QuickPay:  [1;36m17[0m [1m([0m [1;36m5.9[0m%[1m)[0m  |  checkout failures [32m  [0m[1;32m1.0[0m[32m%[0m [1;31mOUTAGE INJECTED[0m [33mrouting: FastPay -> SecurePay[0m
t+ 387s  FastPay:   [1;36m0[0m [1m([0m [1;36m0.0[0m%[1m)[0m  SecurePay: [1;36m185[0m [1m([0m [1;36m0.5[0m%[1m)[0m  QuickPay:  [1;36m15[0m [1m([0m [1;36m0.0[0m%[1m)[0m  |  checkout failures [32m  [0m[1;32m0.5[0m[32m%[0m [1;31mOUTAGE INJECTED[0m [33mrouting: FastPay -> SecurePay[0m
t+ 388s  FastPay:   [1;36m0[0m [1m([0m [1;36m0.0[0m%[1m)[0m  SecurePay: [1;36m187[0m [1m([0m [1;36m0.0[0m%[1m)[0m  QuickPay:  [1;36m13[0m [1m([0m [1;36m0.0[0m%[1m)[0m  |  checkout failures [32m  [0m[1;32m0.0[0m[32m%[0m [1;31mOUTAGE INJECTED[0m [33mrouting: FastPay -> SecurePay[0m
t+ 389s  FastPay:   [1;36m0[0m [1m([0m [1;36m0.0[0m%[1m)[0m  SecurePay: [1;36m181[0m [1m([0m [1;36m1.1[0m%[1m)[0m  QuickPay:  [1;36m19[0m [1m([0m [1;36m0.0[0m%[1m)[0m  |  checkout failures [32m  [0m[1;32m1.0[0m[32m%[0m [1;31mOUTAGE INJECTED[0m [33mrouting: FastPay -> SecurePay[0m
t+ 390s  FastPay:   [1;36m0[0m [1m([0m [1;36m0.0[0m%[1m)[0m  SecurePay: [1;36m178[0m [1m([0m [1;36m0.6[0m%[1m)[0m  QuickPay:  [1;36m22[0m [1m([0m [1;36m0.0[0m%[1m)[0m  |  checkout failures [32m  [0m[1;32m0.5[0m[32m%[0m [1;31mOUTAGE INJECTED[0m [33mrouting: FastPay -> SecurePay[0m
t+ 391s  FastPay:   [1;36m0[0m [1m([0m [1;36m0.0[0m%[1m)[0m  SecurePay: [1;36m181[0m [1m([0m [1;36m1.1[0m%[1m)[0m  QuickPay:  [1;36m19[0m [1m([0m [1;36m0.0[0m%[1m)[0m  |  checkout failures [32m  [0m[1;32m1.0[0m[32m%[0m [1;31mOUTAGE INJECTED[0m [33mrouting: FastPay -> SecurePay[0m
t+ 392s  FastPay:   [1;36m0[0m [1m([0m [1;36m0.0[0m%[1m)[0m  SecurePay: [1;36m185[0m [1m([0m [1;36m0.0[0m%[1m)[0m  QuickPay:  [1;36m15[0m [1m([0m [1;36m0.0[0m%[1m)[0m  |  checkout failures [32m  [0m[1;32m0.0[0m[32m%[0m [1;31mOUTAGE INJECTED[0m [33mrouting: FastPay -> SecurePay[0m
t+ 393s  FastPay:   [1;36m0[0m [1m([0m [1;36m0.0[0m%[1m)[0m  SecurePay: [1;36m182[0m [1m([0m [1;36m1.1[0m%[1m)[0m  QuickPay:  [1;36m18[0m [1m([0m [1;36m5.6[0m%[1m)[0m  |  checkout failures [32m  [0m[1;32m1.5[0m[32m%[0m [1;31mOUTAGE INJECTED[0m [33mrouting: FastPay -> SecurePay[0m
t+ 394s  FastPay:   [1;36m0[0m [1m([0m [1;36m0.0[0m%[1m)[0m  SecurePay: [1;36m180[0m [1m([0m [1;36m0.0[0m%[1m)[0m  QuickPay:  [1;36m20[0m [1m([0m [1;36m0.0[0m%[1m)[0m  |  checkout failures [32m  [0m[1;32m0.0[0m[32m%[0m [1;31mOUTAGE INJECTED[0m [33mrouting: FastPay -> SecurePay[0m
t+ 395s  FastPay:   [1;36m0[0m [1m([0m [1;36m0.0[0m%[1m)[0m  SecurePay: [1;36m178[0m [1m([0m [1;36m1.7[0m%[1m)[0m  QuickPay:  [1;36m22[0m [1m([0m [1;36m0.0[0m%[1m)[0m  |  checkout failures [32m  [0m[1;32m1.5[0m[32m%[0m [1;31mOUTAGE INJECTED[0m [33mrouting: FastPay -> SecurePay[0m
t+ 396s  FastPay:   [1;36m0[0m [1m([0m [1;36m0.0[0m%[1m)[0m  SecurePay: [1;36m180[0m [1m([0m [1;36m0.6[0m%[1m)[0m  QuickPay:  [1;36m20[0m [1m([0m [1;36m0.0[0m%[1m)[0m  |  checkout failures [32m  [0m[1;32m0.5[0m[32m%[0m [1;31mOUTAGE INJECTED[0m [33mrouting: FastPay -> SecurePay[0m
t+ 397s  FastPay:   [1;36m0[0m [1m([0m [1;36m0.0[0m%[1m)[0m  SecurePay: [1;36m175[0m [1m([0m [1;36m0.0[0m%[1m)[0m  QuickPay:  [1;36m25[0m [1m([0m [1;36m0.0[0m%[1m)[0m  |  checkout failures [32m  [0m[1;32m0.0[0m[32m%[0m [1;31mOUTAGE INJECTED[0m [33mrouting: FastPay -> SecurePay[0m
t+ 398s  FastPay:   [1;36m0[0m [1m([0m [1;36m0.0[0m%[1m)[0m  SecurePay: [1;36m184[0m [1m([0m [1;36m1.1[0m%[1m)[0m  QuickPay:  [1;36m16[0m [1m([0m [1;36m6.2[0m%[1m)[0m  |  checkout failures [32m  [0m[1;32m1.5[0m[32m%[0m [1;31mOUTAGE INJECTED[0m [33mrouting: FastPay -> SecurePay[0m
t+ 399s  FastPay:   [1;36m0[0m [1m([0m [1;36m0.0[0m%[1m)[0m  SecurePay: [1;36m183[0m [1m([0m [1;36m0.0[0m%[1m)[0m  QuickPay:  [1;36m17[0m [1m([0m [1;36m0.0[0m%[1m)[0m  |  checkout failures [32m  [0m[1;32m0.0[0m[32m%[0m [1;31mOUTAGE INJECTED[0m [33mrouting: FastPay -> SecurePay[0m
t+ 400s  FastPay:   [1;36m0[0m [1m([0m [1;36m0.0[0m%[1m)[0m  SecurePay: [1;36m185[0m [1m([0m [1;36m0.0[0m%[1m)[0m  QuickPay:  [1;36m15[0m [1m([0m [1;36m0.0[0m%[1m)[0m  |  checkout failures [32m  [0m[1;32m0.0[0m[32m%[0m [1;31mOUTAGE INJECTED[0m [33mrouting: FastPay -> SecurePay[0m
t+ 401s  FastPay:   [1;36m0[0m [1m([0m [1;36m0.0[0m%[1m)[0m  SecurePay: [1;36m177[0m [1m([0m [1;36m0.0[0m%[1m)[0m  QuickPay:  [1;36m23[0m [1m([0m [1;36m0.0[0m%[1m)[0m  |  checkout failures [32m  [0m[1;32m0.0[0m[32m%[0m [1;31mOUTAGE INJECTED[0m [33mrouting: FastPay -> SecurePay[0m
t+ 402s  FastPay:   [1;36m0[0m [1m([0m [1;36m0.0[0m%[1m)[0m  SecurePay: [1;36m178[0m [1m([0m [1;36m1.1[0m%[1m)[0m  QuickPay:  [1;36m22[0m [1m([0m [1;36m0.0[0m%[1m)[0m  |  checkout failures [32m  [0m[1;32m1.0[0m[32m%[0m [1;31mOUTAGE INJECTED[0m [33mrouting: FastPay -> SecurePay[0m
t+ 403s  FastPay:   [1;36m0[0m [1m([0m [1;36m0.0[0m%[1m)[0m  SecurePay: [1;36m183[0m [1m([0m [1;36m1.1[0m%[1m)[0m  QuickPay:  [1;36m17[0m [1m([0m [1;36m0.0[0m%[1m)[0m  |  checkout failures [32m  [0m[1;32m1.0[0m[32m%[0m [1;31mOUTAGE INJECTED[0m [33mrouting: FastPay -> SecurePay[0m
t+ 404s  FastPay:   [1;36m0[0m [1m([0m [1;36m0.0[0m%[1m)[0m  SecurePay: [1;36m176[0m [1m([0m [1;36m1.7[0m%[1m)[0m  QuickPay:  [1;36m24[0m [1m([0m [1;36m0.0[0m%[1m)[0m  |  checkout failures [32m  [0m[1;32m1.5[0m[32m%[0m [1;31mOUTAGE INJECTED[0m [33mrouting: FastPay -> SecurePay[0m
t+ 405s  FastPay:   [1;36m0[0m [1m([0m [1;36m0.0[0m%[1m)[0m  SecurePay: [1;36m186[0m [1m([0m [1;36m0.5[0m%[1m)[0m  QuickPay:  [1;36m14[0m [1m([0m [1;36m0.0[0m%[1m)[0m  |  checkout failures [32m  [0m[1;32m0.5[0m[32m%[0m [1;31mOUTAGE INJECTED[0m [33mrouting: FastPay -> SecurePay[0m
t+ 406s  FastPay:   [1;36m0[0m [1m([0m [1;36m0.0[0m%[1m)[0m  SecurePay: [1;36m181[0m [1m([0m [1;36m0.6[0m%[1m)[0m  QuickPay:  [1;36m19[0m [1m([0m [1;36m0.0[0m%[1m)[0m  |  checkout failures [32m  [0m[1;32m0.5[0m[32m%[0m [1;31mOUTAGE INJECTED[0m [33mrouting: FastPay -> SecurePay[0m
t+ 407s  FastPay:   [1;36m0[0m [1m([0m [1;36m0.0[0m%[1m)[0m  SecurePay: [1;36m172[0m [1m([0m [1;36m0.0[0m%[1m)[0m  QuickPay:  [1;36m28[0m [1m([0m [1;36m0.0[0m%[1m)[0m  |  checkout failures [32m  [0m[1;32m0.0[0m[32m%[0m [1;31mOUTAGE INJECTED[0m [33mrouting: FastPay -> SecurePay[0m
t+ 408s  FastPay:   [1;36m0[0m [1m([0m [1;36m0.0[0m%[1m)[0m  SecurePay: [1;36m172[0m [1m([0m [1;36m0.6[0m%[1m)[0m  QuickPay:  [1;36m28[0m [1m([0m [1;36m3.6[0m%[1m)[0m  |  checkout failures [32m  [0m[1;32m1.0[0m[32m%[0m [1;31mOUTAGE INJECTED[0m [33mrouting: FastPay -> SecurePay[0m
t+ 409s  FastPay:   [1;36m0[0m [1m([0m [1;36m0.0[0m%[1m)[0m  SecurePay: [1;36m184[0m [1m([0m [1;36m0.5[0m%[1m)[0m  QuickPay:  [1;36m16[0m [1m([0m [1;36m0.0[0m%[1m)[0m  |  checkout failures [32m  [0m[1;32m0.5[0m[32m%[0m [1;31mOUTAGE INJECTED[0m [33mrouting: FastPay -> SecurePay[0m
t+ 410s  FastPay:   [1;36m0[0m [1m([0m [1;36m0.0[0m%[1m)[0m  SecurePay: [1;36m179[0m [1m([0m [1;36m0.0[0m%[1m)[0m  QuickPay:  [1;36m21[0m [1m([0m [1;36m4.8[0m%[1m)[0m  |  checkout failures [32m  [0m[1;32m0.5[0m[32m%[0m [1;31mOUTAGE INJECTED[0m [33mrouting: FastPay -> SecurePay[0m
t+ 411s  FastPay:   [1;36m0[0m [1m([0m [1;36m0.0[0m%[1m)[0m  SecurePay: [1;36m178[0m [1m([0m [1;36m0.0[0m%[1m)[0m  QuickPay:  [1;36m22[0m [1m([0m [1;36m0.0[0m%[1m)[0m  |  checkout failures [32m  [0m[1;32m0.0[0m[32m%[0m [1;31mOUTAGE INJECTED[0m [33mrouting: FastPay -> SecurePay[0m
t+ 412s  FastPay:   [1;36m0[0m [1m([0m [1;36m0.0[0m%[1m)[0m  SecurePay: [1;36m181[0m [1m([0m [1;36m0.6[0m%[1m)[0m  QuickPay:  [1;36m19[0m [1m([0m [1;36m0.0[0m%[1m)[0m  |  checkout failures [32m  [0m[1;32m0.5[0m[32m%[0m [1;31mOUTAGE INJECTED[0m [33mrouting: FastPay -> SecurePay[0m
t+ 413s  FastPay:   [1;36m0[0m [1m([0m [1;36m0.0[0m%[1m)[0m  SecurePay: [1;36m182[0m [1m([0m [1;36m1.1[0m%[1m)[0m  QuickPay:  [1;36m18[0m [1m([0m [1;36m0.0[0m%[1m)[0m  |  checkout failures [32m  [0m[1;32m1.0[0m[32m%[0m [1;31mOUTAGE INJECTED[0m [33mrouting: FastPay -> SecurePay[0m
t+ 414s  FastPay:   [1;36m0[0m [1m([0m [1;36m0.0[0m%[1m)[0m  SecurePay: [1;36m173[0m [1m([0m [1;36m0.0[0m%[1m)[0m  QuickPay:  [1;36m27[0m [1m([0m [1;36m3.7[0m%[1m)[0m  |  checkout failures [32m  [0m[1;32m0.5[0m[32m%[0m [1;31mOUTAGE INJECTED[0m [33mrouting: FastPay -> SecurePay[0m
t+ 415s  FastPay:   [1;36m0[0m [1m([0m [1;36m0.0[0m%[1m)[0m  SecurePay: [1;36m175[0m [1m([0m [1;36m0.0[0m%[1m)[0m  QuickPay:  [1;36m25[0m [1m([0m [1;36m0.0[0m%[1m)[0m  |  checkout failures [32m  [0m[1;32m0.0[0m[32m%[0m [1;31mOUTAGE INJECTED[0m [33mrouting: FastPay -> SecurePay[0m
t+ 416s  FastPay:   [1;36m0[0m [1m([0m [1;36m0.0[0m%[1m)[0m  SecurePay: [1;36m177[0m [1m([0m [1;36m0.0[0m%[1m)[0m  QuickPay:  [1;36m23[0m [1m([0m [1;36m0.0[0m%[1m)[0m  |  checkout failures [32m  [0m[1;32m0.0[0m[32m%[0m [1;31mOUTAGE INJECTED[0m [33mrouting: FastPay -> SecurePay[0m
t+ 417s  FastPay:   [1;36m0[0m [1m([0m [1;36m0.0[0m%[1m)[0m  SecurePay: [1;36m180[0m [1m([0m [1;36m0.6[0m%[1m)[0m  QuickPay:  [1;36m20[0m [1m([0m [1;36m5.0[0m%[1m)[0m  |  checkout failures [32m  [0m[1;32m1.0[0m[32m%[0m [1;31mOUTAGE INJECTED[0m [33mrouting: FastPay -> SecurePay[0m
t+ 418s  FastPay:   [1;36m0[0m [1m([0m [1;36m0.0[0m%[1m)[0m  SecurePay: [1;36m168[0m [1m([0m [1;36m0.6[0m%[1m)[0m  QuickPay:  [1;36m32[0m [1m([0m [1;36m3.1[0m%[1m)[0m  |  checkout failures [32m  [0m[1;32m1.0[0m[32m%[0m [1;31mOUTAGE INJECTED[0m [33mrouting: FastPay -> SecurePay[0m
t+ 419s  FastPay:   [1;36m0[0m [1m([0m [1;36m0.0[0m%[1m)[0m  SecurePay: [1;36m173[0m [1m([0m [1;36m0.6[0m%[1m)[0m  QuickPay:  [1;36m27[0m [1m([0m [1;36m0.0[0m%[1m)[0m  |  checkout failures [32m  [0m[1;32m0.5[0m[32m%[0m [1;31mOUTAGE INJECTED[0m [33mrouting: FastPay -> SecurePay[0m
t+ 420s  FastPay:   [1;36m0[0m [1m([0m [1;36m0.0[0m%[1m)[0m  SecurePay: [1;36m171[0m [1m([0m [1;36m0.0[0m%[1m)[0m  QuickPay:  [1;36m29[0m [1m([0m [1;36m0.0[0m%[1m)[0m  |  checkout failures [32m  [0m[1;32m0.0[0m[32m%[0m [1;31mOUTAGE INJECTED[0m [33mrouting: FastPay -> SecurePay[0m
t+ 421s  FastPay:   [1;36m0[0m [1m([0m [1;36m0.0[0m%[1m)[0m  SecurePay: [1;36m188[0m [1m([0m [1;36m0.5[0m%[1m)[0m  QuickPay:  [1;36m12[0m [1m([0m [1;36m0.0[0m%[1m)[0m  |  checkout failures [32m  [0m[1;32m0.5[0m[32m%[0m [1;31mOUTAGE INJECTED[0m [33mrouting: FastPay -> SecurePay[0m
t+ 422s  FastPay:   [1;36m0[0m [1m([0m [1;36m0.0[0m%[1m)[0m  SecurePay: [1;36m180[0m [1m([0m [1;36m0.6[0m%[1m)[0m  QuickPay:  [1;36m20[0m [1m([0m[1;36m10.0[0m%[1m)[0m  |  checkout failures [32m  [0m[1;32m1.5[0m[32m%[0m [1;31mOUTAGE INJECTED[0m [33mrouting: FastPay -> SecurePay[0m
t+ 423s  FastPay:   [1;36m0[0m [1m([0m [1;36m0.0[0m%[1m)[0m  SecurePay: [1;36m183[0m [1m([0m [1;36m1.1[0m%[1m)[0m  QuickPay:  [1;36m17[0m [1m([0m [1;36m0.0[0m%[1m)[0m  |  checkout failures [32m  [0m[1;32m1.0[0m[32m%[0m [1;31mOUTAGE INJECTED[0m [33mrouting: FastPay -> SecurePay[0m
t+ 424s  FastPay:   [1;36m0[0m [1m([0m [1;36m0.0[0m%[1m)[0m  SecurePay: [1;36m184[0m [1m([0m [1;36m0.5[0m%[1m)[0m  QuickPay:  [1;36m16[0m [1m([0m [1;36m0.0[0m%[1m)[0m  |  checkout failures [32m  [0m[1;32m0.5[0m[32m%[0m [1;31mOUTAGE INJECTED[0m [33mrouting: FastPay -> SecurePay[0m
t+ 425s  FastPay:   [1;36m0[0m [1m([0m [1;36m0.0[0m%[1m)[0m  SecurePay: [1;36m188[0m [1m([0m [1;36m0.5[0m%[1m)[0m  QuickPay:  [1;36m12[0m [1m([0m [1;36m0.0[0m%[1m)[0m  |  checkout failures [32m  [0m[1;32m0.5[0m[32m%[0m [1;31mOUTAGE INJECTED[0m [33mrouting: FastPay -> SecurePay[0m
t+ 426s  FastPay:   [1;36m0[0m [1m([0m [1;36m0.0[0m%[1m)[0m  SecurePay: [1;36m191[0m [1m([0m [1;36m0.0[0m%[1m)[0m  QuickPay:   [1;36m9[0m [1m([0m [1;36m0.0[0m%[1m)[0m  |  checkout failures [32m  [0m[1;32m0.0[0m[32m%[0m [1;31mOUTAGE INJECTED[0m [33mrouting: FastPay -> SecurePay[0m
t+ 427s  FastPay:   [1;36m0[0m [1m([0m [1;36m0.0[0m%[1m)[0m  SecurePay: [1;36m166[0m [1m([0m [1;36m0.0[0m%[1m)[0m  QuickPay:  [1;36m34[0m [1m([0m [1;36m0.0[0m%[1m)[0m  |  checkout failures [32m  [0m[1;32m0.0[0m[32m%[0m [1;31mOUTAGE INJECTED[0m [33mrouting: FastPay -> SecurePay[0m
t+ 428s  FastPay:   [1;36m0[0m [1m([0m [1;36m0.0[0m%[1m)[0m  SecurePay: [1;36m176[0m [1m([0m [1;36m0.0[0m%[1m)[0m  QuickPay:  [1;36m24[0m [1m([0m [1;36m4.2[0m%[1m)[0m  |  checkout failures [32m  [0m[1;32m0.5[0m[32m%[0m [1;31mOUTAGE INJECTED[0m [33mrouting: FastPay -> SecurePay[0m
t+ 429s  FastPay:   [1;36m0[0m [1m([0m [1;36m0.0[0m%[1m)[0m  SecurePay: [1;36m168[0m [1m([0m [1;36m0.0[0m%[1m)[0m  QuickPay:  [1;36m32[0m [1m([0m [1;36m0.0[0m%[1m)[0m  |  checkout failures [32m  [0m[1;32m0.0[0m[32m%[0m [1;31mOUTAGE INJECTED[0m [33mrouting: FastPay -> SecurePay[0m
t+ 430s  FastPay:   [1;36m0[0m [1m([0m [1;36m0.0[0m%[1m)[0m  SecurePay: [1;36m181[0m [1m([0m [1;36m0.6[0m%[1m)[0m  QuickPay:  [1;36m19[0m [1m([0m [1;36m0.0[0m%[1m)[0m  |  checkout failures [32m  [0m[1;32m0.5[0m[32m%[0m [1;31mOUTAGE INJECTED[0m [33mrouting: FastPay -> SecurePay[0m
t+ 431s  FastPay:   [1;36m0[0m [1m([0m [1;36m0.0[0m%[1m)[0m  SecurePay: [1;36m184[0m [1m([0m [1;36m0.5[0m%[1m)[0m  QuickPay:  [1;36m16[0m [1m([0m [1;36m0.0[0m%[1m)[0m  |  checkout failures [32m  [0m[1;32m0.5[0m[32m%[0m [1;31mOUTAGE INJECTED[0m [33mrouting: FastPay -> SecurePay[0m
t+ 432s  FastPay:   [1;36m0[0m [1m([0m [1;36m0.0[0m%[1m)[0m  SecurePay: [1;36m178[0m [1m([0m [1;36m1.1[0m%[1m)[0m  QuickPay:  [1;36m22[0m [1m([0m [1;36m0.0[0m%[1m)[0m  |  checkout failures [32m  [0m[1;32m1.0[0m[32m%[0m [1;31mOUTAGE INJECTED[0m [33mrouting: FastPay -> SecurePay[0m
t+ 433s  FastPay:   [1;36m0[0m [1m([0m [1;36m0.0[0m%[1m)[0m  SecurePay: [1;36m183[0m [1m([0m [1;36m1.1[0m%[1m)[0m  QuickPay:  [1;36m17[0m [1m([0m [1;36m0.0[0m%[1m)[0m  |  checkout failures [32m  [0m[1;32m1.0[0m[32m%[0m [1;31mOUTAGE INJECTED[0m [33mrouting: FastPay -> SecurePay[0m
t+ 434s  FastPay:   [1;36m0[0m [1m([0m [1;36m0.0[0m%[1m)[0m  SecurePay: [1;36m183[0m [1m([0m [1;36m1.6[0m%[1m)[0m  QuickPay:  [1;36m17[0m [1m([0m [1;36m0.0[0m%[1m)[0m  |  checkout failures [32m  [0m[1;32m1.5[0m[32m%[0m [1;31mOUTAGE INJECTED[0m [33mrouting: FastPay -> SecurePay[0m
t+ 435s  FastPay:   [1;36m0[0m [1m([0m [1;36m0.0[0m%[1m)[0m  SecurePay: [1;36m184[0m [1m([0m [1;36m0.5[0m%[1m)[0m  QuickPay:  [1;36m16[0m [1m([0m [1;36m0.0[0m%[1m)[0m  |  checkout failures [32m  [0m[1;32m0.5[0m[32m%[0m [1;31mOUTAGE INJECTED[0m [33mrouting: FastPay -> SecurePay[0m
t+ 436s  FastPay:   [1;36m0[0m [1m([0m [1;36m0.0[0m%[1m)[0m  SecurePay: [1;36m180[0m [1m([0m [1;36m0.6[0m%[1m)[0m  QuickPay:  [1;36m20[0m [1m([0m [1;36m0.0[0m%[1m)[0m  |  checkout failures [32m  [0m[1;32m0.5[0m[32m%[0m [1;31mOUTAGE INJECTED[0m [33mrouting: FastPay -> SecurePay[0m
t+ 437s  FastPay:   [1;36m0[0m [1m([0m [1;36m0.0[0m%[1m)[0m  SecurePay: [1;36m183[0m [1m([0m [1;36m0.5[0m%[1m)[0m  QuickPay:  [1;36m17[0m [1m([0m [1;36m0.0[0m%[1m)[0m  |  checkout failures [32m  [0m[1;32m0.5[0m[32m%[0m [1;31mOUTAGE INJECTED[0m [33mrouting: FastPay -> SecurePay[0m
t+ 438s  FastPay:   [1;36m0[0m [1m([0m [1;36m0.0[0m%[1m)[0m  SecurePay: [1;36m183[0m [1m([0m [1;36m1.1[0m%[1m)[0m  QuickPay:  [1;36m17[0m [1m([0m [1;36m0.0[0m%[1m)[0m  |  checkout failures [32m  [0m[1;32m1.0[0m[32m%[0m [1;31mOUTAGE INJECTED[0m [33mrouting: FastPay -> SecurePay[0m
t+ 439s  FastPay:   [1;36m0[0m [1m([0m [1;36m0.0[0m%[1m)[0m  SecurePay: [1;36m183[0m [1m([0m [1;36m0.5[0m%[1m)[0m  QuickPay:  [1;36m17[0m [1m([0m [1;36m0.0[0m%[1m)[0m  |  checkout failures [32m  [0m[1;32m0.5[0m[32m%[0m [1;31mOUTAGE INJECTED[0m [33mrouting: FastPay -> SecurePay[0m
t+ 440s  FastPay:   [1;36m0[0m [1m([0m [1;36m0.0[0m%[1m)[0m  SecurePay: [1;36m178[0m [1m([0m [1;36m0.6[0m%[1m)[0m  QuickPay:  [1;36m22[0m [1m([0m [1;36m0.0[0m%[1m)[0m  |  checkout failures [32m  [0m[1;32m0.5[0m[32m%[0m [1;31mOUTAGE INJECTED[0m [33mrouting: FastPay -> SecurePay[0m
t+ 441s  FastPay:   [1;36m0[0m [1m([0m [1;36m0.0[0m%[1m)[0m  SecurePay: [1;36m178[0m [1m([0m [1;36m0.6[0m%[1m)[0m  QuickPay:  [1;36m22[0m [1m([0m [1;36m0.0[0m%[1m)[0m  |  checkout failures [32m  [0m[1;32m0.5[0m[32m%[0m [1;31mOUTAGE INJECTED[0m [33mrouting: FastPay -> SecurePay[0m
t+ 442s  FastPay:   [1;36m0[0m [1m([0m [1;36m0.0[0m%[1m)[0m  SecurePay: [1;36m176[0m [1m([0m [1;36m0.6[0m%[1m)[0m  QuickPay:  [1;36m24[0m [1m([0m [1;36m4.2[0m%[1m)[0m  |  checkout failures [32m  [0m[1;32m1.0[0m[32m%[0m [1;31mOUTAGE INJECTED[0m [33mrouting: FastPay -> SecurePay[0m
t+ 443s  FastPay:   [1;36m0[0m [1m([0m [1;36m0.0[0m%[1m)[0m  SecurePay: [1;36m177[0m [1m([0m [1;36m0.0[0m%[1m)[0m  QuickPay:  [1;36m23[0m [1m([0m [1;36m0.0[0m%[1m)[0m  |  checkout failures [32m  [0m[1;32m0.0[0m[32m%[0m [1;31mOUTAGE INJECTED[0m [33mrouting: FastPay -> SecurePay[0m
t+ 444s  FastPay:   [1;36m0[0m [1m([0m [1;36m0.0[0m%[1m)[0m  SecurePay: [1;36m180[0m [1m([0m [1;36m0.0[0m%[1m)[0m  QuickPay:  [1;36m20[0m [1m([0m [1;36m0.0[0m%[1m)[0m  |  checkout failures [32m  [0m[1;32m0.0[0m[32m%[0m [1;31mOUTAGE INJECTED[0m [33mrouting: FastPay -> SecurePay[0m
t+ 445s  FastPay:   [1;36m0[0m [1m([0m [1;36m0.0[0m%[1m)[0m  SecurePay: [1;36m175[0m [1m([0m [1;36m0.0[0m%[1m)[0m  QuickPay:  [1;36m25[0m [1m([0m [1;36m0.0[0m%[1m)[0m  |  checkout failures [32m  [0m[1;32m0.0[0m[32m%[0m [1;31mOUTAGE INJECTED[0m [33mrouting: FastPay -> SecurePay[0m
t+ 446s  FastPay:   [1;36m0[0m [1m([0m [1;36m0.0[0m%[1m)[0m  SecurePay: [1;36m179[0m [1m([0m [1;36m0.6[0m%[1m)[0m  QuickPay:  [1;36m21[0m [1m([0m [1;36m0.0[0m%[1m)[0m  |  checkout failures [32m  [0m[1;32m0.5[0m[32m%[0m [1;31mOUTAGE INJECTED[0m [33mrouting: FastPay -> SecurePay[0m
t+ 447s  FastPay:   [1;36m0[0m [1m([0m [1;36m0.0[0m%[1m)[0m  SecurePay: [1;36m178[0m [1m([0m [1;36m0.0[0m%[1m)[0m  QuickPay:  [1;36m22[0m [1m([0m [1;36m0.0[0m%[1m)[0m  |  checkout failures [32m  [0m[1;32m0.0[0m[32m%[0m [1;31mOUTAGE INJECTED[0m [33mrouting: FastPay -> SecurePay[0m
t+ 448s  FastPay:   [1;36m0[0m [1m([0m [1;36m0.0[0m%[1m)[0m  SecurePay: [1;36m171[0m [1m([0m [1;36m0.0[0m%[1m)[0m  QuickPay:  [1;36m29[0m [1m([0m [1;36m6.9[0m%[1m)[0m  |  checkout failures [32m  [0m[1;32m1.0[0m[32m%[0m [1;31mOUTAGE INJECTED[0m [33mrouting: FastPay -> SecurePay[0m
t+ 449s  FastPay:   [1;36m0[0m [1m([0m [1;36m0.0[0m%[1m)[0m  SecurePay: [1;36m177[0m [1m([0m [1;36m0.6[0m%[1m)[0m  QuickPay:  [1;36m23[0m [1m([0m [1;36m0.0[0m%[1m)[0m  |  checkout failures [32m  [0m[1;32m0.5[0m[32m%[0m [1;31mOUTAGE INJECTED[0m [33mrouting: FastPay -> SecurePay[0m
t+ 450s  FastPay:   [1;36m0[0m [1m([0m [1;36m0.0[0m%[1m)[0m  SecurePay: [1;36m185[0m [1m([0m [1;36m0.0[0m%[1m)[0m  QuickPay:  [1;36m15[0m [1m([0m [1;36m0.0[0m%[1m)[0m  |  checkout failures [32m  [0m[1;32m0.0[0m[32m%[0m [1;31mOUTAGE INJECTED[0m [33mrouting: FastPay -> SecurePay[0m
t+ 451s  FastPay:   [1;36m0[0m [1m([0m [1;36m0.0[0m%[1m)[0m  SecurePay: [1;36m180[0m [1m([0m [1;36m0.6[0m%[1m)[0m  QuickPay:  [1;36m20[0m [1m([0m [1;36m0.0[0m%[1m)[0m  |  checkout failures [32m  [0m[1;32m0.5[0m[32m%[0m [1;31mOUTAGE INJECTED[0m [33mrouting: FastPay -> SecurePay[0m
t+ 452s  FastPay:   [1;36m0[0m [1m([0m [1;36m0.0[0m%[1m)[0m  SecurePay: [1;36m178[0m [1m([0m [1;36m0.6[0m%[1m)[0m  QuickPay:  [1;36m22[0m [1m([0m [1;36m0.0[0m%[1m)[0m  |  checkout failures [32m  [0m[1;32m0.5[0m[32m%[0m [1;31mOUTAGE INJECTED[0m [33mrouting: FastPay -> SecurePay[0m
t+ 453s  FastPay:   [1;36m0[0m [1m([0m [1;36m0.0[0m%[1m)[0m  SecurePay: [1;36m180[0m [1m([0m [1;36m0.0[0m%[1m)[0m  QuickPay:  [1;36m20[0m [1m([0m [1;36m0.0[0m%[1m)[0m  |  checkout failures [32m  [0m[1;32m0.0[0m[32m%[0m [1;31mOUTAGE INJECTED[0m [33mrouting: FastPay -> SecurePay[0m
t+ 454s  FastPay:   [1;36m0[0m [1m([0m [1;36m0.0[0m%[1m)[0m  SecurePay: [1;36m184[0m [1m([0m [1;36m0.0[0m%[1m)[0m  QuickPay:  [1;36m16[0m [1m([0m [1;36m0.0[0m%[1m)[0m  |  checkout failures [32m  [0m[1;32m0.0[0m[32m%[0m [1;31mOUTAGE INJECTED[0m [33mrouting: FastPay -> SecurePay[0m
t+ 455s  FastPay:   [1;36m0[0m [1m([0m [1;36m0.0[0m%[1m)[0m  SecurePay: [1;36m182[0m [1m([0m [1;36m1.1[0m%[1m)[0m  QuickPay:  [1;36m18[0m [1m([0m [1;36m0.0[0m%[1m)[0m  |  checkout failures [32m  [0m[1;32m1.0[0m[32m%[0m [1;31mOUTAGE INJECTED[0m [33mrouting: FastPay -> SecurePay[0m
t+ 456s  FastPay:   [1;36m0[0m [1m([0m [1;36m0.0[0m%[1m)[0m  SecurePay: [1;36m181[0m [1m([0m [1;36m0.0[0m%[1m)[0m  QuickPay:  [1;36m19[0m [1m([0m [1;36m0.0[0m%[1m)[0m  |  checkout failures [32m  [0m[1;32m0.0[0m[32m%[0m [1;31mOUTAGE INJECTED[0m [33mrouting: FastPay -> SecurePay[0m
t+ 457s  FastPay:   [1;36m0[0m [1m([0m [1;36m0.0[0m%[1m)[0m  SecurePay: [1;36m175[0m [1m([0m [1;36m0.0[0m%[1m)[0m  QuickPay:  [1;36m25[0m [1m([0m[1;36m12.0[0m%[1m)[0m  |  checkout failures [32m  [0m[1;32m1.5[0m[32m%[0m [1;31mOUTAGE INJECTED[0m [33mrouting: FastPay -> SecurePay[0m
t+ 458s  FastPay:   [1;36m0[0m [1m([0m [1;36m0.0[0m%[1m)[0m  SecurePay: [1;36m181[0m [1m([0m [1;36m0.6[0m%[1m)[0m  QuickPay:  [1;36m19[0m [1m([0m [1;36m0.0[0m%[1m)[0m  |  checkout failures [32m  [0m[1;32m0.5[0m[32m%[0m [1;31mOUTAGE INJECTED[0m [33mrouting: FastPay -> SecurePay[0m
t+ 459s  FastPay:   [1;36m0[0m [1m([0m [1;36m0.0[0m%[1m)[0m  SecurePay: [1;36m189[0m [1m([0m [1;36m1.1[0m%[1m)[0m  QuickPay:  [1;36m11[0m [1m([0m [1;36m9.1[0m%[1m)[0m  |  checkout failures [32m  [0m[1;32m1.5[0m[32m%[0m [1;31mOUTAGE INJECTED[0m [33mrouting: FastPay -> SecurePay[0m
t+ 460s  FastPay:   [1;36m0[0m [1m([0m [1;36m0.0[0m%[1m)[0m  SecurePay: [1;36m178[0m [1m([0m [1;36m0.6[0m%[1m)[0m  QuickPay:  [1;36m22[0m [1m([0m [1;36m0.0[0m%[1m)[0m  |  checkout failures [32m  [0m[1;32m0.5[0m[32m%[0m [1;31mOUTAGE INJECTED[0m [33mrouting: FastPay -> SecurePay[0m
t+ 461s  FastPay:   [1;36m0[0m [1m([0m [1;36m0.0[0m%[1m)[0m  SecurePay: [1;36m180[0m [1m([0m [1;36m0.6[0m%[1m)[0m  QuickPay:  [1;36m20[0m [1m([0m [1;36m0.0[0m%[1m)[0m  |  checkout failures [32m  [0m[1;32m0.5[0m[32m%[0m [1;31mOUTAGE INJECTED[0m [33mrouting: FastPay -> SecurePay[0m
t+ 462s  FastPay:   [1;36m0[0m [1m([0m [1;36m0.0[0m%[1m)[0m  SecurePay: [1;36m190[0m [1m([0m [1;36m2.1[0m%[1m)[0m  QuickPay:  [1;36m10[0m [1m([0m [1;36m0.0[0m%[1m)[0m  |  checkout failures [32m  [0m[1;32m2.0[0m[32m%[0m [1;31mOUTAGE INJECTED[0m [33mrouting: FastPay -> SecurePay[0m
t+ 463s  FastPay:   [1;36m0[0m [1m([0m [1;36m0.0[0m%[1m)[0m  SecurePay: [1;36m185[0m [1m([0m [1;36m0.0[0m%[1m)[0m  QuickPay:  [1;36m15[0m [1m([0m [1;36m0.0[0m%[1m)[0m  |  checkout failures [32m  [0m[1;32m0.0[0m[32m%[0m [1;31mOUTAGE INJECTED[0m [33mrouting: FastPay -> SecurePay[0m
t+ 464s  FastPay:   [1;36m0[0m [1m([0m [1;36m0.0[0m%[1m)[0m  SecurePay: [1;36m179[0m [1m([0m [1;36m0.6[0m%[1m)[0m  QuickPay:  [1;36m21[0m [1m([0m [1;36m9.5[0m%[1m)[0m  |  checkout failures [32m  [0m[1;32m1.5[0m[32m%[0m [1;31mOUTAGE INJECTED[0m [33mrouting: FastPay -> SecurePay[0m
t+ 465s  FastPay:   [1;36m0[0m [1m([0m [1;36m0.0[0m%[1m)[0m  SecurePay: [1;36m179[0m [1m([0m [1;36m0.6[0m%[1m)[0m  QuickPay:  [1;36m21[0m [1m([0m [1;36m0.0[0m%[1m)[0m  |  checkout failures [32m  [0m[1;32m0.5[0m[32m%[0m [1;31mOUTAGE INJECTED[0m [33mrouting: FastPay -> SecurePay[0m
t+ 466s  FastPay:   [1;36m0[0m [1m([0m [1;36m0.0[0m%[1m)[0m  SecurePay: [1;36m186[0m [1m([0m [1;36m0.0[0m%[1m)[0m  QuickPay:  [1;36m14[0m [1m([0m [1;36m0.0[0m%[1m)[0m  |  checkout failures [32m  [0m[1;32m0.0[0m[32m%[0m [1;31mOUTAGE INJECTED[0m [33mrouting: FastPay -> SecurePay[0m
t+ 467s  FastPay:   [1;36m0[0m [1m([0m [1;36m0.0[0m%[1m)[0m  SecurePay: [1;36m180[0m [1m([0m [1;36m1.1[0m%[1m)[0m  QuickPay:  [1;36m20[0m [1m([0m [1;36m5.0[0m%[1m)[0m  |  checkout failures [32m  [0m[1;32m1.5[0m[32m%[0m [1;31mOUTAGE INJECTED[0m [33mrouting: FastPay -> SecurePay[0m
t+ 468s  FastPay:   [1;36m0[0m [1m([0m [1;36m0.0[0m%[1m)[0m  SecurePay: [1;36m181[0m [1m([0m [1;36m1.1[0m%[1m)[0m  QuickPay:  [1;36m19[0m [1m([0m [1;36m0.0[0m%[1m)[0m  |  checkout failures [32m  [0m[1;32m1.0[0m[32m%[0m [1;31mOUTAGE INJECTED[0m [33mrouting: FastPay -> SecurePay[0m
t+ 469s  FastPay:   [1;36m0[0m [1m([0m [1;36m0.0[0m%[1m)[0m  SecurePay: [1;36m175[0m [1m([0m [1;36m0.6[0m%[1m)[0m  QuickPay:  [1;36m25[0m [1m([0m [1;36m0.0[0m%[1m)[0m  |  checkout failures [32m  [0m[1;32m0.5[0m[32m%[0m [1;31mOUTAGE INJECTED[0m [33mrouting: FastPay -> SecurePay[0m
t+ 470s  FastPay:   [1;36m0[0m [1m([0m [1;36m0.0[0m%[1m)[0m  SecurePay: [1;36m187[0m [1m([0m [1;36m0.0[0m%[1m)[0m  QuickPay:  [1;36m13[0m [1m([0m [1;36m0.0[0m%[1m)[0m  |  checkout failures [32m  [0m[1;32m0.0[0m[32m%[0m [1;31mOUTAGE INJECTED[0m [33mrouting: FastPay -> SecurePay[0m
t+ 471s  FastPay:   [1;36m0[0m [1m([0m [1;36m0.0[0m%[1m)[0m  SecurePay: [1;36m181[0m [1m([0m [1;36m0.6[0m%[1m)[0m  QuickPay:  [1;36m19[0m [1m([0m [1;36m0.0[0m%[1m)[0m  |  checkout failures [32m  [0m[1;32m0.5[0m[32m%[0m [1;31mOUTAGE INJECTED[0m [33mrouting: FastPay -> SecurePay[0m
t+ 472s  FastPay:   [1;36m0[0m [1m([0m [1;36m0.0[0m%[1m)[0m  SecurePay: [1;36m178[0m [1m([0m [1;36m0.6[0m%[1m)[0m  QuickPay:  [1;36m22[0m [1m([0m [1;36m0.0[0m%[1m)[0m  |  checkout failures [32m  [0m[1;32m0.5[0m[32m%[0m [1;31mOUTAGE INJECTED[0m [33mrouting: FastPay -> SecurePay[0m
t+ 473s  FastPay:   [1;36m0[0m [1m([0m [1;36m0.0[0m%[1m)[0m  SecurePay: [1;36m182[0m [1m([0m [1;36m0.5[0m%[1m)[0m  QuickPay:  [1;36m18[0m [1m([0m [1;36m0.0[0m%[1m)[0m  |  checkout failures [32m  [0m[1;32m0.5[0m[32m%[0m [1;31mOUTAGE INJECTED[0m [33mrouting: FastPay -> SecurePay[0m
t+ 474s  FastPay:   [1;36m0[0m [1m([0m [1;36m0.0[0m%[1m)[0m  SecurePay: [1;36m183[0m [1m([0m [1;36m0.5[0m%[1m)[0m  QuickPay:  [1;36m17[0m [1m([0m [1;36m0.0[0m%[1m)[0m  |  checkout failures [32m  [0m[1;32m0.5[0m[32m%[0m [1;31mOUTAGE INJECTED[0m [33mrouting: FastPay -> SecurePay[0m
t+ 475s  FastPay:   [1;36m0[0m [1m([0m [1;36m0.0[0m%[1m)[0m  SecurePay: [1;36m183[0m [1m([0m [1;36m0.5[0m%[1m)[0m  QuickPay:  [1;36m17[0m [1m([0m [1;36m0.0[0m%[1m)[0m  |  checkout failures [32m  [0m[1;32m0.5[0m[32m%[0m [1;31mOUTAGE INJECTED[0m [33mrouting: FastPay -> SecurePay[0m
t+ 476s  FastPay:   [1;36m0[0m [1m([0m [1;36m0.0[0m%[1m)[0m  SecurePay: [1;36m174[0m [1m([0m [1;36m0.6[0m%[1m)[0m  QuickPay:  [1;36m26[0m [1m([0m [1;36m0.0[0m%[1m)[0m  |  checkout failures [32m  [0m[1;32m0.5[0m[32m%[0m [1;31mOUTAGE INJECTED[0m [33mrouting: FastPay -> SecurePay[0m
t+ 477s  FastPay:   [1;36m0[0m [1m([0m [1;36m0.0[0m%[1m)[0m  SecurePay: [1;36m186[0m [1m([0m [1;36m1.6[0m%[1m)[0m  QuickPay:  [1;36m14[0m [1m([0m [1;36m0.0[0m%[1m)[0m  |  checkout failures [32m  [0m[1;32m1.5[0m[32m%[0m [1;31mOUTAGE INJECTED[0m [33mrouting: FastPay -> SecurePay[0m
t+ 478s  FastPay:   [1;36m0[0m [1m([0m [1;36m0.0[0m%[1m)[0m  SecurePay: [1;36m176[0m [1m([0m [1;36m1.7[0m%[1m)[0m  QuickPay:  [1;36m24[0m [1m([0m [1;36m0.0[0m%[1m)[0m  |  checkout failures [32m  [0m[1;32m1.5[0m[32m%[0m [1;31mOUTAGE INJECTED[0m [33mrouting: FastPay -> SecurePay[0m
t+ 479s  FastPay:   [1;36m0[0m [1m([0m [1;36m0.0[0m%[1m)[0m  SecurePay: [1;36m178[0m [1m([0m [1;36m0.0[0m%[1m)[0m  QuickPay:  [1;36m22[0m [1m([0m [1;36m0.0[0m%[1m)[0m  |  checkout failures [32m  [0m[1;32m0.0[0m[32m%[0m [1;31mOUTAGE INJECTED[0m [33mrouting: FastPay -> SecurePay[0m
t+ 480s  FastPay:   [1;36m0[0m [1m([0m [1;36m0.0[0m%[1m)[0m  SecurePay: [1;36m184[0m [1m([0m [1;36m0.5[0m%[1m)[0m  QuickPay:  [1;36m16[0m [1m([0m [1;36m0.0[0m%[1m)[0m  |  checkout failures [32m  [0m[1;32m0.5[0m[32m%[0m [1;31mOUTAGE INJECTED[0m [33mrouting: FastPay -> SecurePay[0m
t+ 481s  FastPay:   [1;36m0[0m [1m([0m [1;36m0.0[0m%[1m)[0m  SecurePay: [1;36m184[0m [1m([0m [1;36m0.0[0m%[1m)[0m  QuickPay:  [1;36m16[0m [1m([0m [1;36m6.2[0m%[1m)[0m  |  checkout failures [32m  [0m[1;32m0.5[0m[32m%[0m [1;31mOUTAGE INJECTED[0m [33mrouting: FastPay -> SecurePay[0m
t+ 482s  FastPay:   [1;36m0[0m [1m([0m [1;36m0.0[0m%[1m)[0m  SecurePay: [1;36m178[0m [1m([0m [1;36m0.6[0m%[1m)[0m  QuickPay:  [1;36m22[0m [1m([0m [1;36m4.5[0m%[1m)[0m  |  checkout failures [32m  [0m[1;32m1.0[0m[32m%[0m [1;31mOUTAGE INJECTED[0m [33mrouting: FastPay -> SecurePay[0m
t+ 483s  FastPay:   [1;36m0[0m [1m([0m [1;36m0.0[0m%[1m)[0m  SecurePay: [1;36m186[0m [1m([0m [1;36m1.1[0m%[1m)[0m  QuickPay:  [1;36m14[0m [1m([0m [1;36m0.0[0m%[1m)[0m  |  checkout failures [32m  [0m[1;32m1.0[0m[32m%[0m [1;31mOUTAGE INJECTED[0m [33mrouting: FastPay -> SecurePay[0m
t+ 484s  FastPay:   [1;36m0[0m [1m([0m [1;36m0.0[0m%[1m)[0m  SecurePay: [1;36m177[0m [1m([0m [1;36m0.0[0m%[1m)[0m  QuickPay:  [1;36m23[0m [1m([0m [1;36m0.0[0m%[1m)[0m  |  checkout failures [32m  [0m[1;32m0.0[0m[32m%[0m [1;31mOUTAGE INJECTED[0m [33mrouting: FastPay -> SecurePay[0m
t+ 485s  FastPay:   [1;36m0[0m [1m([0m [1;36m0.0[0m%[1m)[0m  SecurePay: [1;36m174[0m [1m([0m [1;36m0.6[0m%[1m)[0m  QuickPay:  [1;36m26[0m [1m([0m [1;36m7.7[0m%[1m)[0m  |  checkout failures [32m  [0m[1;32m1.5[0m[32m%[0m [1;31mOUTAGE INJECTED[0m [33mrouting: FastPay -> SecurePay[0m
t+ 486s  FastPay:   [1;36m0[0m [1m([0m [1;36m0.0[0m%[1m)[0m  SecurePay: [1;36m175[0m [1m([0m [1;36m2.3[0m%[1m)[0m  QuickPay:  [1;36m25[0m [1m([0m [1;36m0.0[0m%[1m)[0m  |  checkout failures [32m  [0m[1;32m2.0[0m[32m%[0m [1;31mOUTAGE INJECTED[0m [33mrouting: FastPay -> SecurePay[0m
t+ 487s  FastPay:   [1;36m0[0m [1m([0m [1;36m0.0[0m%[1m)[0m  SecurePay: [1;36m184[0m [1m([0m [1;36m1.1[0m%[1m)[0m  QuickPay:  [1;36m16[0m [1m([0m [1;36m0.0[0m%[1m)[0m  |  checkout failures [32m  [0m[1;32m1.0[0m[32m%[0m [1;31mOUTAGE INJECTED[0m [33mrouting: FastPay -> SecurePay[0m
t+ 488s  FastPay:   [1;36m0[0m [1m([0m [1;36m0.0[0m%[1m)[0m  SecurePay: [1;36m172[0m [1m([0m [1;36m0.6[0m%[1m)[0m  QuickPay:  [1;36m28[0m [1m([0m [1;36m0.0[0m%[1m)[0m  |  checkout failures [32m  [0m[1;32m0.5[0m[32m%[0m [1;31mOUTAGE INJECTED[0m [33mrouting: FastPay -> SecurePay[0m
t+ 489s  FastPay:   [1;36m0[0m [1m([0m [1;36m0.0[0m%[1m)[0m  SecurePay: [1;36m179[0m [1m([0m [1;36m0.0[0m%[1m)[0m  QuickPay:  [1;36m21[0m [1m([0m [1;36m0.0[0m%[1m)[0m  |  checkout failures [32m  [0m[1;32m0.0[0m[32m%[0m [1;31mOUTAGE INJECTED[0m [33mrouting: FastPay -> SecurePay[0m
t+ 490s  FastPay:   [1;36m0[0m [1m([0m [1;36m0.0[0m%[1m)[0m  SecurePay: [1;36m188[0m [1m([0m [1;36m1.6[0m%[1m)[0m  QuickPay:  [1;36m12[0m [1m([0m [1;36m0.0[0m%[1m)[0m  |  checkout failures [32m  [0m[1;32m1.5[0m[32m%[0m [1;31mOUTAGE INJECTED[0m [33mrouting: FastPay -> SecurePay[0m
t+ 491s  FastPay:   [1;36m0[0m [1m([0m [1;36m0.0[0m%[1m)[0m  SecurePay: [1;36m176[0m [1m([0m [1;36m1.1[0m%[1m)[0m  QuickPay:  [1;36m24[0m [1m([0m [1;36m0.0[0m%[1m)[0m  |  checkout failures [32m  [0m[1;32m1.0[0m[32m%[0m [1;31mOUTAGE INJECTED[0m [33mrouting: FastPay -> SecurePay[0m
t+ 492s  FastPay:   [1;36m0[0m [1m([0m [1;36m0.0[0m%[1m)[0m  SecurePay: [1;36m181[0m [1m([0m [1;36m0.0[0m%[1m)[0m  QuickPay:  [1;36m19[0m [1m([0m [1;36m0.0[0m%[1m)[0m  |  checkout failures [32m  [0m[1;32m0.0[0m[32m%[0m [1;31mOUTAGE INJECTED[0m [33mrouting: FastPay -> SecurePay[0m
t+ 493s  FastPay:   [1;36m0[0m [1m([0m [1;36m0.0[0m%[1m)[0m  SecurePay: [1;36m174[0m [1m([0m [1;36m0.6[0m%[1m)[0m  QuickPay:  [1;36m26[0m [1m([0m [1;36m0.0[0m%[1m)[0m  |  checkout failures [32m  [0m[1;32m0.5[0m[32m%[0m [1;31mOUTAGE INJECTED[0m [33mrouting: FastPay -> SecurePay[0m
t+ 494s  FastPay:   [1;36m0[0m [1m([0m [1;36m0.0[0m%[1m)[0m  SecurePay: [1;36m174[0m [1m([0m [1;36m0.6[0m%[1m)[0m  QuickPay:  [1;36m26[0m [1m([0m [1;36m0.0[0m%[1m)[0m  |  checkout failures [32m  [0m[1;32m0.5[0m[32m%[0m [1;31mOUTAGE INJECTED[0m [33mrouting: FastPay -> SecurePay[0m
t+ 495s  FastPay:   [1;36m0[0m [1m([0m [1;36m0.0[0m%[1m)[0m  SecurePay: [1;36m178[0m [1m([0m [1;36m1.1[0m%[1m)[0m  QuickPay:  [1;36m22[0m [1m([0m [1;36m0.0[0m%[1m)[0m  |  checkout failures [32m  [0m[1;32m1.0[0m[32m%[0m [1;31mOUTAGE INJECTED[0m [33mrouting: FastPay -> SecurePay[0m
t+ 496s  FastPay:   [1;36m0[0m [1m([0m [1;36m0.0[0m%[1m)[0m  SecurePay: [1;36m179[0m [1m([0m [1;36m0.6[0m%[1m)[0m  QuickPay:  [1;36m21[0m [1m([0m [1;36m9.5[0m%[1m)[0m  |  checkout failures [32m  [0m[1;32m1.5[0m[32m%[0m [1;31mOUTAGE INJECTED[0m [33mrouting: FastPay -> SecurePay[0m
t+ 497s  FastPay:   [1;36m0[0m [1m([0m [1;36m0.0[0m%[1m)[0m  SecurePay: [1;36m177[0m [1m([0m [1;36m0.0[0m%[1m)[0m  QuickPay:  [1;36m23[0m [1m([0m [1;36m4.3[0m%[1m)[0m  |  checkout failures [32m  [0m[1;32m0.5[0m[32m%[0m [1;31mOUTAGE INJECTED[0m [33mrouting: FastPay -> SecurePay[0m
t+ 498s  FastPay:   [1;36m0[0m [1m([0m [1;36m0.0[0m%[1m)[0m  SecurePay: [1;36m176[0m [1m([0m [1;36m0.0[0m%[1m)[0m  QuickPay:  [1;36m24[0m [1m([0m [1;36m4.2[0m%[1m)[0m  |  checkout failures [32m  [0m[1;32m0.5[0m[32m%[0m [1;31mOUTAGE INJECTED[0m [33mrouting: FastPay -> SecurePay[0m
t+ 499s  FastPay:   [1;36m0[0m [1m([0m [1;36m0.0[0m%[1m)[0m  SecurePay: [1;36m180[0m [1m([0m [1;36m2.2[0m%[1m)[0m  QuickPay:  [1;36m20[0m [1m([0m [1;36m0.0[0m%[1m)[0m  |  checkout failures [32m  [0m[1;32m2.0[0m[32m%[0m [1;31mOUTAGE INJECTED[0m [33mrouting: FastPay -> SecurePay[0m
t+ 500s  FastPay:   [1;36m0[0m [1m([0m [1;36m0.0[0m%[1m)[0m  SecurePay: [1;36m176[0m [1m([0m [1;36m0.0[0m%[1m)[0m  QuickPay:  [1;36m24[0m [1m([0m [1;36m0.0[0m%[1m)[0m  |  checkout failures [32m  [0m[1;32m0.0[0m[32m%[0m [1;31mOUTAGE INJECTED[0m [33mrouting: FastPay -> SecurePay[0m
t+ 501s  FastPay:   [1;36m0[0m [1m([0m [1;36m0.0[0m%[1m)[0m  SecurePay: [1;36m187[0m [1m([0m [1;36m0.0[0m%[1m)[0m  QuickPay:  [1;36m13[0m [1m([0m [1;36m0.0[0m%[1m)[0m  |  checkout failures [32m  [0m[1;32m0.0[0m[32m%[0m [1;31mOUTAGE INJECTED[0m [33mrouting: FastPay -> SecurePay[0m
t+ 502s  FastPay:   [1;36m0[0m [1m([0m [1;36m0.0[0m%[1m)[0m  SecurePay: [1;36m189[0m [1m([0m [1;36m1.1[0m%[1m)[0m  QuickPay:  [1;36m11[0m [1m([0m [1;36m0.0[0m%[1m)[0m  |  checkout failures [32m  [0m[1;32m1.0[0m[32m%[0m [1;31mOUTAGE INJECTED[0m [33mrouting: FastPay -> SecurePay[0m
t+ 503s  FastPay:   [1;36m0[0m [1m([0m [1;36m0.0[0m%[1m)[0m  SecurePay: [1;36m183[0m [1m([0m [1;36m0.0[0m%[1m)[0m  QuickPay:  [1;36m17[0m [1m([0m [1;36m0.0[0m%[1m)[0m  |  checkout failures [32m  [0m[1;32m0.0[0m[32m%[0m [1;31mOUTAGE INJECTED[0m [33mrouting: FastPay -> SecurePay[0m
t+ 504s  FastPay:   [1;36m0[0m [1m([0m [1;36m0.0[0m%[1m)[0m  SecurePay: [1;36m181[0m [1m([0m [1;36m0.0[0m%[1m)[0m  QuickPay:  [1;36m19[0m [1m([0m [1;36m0.0[0m%[1m)[0m  |  checkout failures [32m  [0m[1;32m0.0[0m[32m%[0m [1;31mOUTAGE INJECTED[0m [33mrouting: FastPay -> SecurePay[0m
t+ 505s  FastPay:   [1;36m0[0m [1m([0m [1;36m0.0[0m%[1m)[0m  SecurePay: [1;36m188[0m [1m([0m [1;36m0.5[0m%[1m)[0m  QuickPay:  [1;36m12[0m [1m([0m [1;36m0.0[0m%[1m)[0m  |  checkout failures [32m  [0m[1;32m0.5[0m[32m%[0m [1;31mOUTAGE INJECTED[0m [33mrouting: FastPay -> SecurePay[0m
t+ 506s  FastPay:   [1;36m0[0m [1m([0m [1;36m0.0[0m%[1m)[0m  SecurePay: [1;36m184[0m [1m([0m [1;36m0.5[0m%[1m)[0m  QuickPay:  [1;36m16[0m [1m([0m [1;36m0.0[0m%[1m)[0m  |  checkout failures [32m  [0m[1;32m0.5[0m[32m%[0m [1;31mOUTAGE INJECTED[0m [33mrouting: FastPay -> SecurePay[0m
t+ 507s  FastPay:   [1;36m0[0m [1m([0m [1;36m0.0[0m%[1m)[0m  SecurePay: [1;36m175[0m [1m([0m [1;36m0.0[0m%[1m)[0m  QuickPay:  [1;36m25[0m [1m([0m [1;36m0.0[0m%[1m)[0m  |  checkout failures [32m  [0m[1;32m0.0[0m[32m%[0m [1;31mOUTAGE INJECTED[0m [33mrouting: FastPay -> SecurePay[0m
t+ 508s  FastPay:   [1;36m0[0m [1m([0m [1;36m0.0[0m%[1m)[0m  SecurePay: [1;36m174[0m [1m([0m [1;36m1.1[0m%[1m)[0m  QuickPay:  [1;36m26[0m [1m([0m [1;36m0.0[0m%[1m)[0m  |  checkout failures [32m  [0m[1;32m1.0[0m[32m%[0m [1;31mOUTAGE INJECTED[0m [33mrouting: FastPay -> SecurePay[0m
t+ 509s  FastPay:   [1;36m0[0m [1m([0m [1;36m0.0[0m%[1m)[0m  SecurePay: [1;36m181[0m [1m([0m [1;36m0.0[0m%[1m)[0m  QuickPay:  [1;36m19[0m [1m([0m [1;36m0.0[0m%[1m)[0m  |  checkout failures [32m  [0m[1;32m0.0[0m[32m%[0m [1;31mOUTAGE INJECTED[0m [33mrouting: FastPay -> SecurePay[0m
t+ 510s  FastPay:   [1;36m0[0m [1m([0m [1;36m0.0[0m%[1m)[0m  SecurePay: [1;36m175[0m [1m([0m [1;36m0.6[0m%[1m)[0m  QuickPay:  [1;36m25[0m [1m([0m [1;36m0.0[0m%[1m)[0m  |  checkout failures [32m  [0m[1;32m0.5[0m[32m%[0m [1;31mOUTAGE INJECTED[0m [33mrouting: FastPay -> SecurePay[0m
t+ 511s  FastPay:   [1;36m0[0m [1m([0m [1;36m0.0[0m%[1m)[0m  SecurePay: [1;36m179[0m [1m([0m [1;36m0.0[0m%[1m)[0m  QuickPay:  [1;36m21[0m [1m([0m [1;36m0.0[0m%[1m)[0m  |  checkout failures [32m  [0m[1;32m0.0[0m[32m%[0m [1;31mOUTAGE INJECTED[0m [33mrouting: FastPay -> SecurePay[0m
t+ 512s  FastPay:   [1;36m0[0m [1m([0m [1;36m0.0[0m%[1m)[0m  SecurePay: [1;36m176[0m [1m([0m [1;36m0.0[0m%[1m)[0m  QuickPay:  [1;36m24[0m [1m([0m [1;36m0.0[0m%[1m)[0m  |  checkout failures [32m  [0m[1;32m0.0[0m[32m%[0m [1;31mOUTAGE INJECTED[0m [33mrouting: FastPay -> SecurePay[0m
t+ 513s  FastPay:   [1;36m0[0m [1m([0m [1;36m0.0[0m%[1m)[0m  SecurePay: [1;36m182[0m [1m([0m [1;36m0.5[0m%[1m)[0m  QuickPay:  [1;36m18[0m [1m([0m [1;36m0.0[0m%[1m)[0m  |  checkout failures [32m  [0m[1;32m0.5[0m[32m%[0m [1;31mOUTAGE INJECTED[0m [33mrouting: FastPay -> SecurePay[0m
t+ 514s  FastPay:   [1;36m0[0m [1m([0m [1;36m0.0[0m%[1m)[0m  SecurePay: [1;36m183[0m [1m([0m [1;36m0.5[0m%[1m)[0m  QuickPay:  [1;36m17[0m [1m([0m [1;36m0.0[0m%[1m)[0m  |  checkout failures [32m  [0m[1;32m0.5[0m[32m%[0m [1;31mOUTAGE INJECTED[0m [33mrouting: FastPay -> SecurePay[0m
t+ 515s  FastPay:   [1;36m0[0m [1m([0m [1;36m0.0[0m%[1m)[0m  SecurePay: [1;36m176[0m [1m([0m [1;36m0.0[0m%[1m)[0m  QuickPay:  [1;36m24[0m [1m([0m [1;36m0.0[0m%[1m)[0m  |  checkout failures [32m  [0m[1;32m0.0[0m[32m%[0m [1;31mOUTAGE INJECTED[0m [33mrouting: FastPay -> SecurePay[0m
t+ 516s  FastPay:   [1;36m0[0m [1m([0m [1;36m0.0[0m%[1m)[0m  SecurePay: [1;36m184[0m [1m([0m [1;36m1.1[0m%[1m)[0m  QuickPay:  [1;36m16[0m [1m([0m [1;36m0.0[0m%[1m)[0m  |  checkout failures [32m  [0m[1;32m1.0[0m[32m%[0m [1;31mOUTAGE INJECTED[0m [33mrouting: FastPay -> SecurePay[0m
t+ 517s  FastPay:   [1;36m0[0m [1m([0m [1;36m0.0[0m%[1m)[0m  SecurePay: [1;36m180[0m [1m([0m [1;36m1.1[0m%[1m)[0m  QuickPay:  [1;36m20[0m [1m([0m [1;36m0.0[0m%[1m)[0m  |  checkout failures [32m  [0m[1;32m1.0[0m[32m%[0m [1;31mOUTAGE INJECTED[0m [33mrouting: FastPay -> SecurePay[0m
t+ 518s  FastPay:   [1;36m0[0m [1m([0m [1;36m0.0[0m%[1m)[0m  SecurePay: [1;36m182[0m [1m([0m [1;36m0.5[0m%[1m)[0m  QuickPay:  [1;36m18[0m [1m([0m [1;36m0.0[0m%[1m)[0m  |  checkout failures [32m  [0m[1;32m0.5[0m[32m%[0m [1;31mOUTAGE INJECTED[0m [33mrouting: FastPay -> SecurePay[0m
t+ 519s  FastPay:   [1;36m0[0m [1m([0m [1;36m0.0[0m%[1m)[0m  SecurePay: [1;36m179[0m [1m([0m [1;36m1.1[0m%[1m)[0m  QuickPay:  [1;36m21[0m [1m([0m [1;36m0.0[0m%[1m)[0m  |  checkout failures [32m  [0m[1;32m1.0[0m[32m%[0m [1;31mOUTAGE INJECTED[0m [33mrouting: FastPay -> SecurePay[0m
t+ 520s  FastPay:   [1;36m0[0m [1m([0m [1;36m0.0[0m%[1m)[0m  SecurePay: [1;36m178[0m [1m([0m [1;36m0.6[0m%[1m)[0m  QuickPay:  [1;36m22[0m [1m([0m [1;36m0.0[0m%[1m)[0m  |  checkout failures [32m  [0m[1;32m0.5[0m[32m%[0m [1;31mOUTAGE INJECTED[0m [33mrouting: FastPay -> SecurePay[0m
t+ 521s  FastPay:   [1;36m0[0m [1m([0m [1;36m0.0[0m%[1m)[0m  SecurePay: [1;36m182[0m [1m([0m [1;36m0.5[0m%[1m)[0m  QuickPay:  [1;36m18[0m [1m([0m [1;36m0.0[0m%[1m)[0m  |  checkout failures [32m  [0m[1;32m0.5[0m[32m%[0m [1;31mOUTAGE INJECTED[0m [33mrouting: FastPay -> SecurePay[0m
t+ 522s  FastPay:   [1;36m0[0m [1m([0m [1;36m0.0[0m%[1m)[0m  SecurePay: [1;36m181[0m [1m([0m [1;36m0.6[0m%[1m)[0m  QuickPay:  [1;36m19[0m [1m([0m [1;36m0.0[0m%[1m)[0m  |  checkout failures [32m  [0m[1;32m0.5[0m[32m%[0m [1;31mOUTAGE INJECTED[0m [33mrouting: FastPay -> SecurePay[0m
t+ 523s  FastPay:   [1;36m0[0m [1m([0m [1;36m0.0[0m%[1m)[0m  SecurePay: [1;36m186[0m [1m([0m [1;36m0.5[0m%[1m)[0m  QuickPay:  [1;36m14[0m [1m([0m [1;36m0.0[0m%[1m)[0m  |  checkout failures [32m  [0m[1;32m0.5[0m[32m%[0m [1;31mOUTAGE INJECTED[0m [33mrouting: FastPay -> SecurePay[0m
t+ 524s  FastPay:   [1;36m0[0m [1m([0m [1;36m0.0[0m%[1m)[0m  SecurePay: [1;36m182[0m [1m([0m [1;36m0.0[0m%[1m)[0m  QuickPay:  [1;36m18[0m [1m([0m [1;36m0.0[0m%[1m)[0m  |  checkout failures [32m  [0m[1;32m0.0[0m[32m%[0m [1;31mOUTAGE INJECTED[0m [33mrouting: FastPay -> SecurePay[0m
t+ 525s  FastPay:   [1;36m0[0m [1m([0m [1;36m0.0[0m%[1m)[0m  SecurePay: [1;36m177[0m [1m([0m [1;36m0.6[0m%[1m)[0m  QuickPay:  [1;36m23[0m [1m([0m [1;36m0.0[0m%[1m)[0m  |  checkout failures [32m  [0m[1;32m0.5[0m[32m%[0m [1;31mOUTAGE INJECTED[0m [33mrouting: FastPay -> SecurePay[0m
t+ 526s  FastPay:   [1;36m0[0m [1m([0m [1;36m0.0[0m%[1m)[0m  SecurePay: [1;36m176[0m [1m([0m [1;36m1.1[0m%[1m)[0m  QuickPay:  [1;36m24[0m [1m([0m [1;36m0.0[0m%[1m)[0m  |  checkout failures [32m  [0m[1;32m1.0[0m[32m%[0m [1;31mOUTAGE INJECTED[0m [33mrouting: FastPay -> SecurePay[0m
t+ 527s  FastPay:   [1;36m0[0m [1m([0m [1;36m0.0[0m%[1m)[0m  SecurePay: [1;36m181[0m [1m([0m [1;36m0.0[0m%[1m)[0m  QuickPay:  [1;36m19[0m [1m([0m [1;36m0.0[0m%[1m)[0m  |  checkout failures [32m  [0m[1;32m0.0[0m[32m%[0m [1;31mOUTAGE INJECTED[0m [33mrouting: FastPay -> SecurePay[0m
t+ 528s  FastPay:   [1;36m0[0m [1m([0m [1;36m0.0[0m%[1m)[0m  SecurePay: [1;36m179[0m [1m([0m [1;36m0.6[0m%[1m)[0m  QuickPay:  [1;36m21[0m [1m([0m [1;36m0.0[0m%[1m)[0m  |  checkout failures [32m  [0m[1;32m0.5[0m[32m%[0m [1;31mOUTAGE INJECTED[0m [33mrouting: FastPay -> SecurePay[0m
t+ 529s  FastPay:   [1;36m0[0m [1m([0m [1;36m0.0[0m%[1m)[0m  SecurePay: [1;36m175[0m [1m([0m [1;36m0.6[0m%[1m)[0m  QuickPay:  [1;36m25[0m [1m([0m [1;36m0.0[0m%[1m)[0m  |  checkout failures [32m  [0m[1;32m0.5[0m[32m%[0m [1;31mOUTAGE INJECTED[0m [33mrouting: FastPay -> SecurePay[0m
t+ 530s  FastPay:   [1;36m0[0m [1m([0m [1;36m0.0[0m%[1m)[0m  SecurePay: [1;36m173[0m [1m([0m [1;36m0.6[0m%[1m)[0m  QuickPay:  [1;36m27[0m [1m([0m [1;36m0.0[0m%[1m)[0m  |  checkout failures [32m  [0m[1;32m0.5[0m[32m%[0m [1;31mOUTAGE INJECTED[0m [33mrouting: FastPay -> SecurePay[0m
t+ 531s  FastPay:   [1;36m0[0m [1m([0m [1;36m0.0[0m%[1m)[0m  SecurePay: [1;36m186[0m [1m([0m [1;36m1.1[0m%[1m)[0m  QuickPay:  [1;36m14[0m [1m([0m [1;36m0.0[0m%[1m)[0m  |  checkout failures [32m  [0m[1;32m1.0[0m[32m%[0m [1;31mOUTAGE INJECTED[0m [33mrouting: FastPay -> SecurePay[0m
t+ 532s  FastPay:   [1;36m0[0m [1m([0m [1;36m0.0[0m%[1m)[0m  SecurePay: [1;36m166[0m [1m([0m [1;36m1.2[0m%[1m)[0m  QuickPay:  [1;36m34[0m [1m([0m [1;36m0.0[0m%[1m)[0m  |  checkout failures [32m  [0m[1;32m1.0[0m[32m%[0m [1;31mOUTAGE INJECTED[0m [33mrouting: FastPay -> SecurePay[0m
t+ 533s  FastPay:   [1;36m0[0m [1m([0m [1;36m0.0[0m%[1m)[0m  SecurePay: [1;36m186[0m [1m([0m [1;36m1.1[0m%[1m)[0m  QuickPay:  [1;36m14[0m [1m([0m [1;36m7.1[0m%[1m)[0m  |  checkout failures [32m  [0m[1;32m1.5[0m[32m%[0m [1;31mOUTAGE INJECTED[0m [33mrouting: FastPay -> SecurePay[0m
t+ 534s  FastPay:   [1;36m0[0m [1m([0m [1;36m0.0[0m%[1m)[0m  SecurePay: [1;36m186[0m [1m([0m [1;36m1.6[0m%[1m)[0m  QuickPay:  [1;36m14[0m [1m([0m [1;36m0.0[0m%[1m)[0m  |  checkout failures [32m  [0m[1;32m1.5[0m[32m%[0m [1;31mOUTAGE INJECTED[0m [33mrouting: FastPay -> SecurePay[0m
t+ 535s  FastPay:   [1;36m0[0m [1m([0m [1;36m0.0[0m%[1m)[0m  SecurePay: [1;36m181[0m [1m([0m [1;36m0.6[0m%[1m)[0m  QuickPay:  [1;36m19[0m [1m([0m [1;36m5.3[0m%[1m)[0m  |  checkout failures [32m  [0m[1;32m1.0[0m[32m%[0m [1;31mOUTAGE INJECTED[0m [33mrouting: FastPay -> SecurePay[0m
t+ 536s  FastPay:   [1;36m0[0m [1m([0m [1;36m0.0[0m%[1m)[0m  SecurePay: [1;36m180[0m [1m([0m [1;36m1.7[0m%[1m)[0m  QuickPay:  [1;36m20[0m [1m([0m [1;36m5.0[0m%[1m)[0m  |  checkout failures [32m  [0m[1;32m2.0[0m[32m%[0m [1;31mOUTAGE INJECTED[0m [33mrouting: FastPay -> SecurePay[0m
t+ 537s  FastPay:   [1;36m0[0m [1m([0m [1;36m0.0[0m%[1m)[0m  SecurePay: [1;36m171[0m [1m([0m [1;36m0.6[0m%[1m)[0m  QuickPay:  [1;36m29[0m [1m([0m [1;36m3.4[0m%[1m)[0m  |  checkout failures [32m  [0m[1;32m1.0[0m[32m%[0m [1;31mOUTAGE INJECTED[0m [33mrouting: FastPay -> SecurePay[0m
t+ 538s  FastPay:   [1;36m0[0m [1m([0m [1;36m0.0[0m%[1m)[0m  SecurePay: [1;36m179[0m [1m([0m [1;36m0.0[0m%[1m)[0m  QuickPay:  [1;36m21[0m [1m([0m [1;36m0.0[0m%[1m)[0m  |  checkout failures [32m  [0m[1;32m0.0[0m[32m%[0m [1;31mOUTAGE INJECTED[0m [33mrouting: FastPay -> SecurePay[0m
t+ 539s  FastPay:   [1;36m0[0m [1m([0m [1;36m0.0[0m%[1m)[0m  SecurePay: [1;36m186[0m [1m([0m [1;36m0.5[0m%[1m)[0m  QuickPay:  [1;36m14[0m [1m([0m [1;36m0.0[0m%[1m)[0m  |  checkout failures [32m  [0m[1;32m0.5[0m[32m%[0m [1;31mOUTAGE INJECTED[0m [33mrouting: FastPay -> SecurePay[0m
t+ 540s  FastPay:   [1;36m0[0m [1m([0m [1;36m0.0[0m%[1m)[0m  SecurePay: [1;36m182[0m [1m([0m [1;36m0.5[0m%[1m)[0m  QuickPay:  [1;36m18[0m [1m([0m [1;36m0.0[0m%[1m)[0m  |  checkout failures [32m  [0m[1;32m0.5[0m[32m%[0m [1;31mOUTAGE INJECTED[0m [33mrouting: FastPay -> SecurePay[0m
t+ 541s  FastPay:   [1;36m0[0m [1m([0m [1;36m0.0[0m%[1m)[0m  SecurePay: [1;36m185[0m [1m([0m [1;36m0.5[0m%[1m)[0m  QuickPay:  [1;36m15[0m [1m([0m[1;36m13.3[0m%[1m)[0m  |  checkout failures [32m  [0m[1;32m1.5[0m[32m%[0m [1;31mOUTAGE INJECTED[0m [33mrouting: FastPay -> SecurePay[0m
t+ 542s  FastPay:   [1;36m0[0m [1m([0m [1;36m0.0[0m%[1m)[0m  SecurePay: [1;36m186[0m [1m([0m [1;36m0.0[0m%[1m)[0m  QuickPay:  [1;36m14[0m [1m([0m [1;36m0.0[0m%[1m)[0m  |  checkout failures [32m  [0m[1;32m0.0[0m[32m%[0m [1;31mOUTAGE INJECTED[0m [33mrouting: FastPay -> SecurePay[0m
t+ 543s  FastPay:   [1;36m0[0m [1m([0m [1;36m0.0[0m%[1m)[0m  SecurePay: [1;36m176[0m [1m([0m [1;36m1.1[0m%[1m)[0m  QuickPay:  [1;36m24[0m [1m([0m [1;36m0.0[0m%[1m)[0m  |  checkout failures [32m  [0m[1;32m1.0[0m[32m%[0m [1;31mOUTAGE INJECTED[0m [33mrouting: FastPay -> SecurePay[0m
t+ 544s  FastPay:   [1;36m0[0m [1m([0m [1;36m0.0[0m%[1m)[0m  SecurePay: [1;36m179[0m [1m([0m [1;36m1.7[0m%[1m)[0m  QuickPay:  [1;36m21[0m [1m([0m [1;36m0.0[0m%[1m)[0m  |  checkout failures [32m  [0m[1;32m1.5[0m[32m%[0m [1;31mOUTAGE INJECTED[0m [33mrouting: FastPay -> SecurePay[0m
t+ 545s  FastPay:   [1;36m0[0m [1m([0m [1;36m0.0[0m%[1m)[0m  SecurePay: [1;36m180[0m [1m([0m [1;36m0.6[0m%[1m)[0m  QuickPay:  [1;36m20[0m [1m([0m [1;36m0.0[0m%[1m)[0m  |  checkout failures [32m  [0m[1;32m0.5[0m[32m%[0m [1;31mOUTAGE INJECTED[0m [33mrouting: FastPay -> SecurePay[0m
t+ 546s  FastPay:   [1;36m0[0m [1m([0m [1;36m0.0[0m%[1m)[0m  SecurePay: [1;36m179[0m [1m([0m [1;36m1.1[0m%[1m)[0m  QuickPay:  [1;36m21[0m [1m([0m [1;36m0.0[0m%[1m)[0m  |  checkout failures [32m  [0m[1;32m1.0[0m[32m%[0m [1;31mOUTAGE INJECTED[0m [33mrouting: FastPay -> SecurePay[0m
t+ 547s  FastPay:   [1;36m0[0m [1m([0m [1;36m0.0[0m%[1m)[0m  SecurePay: [1;36m180[0m [1m([0m [1;36m0.0[0m%[1m)[0m  QuickPay:  [1;36m20[0m [1m([0m [1;36m0.0[0m%[1m)[0m  |  checkout failures [32m  [0m[1;32m0.0[0m[32m%[0m [1;31mOUTAGE INJECTED[0m [33mrouting: FastPay -> SecurePay[0m
t+ 548s  FastPay:   [1;36m0[0m [1m([0m [1;36m0.0[0m%[1m)[0m  SecurePay: [1;36m185[0m [1m([0m [1;36m1.1[0m%[1m)[0m  QuickPay:  [1;36m15[0m [1m([0m [1;36m0.0[0m%[1m)[0m  |  checkout failures [32m  [0m[1;32m1.0[0m[32m%[0m [1;31mOUTAGE INJECTED[0m [33mrouting: FastPay -> SecurePay[0m
t+ 549s  FastPay:   [1;36m0[0m [1m([0m [1;36m0.0[0m%[1m)[0m  SecurePay: [1;36m178[0m [1m([0m [1;36m0.6[0m%[1m)[0m  QuickPay:  [1;36m22[0m [1m([0m [1;36m0.0[0m%[1m)[0m  |  checkout failures [32m  [0m[1;32m0.5[0m[32m%[0m [1;31mOUTAGE INJECTED[0m [33mrouting: FastPay -> SecurePay[0m
t+ 551s  FastPay:   [1;36m0[0m [1m([0m [1;36m0.0[0m%[1m)[0m  SecurePay: [1;36m183[0m [1m([0m [1;36m0.0[0m%[1m)[0m  QuickPay:  [1;36m17[0m [1m([0m [1;36m0.0[0m%[1m)[0m  |  checkout failures [32m  [0m[1;32m0.0[0m[32m%[0m [1;31mOUTAGE INJECTED[0m [33mrouting: FastPay -> SecurePay[0m
t+ 552s  FastPay:   [1;36m0[0m [1m([0m [1;36m0.0[0m%[1m)[0m  SecurePay: [1;36m183[0m [1m([0m [1;36m1.1[0m%[1m)[0m  QuickPay:  [1;36m17[0m [1m([0m [1;36m0.0[0m%[1m)[0m  |  checkout failures [32m  [0m[1;32m1.0[0m[32m%[0m [1;31mOUTAGE INJECTED[0m [33mrouting: FastPay -> SecurePay[0m
t+ 553s  FastPay:   [1;36m0[0m [1m([0m [1;36m0.0[0m%[1m)[0m  SecurePay: [1;36m178[0m [1m([0m [1;36m0.6[0m%[1m)[0m  QuickPay:  [1;36m22[0m [1m([0m [1;36m0.0[0m%[1m)[0m  |  checkout failures [32m  [0m[1;32m0.5[0m[32m%[0m [1;31mOUTAGE INJECTED[0m [33mrouting: FastPay -> SecurePay[0m
t+ 554s  FastPay:   [1;36m0[0m [1m([0m [1;36m0.0[0m%[1m)[0m  SecurePay: [1;36m172[0m [1m([0m [1;36m0.6[0m%[1m)[0m  QuickPay:  [1;36m28[0m [1m([0m [1;36m3.6[0m%[1m)[0m  |  checkout failures [32m  [0m[1;32m1.0[0m[32m%[0m [1;31mOUTAGE INJECTED[0m [33mrouting: FastPay -> SecurePay[0m
t+ 555s  FastPay:   [1;36m0[0m [1m([0m [1;36m0.0[0m%[1m)[0m  SecurePay: [1;36m178[0m [1m([0m [1;36m1.1[0m%[1m)[0m  QuickPay:  [1;36m22[0m [1m([0m [1;36m0.0[0m%[1m)[0m  |  checkout failures [32m  [0m[1;32m1.0[0m[32m%[0m [1;31mOUTAGE INJECTED[0m [33mrouting: FastPay -> SecurePay[0m
t+ 556s  FastPay:   [1;36m0[0m [1m([0m [1;36m0.0[0m%[1m)[0m  SecurePay: [1;36m180[0m [1m([0m [1;36m0.0[0m%[1m)[0m  QuickPay:  [1;36m20[0m [1m([0m [1;36m0.0[0m%[1m)[0m  |  checkout failures [32m  [0m[1;32m0.0[0m[32m%[0m [1;31mOUTAGE INJECTED[0m [33mrouting: FastPay -> SecurePay[0m
t+ 557s  FastPay:   [1;36m0[0m [1m([0m [1;36m0.0[0m%[1m)[0m  SecurePay: [1;36m176[0m [1m([0m [1;36m0.6[0m%[1m)[0m  QuickPay:  [1;36m24[0m [1m([0m [1;36m8.3[0m%[1m)[0m  |  checkout failures [32m  [0m[1;32m1.5[0m[32m%[0m [1;31mOUTAGE INJECTED[0m [33mrouting: FastPay -> SecurePay[0m
t+ 558s  FastPay:   [1;36m0[0m [1m([0m [1;36m0.0[0m%[1m)[0m  SecurePay: [1;36m173[0m [1m([0m [1;36m1.7[0m%[1m)[0m  QuickPay:  [1;36m27[0m [1m([0m [1;36m0.0[0m%[1m)[0m  |  checkout failures [32m  [0m[1;32m1.5[0m[32m%[0m [1;31mOUTAGE INJECTED[0m [33mrouting: FastPay -> SecurePay[0m
t+ 559s  FastPay:   [1;36m0[0m [1m([0m [1;36m0.0[0m%[1m)[0m  SecurePay: [1;36m175[0m [1m([0m [1;36m1.1[0m%[1m)[0m  QuickPay:  [1;36m25[0m [1m([0m [1;36m0.0[0m%[1m)[0m  |  checkout failures [32m  [0m[1;32m1.0[0m[32m%[0m [1;31mOUTAGE INJECTED[0m [33mrouting: FastPay -> SecurePay[0m
t+ 560s  FastPay:   [1;36m0[0m [1m([0m [1;36m0.0[0m%[1m)[0m  SecurePay: [1;36m183[0m [1m([0m [1;36m0.0[0m%[1m)[0m  QuickPay:  [1;36m17[0m [1m([0m [1;36m0.0[0m%[1m)[0m  |  checkout failures [32m  [0m[1;32m0.0[0m[32m%[0m [1;31mOUTAGE INJECTED[0m [33mrouting: FastPay -> SecurePay[0m
t+ 561s  FastPay:   [1;36m0[0m [1m([0m [1;36m0.0[0m%[1m)[0m  SecurePay: [1;36m183[0m [1m([0m [1;36m1.1[0m%[1m)[0m  QuickPay:  [1;36m17[0m [1m([0m [1;36m0.0[0m%[1m)[0m  |  checkout failures [32m  [0m[1;32m1.0[0m[32m%[0m [1;31mOUTAGE INJECTED[0m [33mrouting: FastPay -> SecurePay[0m
t+ 562s  FastPay:   [1;36m0[0m [1m([0m [1;36m0.0[0m%[1m)[0m  SecurePay: [1;36m176[0m [1m([0m [1;36m1.7[0m%[1m)[0m  QuickPay:  [1;36m24[0m [1m([0m [1;36m0.0[0m%[1m)[0m  |  checkout failures [32m  [0m[1;32m1.5[0m[32m%[0m [1;31mOUTAGE INJECTED[0m [33mrouting: FastPay -> SecurePay[0m
t+ 563s  FastPay:   [1;36m0[0m [1m([0m [1;36m0.0[0m%[1m)[0m  SecurePay: [1;36m187[0m [1m([0m [1;36m0.5[0m%[1m)[0m  QuickPay:  [1;36m13[0m [1m([0m [1;36m0.0[0m%[1m)[0m  |  checkout failures [32m  [0m[1;32m0.5[0m[32m%[0m [1;31mOUTAGE INJECTED[0m [33mrouting: FastPay -> SecurePay[0m
t+ 564s  FastPay:   [1;36m0[0m [1m([0m [1;36m0.0[0m%[1m)[0m  SecurePay: [1;36m175[0m [1m([0m [1;36m0.0[0m%[1m)[0m  QuickPay:  [1;36m25[0m [1m([0m [1;36m0.0[0m%[1m)[0m  |  checkout failures [32m  [0m[1;32m0.0[0m[32m%[0m [1;31mOUTAGE INJECTED[0m [33mrouting: FastPay -> SecurePay[0m
t+ 565s  FastPay:   [1;36m0[0m [1m([0m [1;36m0.0[0m%[1m)[0m  SecurePay: [1;36m179[0m [1m([0m [1;36m2.2[0m%[1m)[0m  QuickPay:  [1;36m21[0m [1m([0m [1;36m4.8[0m%[1m)[0m  |  checkout failures [32m  [0m[1;32m2.5[0m[32m%[0m [1;31mOUTAGE INJECTED[0m [33mrouting: FastPay -> SecurePay[0m
t+ 566s  FastPay:   [1;36m0[0m [1m([0m [1;36m0.0[0m%[1m)[0m  SecurePay: [1;36m175[0m [1m([0m [1;36m0.6[0m%[1m)[0m  QuickPay:  [1;36m25[0m [1m([0m [1;36m0.0[0m%[1m)[0m  |  checkout failures [32m  [0m[1;32m0.5[0m[32m%[0m [1;31mOUTAGE INJECTED[0m [33mrouting: FastPay -> SecurePay[0m
t+ 567s  FastPay:   [1;36m0[0m [1m([0m [1;36m0.0[0m%[1m)[0m  SecurePay: [1;36m180[0m [1m([0m [1;36m0.0[0m%[1m)[0m  QuickPay:  [1;36m20[0m [1m([0m [1;36m0.0[0m%[1m)[0m  |  checkout failures [32m  [0m[1;32m0.0[0m[32m%[0m [1;31mOUTAGE INJECTED[0m [33mrouting: FastPay -> SecurePay[0m
t+ 568s  FastPay:   [1;36m0[0m [1m([0m [1;36m0.0[0m%[1m)[0m  SecurePay: [1;36m183[0m [1m([0m [1;36m0.5[0m%[1m)[0m  QuickPay:  [1;36m17[0m [1m([0m [1;36m0.0[0m%[1m)[0m  |  checkout failures [32m  [0m[1;32m0.5[0m[32m%[0m [1;31mOUTAGE INJECTED[0m [33mrouting: FastPay -> SecurePay[0m
t+ 569s  FastPay:   [1;36m0[0m [1m([0m [1;36m0.0[0m%[1m)[0m  SecurePay: [1;36m186[0m [1m([0m [1;36m0.0[0m%[1m)[0m  QuickPay:  [1;36m14[0m [1m([0m [1;36m0.0[0m%[1m)[0m  |  checkout failures [32m  [0m[1;32m0.0[0m[32m%[0m [1;31mOUTAGE INJECTED[0m [33mrouting: FastPay -> SecurePay[0m
t+ 570s  FastPay:   [1;36m0[0m [1m([0m [1;36m0.0[0m%[1m)[0m  SecurePay: [1;36m180[0m [1m([0m [1;36m1.1[0m%[1m)[0m  QuickPay:  [1;36m20[0m [1m([0m [1;36m0.0[0m%[1m)[0m  |  checkout failures [32m  [0m[1;32m1.0[0m[32m%[0m [1;31mOUTAGE INJECTED[0m [33mrouting: FastPay -> SecurePay[0m
t+ 571s  FastPay:   [1;36m0[0m [1m([0m [1;36m0.0[0m%[1m)[0m  SecurePay: [1;36m185[0m [1m([0m [1;36m0.5[0m%[1m)[0m  QuickPay:  [1;36m15[0m [1m([0m [1;36m0.0[0m%[1m)[0m  |  checkout failures [32m  [0m[1;32m0.5[0m[32m%[0m [1;31mOUTAGE INJECTED[0m [33mrouting: FastPay -> SecurePay[0m
t+ 572s  FastPay:   [1;36m0[0m [1m([0m [1;36m0.0[0m%[1m)[0m  SecurePay: [1;36m185[0m [1m([0m [1;36m0.5[0m%[1m)[0m  QuickPay:  [1;36m15[0m [1m([0m [1;36m0.0[0m%[1m)[0m  |  checkout failures [32m  [0m[1;32m0.5[0m[32m%[0m [1;31mOUTAGE INJECTED[0m [33mrouting: FastPay -> SecurePay[0m
t+ 573s  FastPay:   [1;36m0[0m [1m([0m [1;36m0.0[0m%[1m)[0m  SecurePay: [1;36m175[0m [1m([0m [1;36m1.7[0m%[1m)[0m  QuickPay:  [1;36m25[0m [1m([0m [1;36m0.0[0m%[1m)[0m  |  checkout failures [32m  [0m[1;32m1.5[0m[32m%[0m [1;31mOUTAGE INJECTED[0m [33mrouting: FastPay -> SecurePay[0m
t+ 574s  FastPay:   [1;36m0[0m [1m([0m [1;36m0.0[0m%[1m)[0m  SecurePay: [1;36m185[0m [1m([0m [1;36m1.1[0m%[1m)[0m  QuickPay:  [1;36m15[0m [1m([0m [1;36m0.0[0m%[1m)[0m  |  checkout failures [32m  [0m[1;32m1.0[0m[32m%[0m [1;31mOUTAGE INJECTED[0m [33mrouting: FastPay -> SecurePay[0m
t+ 575s  FastPay:   [1;36m0[0m [1m([0m [1;36m0.0[0m%[1m)[0m  SecurePay: [1;36m179[0m [1m([0m [1;36m0.0[0m%[1m)[0m  QuickPay:  [1;36m21[0m [1m([0m [1;36m0.0[0m%[1m)[0m  |  checkout failures [32m  [0m[1;32m0.0[0m[32m%[0m [1;31mOUTAGE INJECTED[0m [33mrouting: FastPay -> SecurePay[0m
t+ 576s  FastPay:   [1;36m0[0m [1m([0m [1;36m0.0[0m%[1m)[0m  SecurePay: [1;36m187[0m [1m([0m [1;36m0.0[0m%[1m)[0m  QuickPay:  [1;36m13[0m [1m([0m [1;36m0.0[0m%[1m)[0m  |  checkout failures [32m  [0m[1;32m0.0[0m[32m%[0m [1;31mOUTAGE INJECTED[0m [33mrouting: FastPay -> SecurePay[0m
t+ 577s  FastPay:   [1;36m0[0m [1m([0m [1;36m0.0[0m%[1m)[0m  SecurePay: [1;36m180[0m [1m([0m [1;36m0.6[0m%[1m)[0m  QuickPay:  [1;36m20[0m [1m([0m [1;36m0.0[0m%[1m)[0m  |  checkout failures [32m  [0m[1;32m0.5[0m[32m%[0m [1;31mOUTAGE INJECTED[0m [33mrouting: FastPay -> SecurePay[0m
t+ 578s  FastPay:   [1;36m0[0m [1m([0m [1;36m0.0[0m%[1m)[0m  SecurePay: [1;36m177[0m [1m([0m [1;36m1.1[0m%[1m)[0m  QuickPay:  [1;36m23[0m [1m([0m [1;36m0.0[0m%[1m)[0m  |  checkout failures [32m  [0m[1;32m1.0[0m[32m%[0m [1;31mOUTAGE INJECTED[0m [33mrouting: FastPay -> SecurePay[0m
t+ 579s  FastPay:   [1;36m0[0m [1m([0m [1;36m0.0[0m%[1m)[0m  SecurePay: [1;36m181[0m [1m([0m [1;36m0.0[0m%[1m)[0m  QuickPay:  [1;36m19[0m [1m([0m [1;36m0.0[0m%[1m)[0m  |  checkout failures [32m  [0m[1;32m0.0[0m[32m%[0m [1;31mOUTAGE INJECTED[0m [33mrouting: FastPay -> SecurePay[0m
t+ 580s  FastPay:   [1;36m0[0m [1m([0m [1;36m0.0[0m%[1m)[0m  SecurePay: [1;36m186[0m [1m([0m [1;36m0.0[0m%[1m)[0m  QuickPay:  [1;36m14[0m [1m([0m [1;36m0.0[0m%[1m)[0m  |  checkout failures [32m  [0m[1;32m0.0[0m[32m%[0m [1;31mOUTAGE INJECTED[0m [33mrouting: FastPay -> SecurePay[0m
t+ 581s  FastPay:   [1;36m0[0m [1m([0m [1;36m0.0[0m%[1m)[0m  SecurePay: [1;36m185[0m [1m([0m [1;36m0.0[0m%[1m)[0m  QuickPay:  [1;36m15[0m [1m([0m [1;36m0.0[0m%[1m)[0m  |  checkout failures [32m  [0m[1;32m0.0[0m[32m%[0m [1;31mOUTAGE INJECTED[0m [33mrouting: FastPay -> SecurePay[0m
t+ 582s  FastPay:   [1;36m0[0m [1m([0m [1;36m0.0[0m%[1m)[0m  SecurePay: [1;36m182[0m [1m([0m [1;36m0.5[0m%[1m)[0m  QuickPay:  [1;36m18[0m [1m([0m [1;36m0.0[0m%[1m)[0m  |  checkout failures [32m  [0m[1;32m0.5[0m[32m%[0m [1;31mOUTAGE INJECTED[0m [33mrouting: FastPay -> SecurePay[0m
t+ 583s  FastPay:   [1;36m0[0m [1m([0m [1;36m0.0[0m%[1m)[0m  SecurePay: [1;36m182[0m [1m([0m [1;36m0.5[0m%[1m)[0m  QuickPay:  [1;36m18[0m [1m([0m [1;36m0.0[0m%[1m)[0m  |  checkout failures [32m  [0m[1;32m0.5[0m[32m%[0m [1;31mOUTAGE INJECTED[0m [33mrouting: FastPay -> SecurePay[0m
t+ 584s  FastPay:   [1;36m0[0m [1m([0m [1;36m0.0[0m%[1m)[0m  SecurePay: [1;36m183[0m [1m([0m [1;36m1.1[0m%[1m)[0m  QuickPay:  [1;36m17[0m [1m([0m [1;36m0.0[0m%[1m)[0m  |  checkout failures [32m  [0m[1;32m1.0[0m[32m%[0m [1;31mOUTAGE INJECTED[0m [33mrouting: FastPay -> SecurePay[0m
t+ 585s  FastPay:   [1;36m0[0m [1m([0m [1;36m0.0[0m%[1m)[0m  SecurePay: [1;36m181[0m [1m([0m [1;36m1.7[0m%[1m)[0m  QuickPay:  [1;36m19[0m [1m([0m [1;36m0.0[0m%[1m)[0m  |  checkout failures [32m  [0m[1;32m1.5[0m[32m%[0m [1;31mOUTAGE INJECTED[0m [33mrouting: FastPay -> SecurePay[0m
t+ 586s  FastPay:   [1;36m0[0m [1m([0m [1;36m0.0[0m%[1m)[0m  SecurePay: [1;36m185[0m [1m([0m [1;36m1.1[0m%[1m)[0m  QuickPay:  [1;36m15[0m [1m([0m [1;36m0.0[0m%[1m)[0m  |  checkout failures [32m  [0m[1;32m1.0[0m[32m%[0m [1;31mOUTAGE INJECTED[0m [33mrouting: FastPay -> SecurePay[0m
t+ 587s  FastPay:   [1;36m0[0m [1m([0m [1;36m0.0[0m%[1m)[0m  SecurePay: [1;36m181[0m [1m([0m [1;36m0.0[0m%[1m)[0m  QuickPay:  [1;36m19[0m [1m([0m [1;36m0.0[0m%[1m)[0m  |  checkout failures [32m  [0m[1;32m0.0[0m[32m%[0m [1;31mOUTAGE INJECTED[0m [33mrouting: FastPay -> SecurePay[0m
t+ 588s  FastPay:   [1;36m0[0m [1m([0m [1;36m0.0[0m%[1m)[0m  SecurePay: [1;36m186[0m [1m([0m [1;36m2.2[0m%[1m)[0m  QuickPay:  [1;36m14[0m [1m([0m [1;36m0.0[0m%[1m)[0m  |  checkout failures [32m  [0m[1;32m2.0[0m[32m%[0m [1;31mOUTAGE INJECTED[0m [33mrouting: FastPay -> SecurePay[0m
t+ 589s  FastPay:   [1;36m0[0m [1m([0m [1;36m0.0[0m%[1m)[0m  SecurePay: [1;36m182[0m [1m([0m [1;36m0.0[0m%[1m)[0m  QuickPay:  [1;36m18[0m [1m([0m [1;36m0.0[0m%[1m)[0m  |  checkout failures [32m  [0m[1;32m0.0[0m[32m%[0m [1;31mOUTAGE INJECTED[0m [33mrouting: FastPay -> SecurePay[0m
t+ 590s  FastPay:   [1;36m0[0m [1m([0m [1;36m0.0[0m%[1m)[0m  SecurePay: [1;36m180[0m [1m([0m [1;36m1.1[0m%[1m)[0m  QuickPay:  [1;36m20[0m [1m([0m [1;36m0.0[0m%[1m)[0m  |  checkout failures [32m  [0m[1;32m1.0[0m[32m%[0m [1;31mOUTAGE INJECTED[0m [33mrouting: FastPay -> SecurePay[0m
t+ 591s  FastPay:   [1;36m0[0m [1m([0m [1;36m0.0[0m%[1m)[0m  SecurePay: [1;36m178[0m [1m([0m [1;36m0.0[0m%[1m)[0m  QuickPay:  [1;36m22[0m [1m([0m [1;36m0.0[0m%[1m)[0m  |  checkout failures [32m  [0m[1;32m0.0[0m[32m%[0m [1;31mOUTAGE INJECTED[0m [33mrouting: FastPay -> SecurePay[0m
t+ 592s  FastPay:   [1;36m0[0m [1m([0m [1;36m0.0[0m%[1m)[0m  SecurePay: [1;36m177[0m [1m([0m [1;36m1.1[0m%[1m)[0m  QuickPay:  [1;36m23[0m [1m([0m [1;36m4.3[0m%[1m)[0m  |  checkout failures [32m  [0m[1;32m1.5[0m[32m%[0m [1;31mOUTAGE INJECTED[0m [33mrouting: FastPay -> SecurePay[0m
t+ 593s  FastPay:   [1;36m0[0m [1m([0m [1;36m0.0[0m%[1m)[0m  SecurePay: [1;36m186[0m [1m([0m [1;36m0.0[0m%[1m)[0m  QuickPay:  [1;36m14[0m [1m([0m [1;36m0.0[0m%[1m)[0m  |  checkout failures [32m  [0m[1;32m0.0[0m[32m%[0m [1;31mOUTAGE INJECTED[0m [33mrouting: FastPay -> SecurePay[0m
t+ 594s  FastPay:   [1;36m0[0m [1m([0m [1;36m0.0[0m%[1m)[0m  SecurePay: [1;36m184[0m [1m([0m [1;36m0.5[0m%[1m)[0m  QuickPay:  [1;36m16[0m [1m([0m [1;36m0.0[0m%[1m)[0m  |  checkout failures [32m  [0m[1;32m0.5[0m[32m%[0m [1;31mOUTAGE INJECTED[0m [33mrouting: FastPay -> SecurePay[0m
t+ 595s  FastPay:   [1;36m0[0m [1m([0m [1;36m0.0[0m%[1m)[0m  SecurePay: [1;36m180[0m [1m([0m [1;36m0.6[0m%[1m)[0m  QuickPay:  [1;36m20[0m [1m([0m [1;36m0.0[0m%[1m)[0m  |  checkout failures [32m  [0m[1;32m0.5[0m[32m%[0m [1;31mOUTAGE INJECTED[0m [33mrouting: FastPay -> SecurePay[0m
t+ 596s  FastPay:   [1;36m0[0m [1m([0m [1;36m0.0[0m%[1m)[0m  SecurePay: [1;36m178[0m [1m([0m [1;36m1.1[0m%[1m)[0m  QuickPay:  [1;36m22[0m [1m([0m [1;36m0.0[0m%[1m)[0m  |  checkout failures [32m  [0m[1;32m1.0[0m[32m%[0m [1;31mOUTAGE INJECTED[0m [33mrouting: FastPay -> SecurePay[0m
t+ 597s  FastPay:   [1;36m0[0m [1m([0m [1;36m0.0[0m%[1m)[0m  SecurePay: [1;36m180[0m [1m([0m [1;36m1.1[0m%[1m)[0m  QuickPay:  [1;36m20[0m [1m([0m [1;36m5.0[0m%[1m)[0m  |  checkout failures [32m  [0m[1;32m1.5[0m[32m%[0m [1;31mOUTAGE INJECTED[0m [33mrouting: FastPay -> SecurePay[0m
t+ 598s  FastPay:   [1;36m0[0m [1m([0m [1;36m0.0[0m%[1m)[0m  SecurePay: [1;36m187[0m [1m([0m [1;36m0.0[0m%[1m)[0m  QuickPay:  [1;36m13[0m [1m([0m [1;36m7.7[0m%[1m)[0m  |  checkout failures [32m  [0m[1;32m0.5[0m[32m%[0m [1;31mOUTAGE INJECTED[0m [33mrouting: FastPay -> SecurePay[0m
t+ 599s  FastPay:   [1;36m0[0m [1m([0m [1;36m0.0[0m%[1m)[0m  SecurePay: [1;36m182[0m [1m([0m [1;36m0.0[0m%[1m)[0m  QuickPay:  [1;36m18[0m [1m([0m [1;36m0.0[0m%[1m)[0m  |  checkout failures [32m  [0m[1;32m0.0[0m[32m%[0m [1;31mOUTAGE INJECTED[0m [33mrouting: FastPay -> SecurePay[0m
t+ 600s  FastPay:   [1;36m0[0m [1m([0m [1;36m0.0[0m%[1m)[0m  SecurePay: [1;36m186[0m [1m([0m [1;36m1.1[0m%[1m)[0m  QuickPay:  [1;36m14[0m [1m([0m [1;36m0.0[0m%[1m)[0m  |  checkout failures [32m  [0m[1;32m1.0[0m[32m%[0m [1;31mOUTAGE INJECTED[0m [33mrouting: FastPay -> SecurePay[0m
t+ 601s  FastPay:   [1;36m0[0m [1m([0m [1;36m0.0[0m%[1m)[0m  SecurePay: [1;36m176[0m [1m([0m [1;36m0.6[0m%[1m)[0m  QuickPay:  [1;36m24[0m [1m([0m [1;36m0.0[0m%[1m)[0m  |  checkout failures [32m  [0m[1;32m0.5[0m[32m%[0m [1;31mOUTAGE INJECTED[0m [33mrouting: FastPay -> SecurePay[0m
t+ 602s  FastPay:   [1;36m0[0m [1m([0m [1;36m0.0[0m%[1m)[0m  SecurePay: [1;36m179[0m [1m([0m [1;36m2.2[0m%[1m)[0m  QuickPay:  [1;36m21[0m [1m([0m [1;36m0.0[0m%[1m)[0m  |  checkout failures [32m  [0m[1;32m2.0[0m[32m%[0m [1;31mOUTAGE INJECTED[0m [33mrouting: FastPay -> SecurePay[0m
t+ 603s  FastPay:   [1;36m0[0m [1m([0m [1;36m0.0[0m%[1m)[0m  SecurePay: [1;36m185[0m [1m([0m [1;36m0.5[0m%[1m)[0m  QuickPay:  [1;36m15[0m [1m([0m [1;36m0.0[0m%[1m)[0m  |  checkout failures [32m  [0m[1;32m0.5[0m[32m%[0m [1;31mOUTAGE INJECTED[0m [33mrouting: FastPay -> SecurePay[0m
t+ 604s  FastPay:   [1;36m0[0m [1m([0m [1;36m0.0[0m%[1m)[0m  SecurePay: [1;36m174[0m [1m([0m [1;36m0.6[0m%[1m)[0m  QuickPay:  [1;36m26[0m [1m([0m [1;36m0.0[0m%[1m)[0m  |  checkout failures [32m  [0m[1;32m0.5[0m[32m%[0m [1;31mOUTAGE INJECTED[0m [33mrouting: FastPay -> SecurePay[0m
t+ 605s  FastPay:   [1;36m0[0m [1m([0m [1;36m0.0[0m%[1m)[0m  SecurePay: [1;36m179[0m [1m([0m [1;36m1.7[0m%[1m)[0m  QuickPay:  [1;36m21[0m [1m([0m [1;36m0.0[0m%[1m)[0m  |  checkout failures [32m  [0m[1;32m1.5[0m[32m%[0m [1;31mOUTAGE INJECTED[0m [33mrouting: FastPay -> SecurePay[0m
t+ 606s  FastPay:   [1;36m0[0m [1m([0m [1;36m0.0[0m%[1m)[0m  SecurePay: [1;36m176[0m [1m([0m [1;36m0.6[0m%[1m)[0m  QuickPay:  [1;36m24[0m [1m([0m [1;36m0.0[0m%[1m)[0m  |  checkout failures [32m  [0m[1;32m0.5[0m[32m%[0m [1;31mOUTAGE INJECTED[0m [33mrouting: FastPay -> SecurePay[0m
t+ 607s  FastPay:   [1;36m0[0m [1m([0m [1;36m0.0[0m%[1m)[0m  SecurePay: [1;36m181[0m [1m([0m [1;36m0.6[0m%[1m)[0m  QuickPay:  [1;36m19[0m [1m([0m [1;36m0.0[0m%[1m)[0m  |  checkout failures [32m  [0m[1;32m0.5[0m[32m%[0m [1;31mOUTAGE INJECTED[0m [33mrouting: FastPay -> SecurePay[0m
t+ 608s  FastPay:   [1;36m0[0m [1m([0m [1;36m0.0[0m%[1m)[0m  SecurePay: [1;36m185[0m [1m([0m [1;36m0.0[0m%[1m)[0m  QuickPay:  [1;36m15[0m [1m([0m [1;36m6.7[0m%[1m)[0m  |  checkout failures [32m  [0m[1;32m0.5[0m[32m%[0m [1;31mOUTAGE INJECTED[0m [33mrouting: FastPay -> SecurePay[0m
t+ 609s  FastPay:   [1;36m0[0m [1m([0m [1;36m0.0[0m%[1m)[0m  SecurePay: [1;36m176[0m [1m([0m [1;36m0.6[0m%[1m)[0m  QuickPay:  [1;36m24[0m [1m([0m [1;36m0.0[0m%[1m)[0m  |  checkout failures [32m  [0m[1;32m0.5[0m[32m%[0m [1;31mOUTAGE INJECTED[0m [33mrouting: FastPay -> SecurePay[0m
t+ 610s  FastPay:   [1;36m0[0m [1m([0m [1;36m0.0[0m%[1m)[0m  SecurePay: [1;36m183[0m [1m([0m [1;36m0.5[0m%[1m)[0m  QuickPay:  [1;36m17[0m [1m([0m [1;36m5.9[0m%[1m)[0m  |  checkout failures [32m  [0m[1;32m1.0[0m[32m%[0m [1;31mOUTAGE INJECTED[0m [33mrouting: FastPay -> SecurePay[0m
t+ 611s  FastPay:   [1;36m0[0m [1m([0m [1;36m0.0[0m%[1m)[0m  SecurePay: [1;36m180[0m [1m([0m [1;36m1.7[0m%[1m)[0m  QuickPay:  [1;36m20[0m [1m([0m [1;36m0.0[0m%[1m)[0m  |  checkout failures [32m  [0m[1;32m1.5[0m[32m%[0m [1;31mOUTAGE INJECTED[0m [33mrouting: FastPay -> SecurePay[0m
t+ 612s  FastPay:   [1;36m0[0m [1m([0m [1;36m0.0[0m%[1m)[0m  SecurePay: [1;36m183[0m [1m([0m [1;36m1.1[0m%[1m)[0m  QuickPay:  [1;36m17[0m [1m([0m [1;36m0.0[0m%[1m)[0m  |  checkout failures [32m  [0m[1;32m1.0[0m[32m%[0m [1;31mOUTAGE INJECTED[0m [33mrouting: FastPay -> SecurePay[0m
t+ 613s  FastPay:   [1;36m0[0m [1m([0m [1;36m0.0[0m%[1m)[0m  SecurePay: [1;36m183[0m [1m([0m [1;36m0.0[0m%[1m)[0m  QuickPay:  [1;36m17[0m [1m([0m [1;36m0.0[0m%[1m)[0m  |  checkout failures [32m  [0m[1;32m0.0[0m[32m%[0m [1;31mOUTAGE INJECTED[0m [33mrouting: FastPay -> SecurePay[0m
t+ 614s  FastPay:   [1;36m0[0m [1m([0m [1;36m0.0[0m%[1m)[0m  SecurePay: [1;36m174[0m [1m([0m [1;36m0.0[0m%[1m)[0m  QuickPay:  [1;36m26[0m [1m([0m [1;36m3.8[0m%[1m)[0m  |  checkout failures [32m  [0m[1;32m0.5[0m[32m%[0m [1;31mOUTAGE INJECTED[0m [33mrouting: FastPay -> SecurePay[0m
t+ 615s  FastPay:   [1;36m0[0m [1m([0m [1;36m0.0[0m%[1m)[0m  SecurePay: [1;36m177[0m [1m([0m [1;36m0.6[0m%[1m)[0m  QuickPay:  [1;36m23[0m [1m([0m [1;36m8.7[0m%[1m)[0m  |  checkout failures [32m  [0m[1;32m1.5[0m[32m%[0m [1;31mOUTAGE INJECTED[0m [33mrouting: FastPay -> SecurePay[0m
t+ 616s  FastPay:   [1;36m0[0m [1m([0m [1;36m0.0[0m%[1m)[0m  SecurePay: [1;36m175[0m [1m([0m [1;36m1.1[0m%[1m)[0m  QuickPay:  [1;36m25[0m [1m([0m [1;36m0.0[0m%[1m)[0m  |  checkout failures [32m  [0m[1;32m1.0[0m[32m%[0m [1;31mOUTAGE INJECTED[0m [33mrouting: FastPay -> SecurePay[0m
t+ 617s  FastPay:   [1;36m0[0m [1m([0m [1;36m0.0[0m%[1m)[0m  SecurePay: [1;36m184[0m [1m([0m [1;36m0.5[0m%[1m)[0m  QuickPay:  [1;36m16[0m [1m([0m [1;36m0.0[0m%[1m)[0m  |  checkout failures [32m  [0m[1;32m0.5[0m[32m%[0m [1;31mOUTAGE INJECTED[0m [33mrouting: FastPay -> SecurePay[0m
t+ 618s  FastPay:   [1;36m0[0m [1m([0m [1;36m0.0[0m%[1m)[0m  SecurePay: [1;36m184[0m [1m([0m [1;36m0.5[0m%[1m)[0m  QuickPay:  [1;36m16[0m [1m([0m [1;36m0.0[0m%[1m)[0m  |  checkout failures [32m  [0m[1;32m0.5[0m[32m%[0m [1;31mOUTAGE INJECTED[0m [33mrouting: FastPay -> SecurePay[0m
t+ 619s  FastPay:   [1;36m0[0m [1m([0m [1;36m0.0[0m%[1m)[0m  SecurePay: [1;36m181[0m [1m([0m [1;36m0.6[0m%[1m)[0m  QuickPay:  [1;36m19[0m [1m([0m [1;36m5.3[0m%[1m)[0m  |  checkout failures [32m  [0m[1;32m1.0[0m[32m%[0m [1;31mOUTAGE INJECTED[0m [33mrouting: FastPay -> SecurePay[0m
t+ 620s  FastPay:   [1;36m0[0m [1m([0m [1;36m0.0[0m%[1m)[0m  SecurePay: [1;36m181[0m [1m([0m [1;36m0.0[0m%[1m)[0m  QuickPay:  [1;36m19[0m [1m([0m [1;36m5.3[0m%[1m)[0m  |  checkout failures [32m  [0m[1;32m0.5[0m[32m%[0m [1;31mOUTAGE INJECTED[0m [33mrouting: FastPay -> SecurePay[0m
t+ 621s  FastPay:   [1;36m0[0m [1m([0m [1;36m0.0[0m%[1m)[0m  SecurePay: [1;36m179[0m [1m([0m [1;36m0.6[0m%[1m)[0m  QuickPay:  [1;36m21[0m [1m([0m [1;36m4.8[0m%[1m)[0m  |  checkout failures [32m  [0m[1;32m1.0[0m[32m%[0m [1;31mOUTAGE INJECTED[0m [33mrouting: FastPay -> SecurePay[0m
t+ 622s  FastPay:   [1;36m0[0m [1m([0m [1;36m0.0[0m%[1m)[0m  SecurePay: [1;36m171[0m [1m([0m [1;36m0.6[0m%[1m)[0m  QuickPay:  [1;36m29[0m [1m([0m [1;36m0.0[0m%[1m)[0m  |  checkout failures [32m  [0m[1;32m0.5[0m[32m%[0m [1;31mOUTAGE INJECTED[0m [33mrouting: FastPay -> SecurePay[0m
t+ 623s  FastPay:   [1;36m0[0m [1m([0m [1;36m0.0[0m%[1m)[0m  SecurePay: [1;36m181[0m [1m([0m [1;36m1.7[0m%[1m)[0m  QuickPay:  [1;36m19[0m [1m([0m [1;36m0.0[0m%[1m)[0m  |  checkout failures [32m  [0m[1;32m1.5[0m[32m%[0m [1;31mOUTAGE INJECTED[0m [33mrouting: FastPay -> SecurePay[0m
t+ 624s  FastPay:   [1;36m0[0m [1m([0m [1;36m0.0[0m%[1m)[0m  SecurePay: [1;36m181[0m [1m([0m [1;36m0.6[0m%[1m)[0m  QuickPay:  [1;36m19[0m [1m([0m [1;36m0.0[0m%[1m)[0m  |  checkout failures [32m  [0m[1;32m0.5[0m[32m%[0m [1;31mOUTAGE INJECTED[0m [33mrouting: FastPay -> SecurePay[0m
t+ 625s  FastPay:   [1;36m0[0m [1m([0m [1;36m0.0[0m%[1m)[0m  SecurePay: [1;36m185[0m [1m([0m [1;36m0.5[0m%[1m)[0m  QuickPay:  [1;36m15[0m [1m([0m [1;36m0.0[0m%[1m)[0m  |  checkout failures [32m  [0m[1;32m0.5[0m[32m%[0m [1;31mOUTAGE INJECTED[0m [33mrouting: FastPay -> SecurePay[0m
t+ 626s  FastPay:   [1;36m0[0m [1m([0m [1;36m0.0[0m%[1m)[0m  SecurePay: [1;36m180[0m [1m([0m [1;36m1.7[0m%[1m)[0m  QuickPay:  [1;36m20[0m [1m([0m [1;36m0.0[0m%[1m)[0m  |  checkout failures [32m  [0m[1;32m1.5[0m[32m%[0m [1;31mOUTAGE INJECTED[0m [33mrouting: FastPay -> SecurePay[0m
t+ 627s  FastPay:   [1;36m0[0m [1m([0m [1;36m0.0[0m%[1m)[0m  SecurePay: [1;36m175[0m [1m([0m [1;36m0.0[0m%[1m)[0m  QuickPay:  [1;36m25[0m [1m([0m [1;36m4.0[0m%[1m)[0m  |  checkout failures [32m  [0m[1;32m0.5[0m[32m%[0m [1;31mOUTAGE INJECTED[0m [33mrouting: FastPay -> SecurePay[0m
t+ 628s  FastPay:   [1;36m0[0m [1m([0m [1;36m0.0[0m%[1m)[0m  SecurePay: [1;36m180[0m [1m([0m [1;36m1.1[0m%[1m)[0m  QuickPay:  [1;36m20[0m [1m([0m [1;36m0.0[0m%[1m)[0m  |  checkout failures [32m  [0m[1;32m1.0[0m[32m%[0m [1;31mOUTAGE INJECTED[0m [33mrouting: FastPay -> SecurePay[0m
t+ 629s  FastPay:   [1;36m0[0m [1m([0m [1;36m0.0[0m%[1m)[0m  SecurePay: [1;36m181[0m [1m([0m [1;36m0.0[0m%[1m)[0m  QuickPay:  [1;36m19[0m [1m([0m [1;36m0.0[0m%[1m)[0m  |  checkout failures [32m  [0m[1;32m0.0[0m[32m%[0m [1;31mOUTAGE INJECTED[0m [33mrouting: FastPay -> SecurePay[0m
t+ 630s  FastPay:   [1;36m0[0m [1m([0m [1;36m0.0[0m%[1m)[0m  SecurePay: [1;36m181[0m [1m([0m [1;36m0.6[0m%[1m)[0m  QuickPay:  [1;36m19[0m [1m([0m [1;36m0.0[0m%[1m)[0m  |  checkout failures [32m  [0m[1;32m0.5[0m[32m%[0m [1;31mOUTAGE INJECTED[0m [33mrouting: FastPay -> SecurePay[0m
t+ 631s  FastPay:   [1;36m0[0m [1m([0m [1;36m0.0[0m%[1m)[0m  SecurePay: [1;36m170[0m [1m([0m [1;36m1.2[0m%[1m)[0m  QuickPay:  [1;36m30[0m [1m([0m [1;36m3.3[0m%[1m)[0m  |  checkout failures [32m  [0m[1;32m1.5[0m[32m%[0m [1;31mOUTAGE INJECTED[0m [33mrouting: FastPay -> SecurePay[0m
t+ 632s  FastPay:   [1;36m0[0m [1m([0m [1;36m0.0[0m%[1m)[0m  SecurePay: [1;36m183[0m [1m([0m [1;36m0.5[0m%[1m)[0m  QuickPay:  [1;36m17[0m [1m([0m [1;36m0.0[0m%[1m)[0m  |  checkout failures [32m  [0m[1;32m0.5[0m[32m%[0m [1;31mOUTAGE INJECTED[0m [33mrouting: FastPay -> SecurePay[0m
t+ 633s  FastPay:   [1;36m0[0m [1m([0m [1;36m0.0[0m%[1m)[0m  SecurePay: [1;36m176[0m [1m([0m [1;36m0.0[0m%[1m)[0m  QuickPay:  [1;36m24[0m [1m([0m [1;36m0.0[0m%[1m)[0m  |  checkout failures [32m  [0m[1;32m0.0[0m[32m%[0m [1;31mOUTAGE INJECTED[0m [33mrouting: FastPay -> SecurePay[0m
t+ 634s  FastPay:   [1;36m0[0m [1m([0m [1;36m0.0[0m%[1m)[0m  SecurePay: [1;36m182[0m [1m([0m [1;36m0.0[0m%[1m)[0m  QuickPay:  [1;36m18[0m [1m([0m [1;36m0.0[0m%[1m)[0m  |  checkout failures [32m  [0m[1;32m0.0[0m[32m%[0m [1;31mOUTAGE INJECTED[0m [33mrouting: FastPay -> SecurePay[0m
t+ 635s  FastPay:   [1;36m0[0m [1m([0m [1;36m0.0[0m%[1m)[0m  SecurePay: [1;36m183[0m [1m([0m [1;36m0.0[0m%[1m)[0m  QuickPay:  [1;36m17[0m [1m([0m [1;36m0.0[0m%[1m)[0m  |  checkout failures [32m  [0m[1;32m0.0[0m[32m%[0m [1;31mOUTAGE INJECTED[0m [33mrouting: FastPay -> SecurePay[0m
t+ 636s  FastPay:   [1;36m0[0m [1m([0m [1;36m0.0[0m%[1m)[0m  SecurePay: [1;36m178[0m [1m([0m [1;36m0.6[0m%[1m)[0m  QuickPay:  [1;36m22[0m [1m([0m [1;36m0.0[0m%[1m)[0m  |  checkout failures [32m  [0m[1;32m0.5[0m[32m%[0m [1;31mOUTAGE INJECTED[0m [33mrouting: FastPay -> SecurePay[0m
t+ 637s  FastPay:   [1;36m0[0m [1m([0m [1;36m0.0[0m%[1m)[0m  SecurePay: [1;36m185[0m [1m([0m [1;36m0.0[0m%[1m)[0m  QuickPay:  [1;36m15[0m [1m([0m [1;36m6.7[0m%[1m)[0m  |  checkout failures [32m  [0m[1;32m0.5[0m[32m%[0m [1;31mOUTAGE INJECTED[0m [33mrouting: FastPay -> SecurePay[0m
t+ 638s  FastPay:   [1;36m0[0m [1m([0m [1;36m0.0[0m%[1m)[0m  SecurePay: [1;36m175[0m [1m([0m [1;36m1.1[0m%[1m)[0m  QuickPay:  [1;36m25[0m [1m([0m [1;36m4.0[0m%[1m)[0m  |  checkout failures [32m  [0m[1;32m1.5[0m[32m%[0m [1;31mOUTAGE INJECTED[0m [33mrouting: FastPay -> SecurePay[0m
t+ 639s  FastPay:   [1;36m0[0m [1m([0m [1;36m0.0[0m%[1m)[0m  SecurePay: [1;36m181[0m [1m([0m [1;36m1.1[0m%[1m)[0m  QuickPay:  [1;36m19[0m [1m([0m [1;36m0.0[0m%[1m)[0m  |  checkout failures [32m  [0m[1;32m1.0[0m[32m%[0m [1;31mOUTAGE INJECTED[0m [33mrouting: FastPay -> SecurePay[0m
t+ 640s  FastPay:   [1;36m0[0m [1m([0m [1;36m0.0[0m%[1m)[0m  SecurePay: [1;36m180[0m [1m([0m [1;36m0.6[0m%[1m)[0m  QuickPay:  [1;36m20[0m [1m([0m [1;36m0.0[0m%[1m)[0m  |  checkout failures [32m  [0m[1;32m0.5[0m[32m%[0m [1;31mOUTAGE INJECTED[0m [33mrouting: FastPay -> SecurePay[0m
t+ 641s  FastPay:   [1;36m0[0m [1m([0m [1;36m0.0[0m%[1m)[0m  SecurePay: [1;36m180[0m [1m([0m [1;36m1.1[0m%[1m)[0m  QuickPay:  [1;36m20[0m [1m([0m [1;36m0.0[0m%[1m)[0m  |  checkout failures [32m  [0m[1;32m1.0[0m[32m%[0m [1;31mOUTAGE INJECTED[0m [33mrouting: FastPay -> SecurePay[0m
t+ 642s  FastPay:   [1;36m0[0m [1m([0m [1;36m0.0[0m%[1m)[0m  SecurePay: [1;36m171[0m [1m([0m [1;36m0.0[0m%[1m)[0m  QuickPay:  [1;36m29[0m [1m([0m [1;36m0.0[0m%[1m)[0m  |  checkout failures [32m  [0m[1;32m0.0[0m[32m%[0m [1;31mOUTAGE INJECTED[0m [33mrouting: FastPay -> SecurePay[0m
t+ 643s  FastPay:   [1;36m0[0m [1m([0m [1;36m0.0[0m%[1m)[0m  SecurePay: [1;36m187[0m [1m([0m [1;36m0.0[0m%[1m)[0m  QuickPay:  [1;36m13[0m [1m([0m [1;36m0.0[0m%[1m)[0m  |  checkout failures [32m  [0m[1;32m0.0[0m[32m%[0m [1;31mOUTAGE INJECTED[0m [33mrouting: FastPay -> SecurePay[0m
t+ 644s  FastPay:   [1;36m0[0m [1m([0m [1;36m0.0[0m%[1m)[0m  SecurePay: [1;36m180[0m [1m([0m [1;36m1.1[0m%[1m)[0m  QuickPay:  [1;36m20[0m [1m([0m [1;36m0.0[0m%[1m)[0m  |  checkout failures [32m  [0m[1;32m1.0[0m[32m%[0m [1;31mOUTAGE INJECTED[0m [33mrouting: FastPay -> SecurePay[0m
t+ 645s  FastPay:   [1;36m0[0m [1m([0m [1;36m0.0[0m%[1m)[0m  SecurePay: [1;36m175[0m [1m([0m [1;36m1.1[0m%[1m)[0m  QuickPay:  [1;36m25[0m [1m([0m [1;36m0.0[0m%[1m)[0m  |  checkout failures [32m  [0m[1;32m1.0[0m[32m%[0m [1;31mOUTAGE INJECTED[0m [33mrouting: FastPay -> SecurePay[0m
t+ 646s  FastPay:   [1;36m0[0m [1m([0m [1;36m0.0[0m%[1m)[0m  SecurePay: [1;36m182[0m [1m([0m [1;36m0.5[0m%[1m)[0m  QuickPay:  [1;36m18[0m [1m([0m [1;36m0.0[0m%[1m)[0m  |  checkout failures [32m  [0m[1;32m0.5[0m[32m%[0m [1;31mOUTAGE INJECTED[0m [33mrouting: FastPay -> SecurePay[0m
t+ 647s  FastPay:   [1;36m0[0m [1m([0m [1;36m0.0[0m%[1m)[0m  SecurePay: [1;36m180[0m [1m([0m [1;36m1.1[0m%[1m)[0m  QuickPay:  [1;36m20[0m [1m([0m [1;36m0.0[0m%[1m)[0m  |  checkout failures [32m  [0m[1;32m1.0[0m[32m%[0m [1;31mOUTAGE INJECTED[0m [33mrouting: FastPay -> SecurePay[0m
t+ 648s  FastPay:   [1;36m0[0m [1m([0m [1;36m0.0[0m%[1m)[0m  SecurePay: [1;36m185[0m [1m([0m [1;36m0.5[0m%[1m)[0m  QuickPay:  [1;36m15[0m [1m([0m [1;36m0.0[0m%[1m)[0m  |  checkout failures [32m  [0m[1;32m0.5[0m[32m%[0m [1;31mOUTAGE INJECTED[0m [33mrouting: FastPay -> SecurePay[0m
t+ 649s  FastPay:   [1;36m0[0m [1m([0m [1;36m0.0[0m%[1m)[0m  SecurePay: [1;36m184[0m [1m([0m [1;36m0.5[0m%[1m)[0m  QuickPay:  [1;36m16[0m [1m([0m [1;36m6.2[0m%[1m)[0m  |  checkout failures [32m  [0m[1;32m1.0[0m[32m%[0m [1;31mOUTAGE INJECTED[0m [33mrouting: FastPay -> SecurePay[0m
t+ 650s  FastPay:   [1;36m0[0m [1m([0m [1;36m0.0[0m%[1m)[0m  SecurePay: [1;36m178[0m [1m([0m [1;36m0.6[0m%[1m)[0m  QuickPay:  [1;36m22[0m [1m([0m [1;36m0.0[0m%[1m)[0m  |  checkout failures [32m  [0m[1;32m0.5[0m[32m%[0m [1;31mOUTAGE INJECTED[0m [33mrouting: FastPay -> SecurePay[0m
t+ 651s  FastPay:   [1;36m0[0m [1m([0m [1;36m0.0[0m%[1m)[0m  SecurePay: [1;36m181[0m [1m([0m [1;36m1.1[0m%[1m)[0m  QuickPay:  [1;36m19[0m [1m([0m [1;36m0.0[0m%[1m)[0m  |  checkout failures [32m  [0m[1;32m1.0[0m[32m%[0m [1;31mOUTAGE INJECTED[0m [33mrouting: FastPay -> SecurePay[0m
t+ 652s  FastPay:   [1;36m0[0m [1m([0m [1;36m0.0[0m%[1m)[0m  SecurePay: [1;36m180[0m [1m([0m [1;36m0.0[0m%[1m)[0m  QuickPay:  [1;36m20[0m [1m([0m [1;36m0.0[0m%[1m)[0m  |  checkout failures [32m  [0m[1;32m0.0[0m[32m%[0m [1;31mOUTAGE INJECTED[0m [33mrouting: FastPay -> SecurePay[0m
t+ 653s  FastPay:   [1;36m0[0m [1m([0m [1;36m0.0[0m%[1m)[0m  SecurePay: [1;36m177[0m [1m([0m [1;36m0.6[0m%[1m)[0m  QuickPay:  [1;36m23[0m [1m([0m [1;36m0.0[0m%[1m)[0m  |  checkout failures [32m  [0m[1;32m0.5[0m[32m%[0m [1;31mOUTAGE INJECTED[0m [33mrouting: FastPay -> SecurePay[0m
t+ 654s  FastPay:   [1;36m0[0m [1m([0m [1;36m0.0[0m%[1m)[0m  SecurePay: [1;36m181[0m [1m([0m [1;36m1.1[0m%[1m)[0m  QuickPay:  [1;36m19[0m [1m([0m [1;36m0.0[0m%[1m)[0m  |  checkout failures [32m  [0m[1;32m1.0[0m[32m%[0m [1;31mOUTAGE INJECTED[0m [33mrouting: FastPay -> SecurePay[0m
t+ 655s  FastPay:   [1;36m0[0m [1m([0m [1;36m0.0[0m%[1m)[0m  SecurePay: [1;36m179[0m [1m([0m [1;36m0.6[0m%[1m)[0m  QuickPay:  [1;36m21[0m [1m([0m [1;36m0.0[0m%[1m)[0m  |  checkout failures [32m  [0m[1;32m0.5[0m[32m%[0m [1;31mOUTAGE INJECTED[0m [33mrouting: FastPay -> SecurePay[0m
t+ 656s  FastPay:   [1;36m0[0m [1m([0m [1;36m0.0[0m%[1m)[0m  SecurePay: [1;36m181[0m [1m([0m [1;36m1.1[0m%[1m)[0m  QuickPay:  [1;36m19[0m [1m([0m [1;36m5.3[0m%[1m)[0m  |  checkout failures [32m  [0m[1;32m1.5[0m[32m%[0m [1;31mOUTAGE INJECTED[0m [33mrouting: FastPay -> SecurePay[0m
t+ 657s  FastPay:   [1;36m0[0m [1m([0m [1;36m0.0[0m%[1m)[0m  SecurePay: [1;36m177[0m [1m([0m [1;36m0.6[0m%[1m)[0m  QuickPay:  [1;36m23[0m [1m([0m [1;36m0.0[0m%[1m)[0m  |  checkout failures [32m  [0m[1;32m0.5[0m[32m%[0m [1;31mOUTAGE INJECTED[0m [33mrouting: FastPay -> SecurePay[0m
t+ 658s  FastPay:   [1;36m0[0m [1m([0m [1;36m0.0[0m%[1m)[0m  SecurePay: [1;36m177[0m [1m([0m [1;36m0.6[0m%[1m)[0m  QuickPay:  [1;36m23[0m [1m([0m [1;36m0.0[0m%[1m)[0m  |  checkout failures [32m  [0m[1;32m0.5[0m[32m%[0m [1;31mOUTAGE INJECTED[0m [33mrouting: FastPay -> SecurePay[0m
t+ 659s  FastPay:   [1;36m0[0m [1m([0m [1;36m0.0[0m%[1m)[0m  SecurePay: [1;36m181[0m [1m([0m [1;36m1.1[0m%[1m)[0m  QuickPay:  [1;36m19[0m [1m([0m [1;36m0.0[0m%[1m)[0m  |  checkout failures [32m  [0m[1;32m1.0[0m[32m%[0m [1;31mOUTAGE INJECTED[0m [33mrouting: FastPay -> SecurePay[0m
t+ 660s  FastPay:   [1;36m0[0m [1m([0m [1;36m0.0[0m%[1m)[0m  SecurePay: [1;36m177[0m [1m([0m [1;36m0.6[0m%[1m)[0m  QuickPay:  [1;36m23[0m [1m([0m [1;36m0.0[0m%[1m)[0m  |  checkout failures [32m  [0m[1;32m0.5[0m[32m%[0m [1;31mOUTAGE INJECTED[0m [33mrouting: FastPay -> SecurePay[0m
t+ 661s  FastPay:   [1;36m0[0m [1m([0m [1;36m0.0[0m%[1m)[0m  SecurePay: [1;36m175[0m [1m([0m [1;36m0.0[0m%[1m)[0m  QuickPay:  [1;36m25[0m [1m([0m [1;36m0.0[0m%[1m)[0m  |  checkout failures [32m  [0m[1;32m0.0[0m[32m%[0m [1;31mOUTAGE INJECTED[0m [33mrouting: FastPay -> SecurePay[0m
t+ 662s  FastPay:   [1;36m0[0m [1m([0m [1;36m0.0[0m%[1m)[0m  SecurePay: [1;36m181[0m [1m([0m [1;36m0.6[0m%[1m)[0m  QuickPay:  [1;36m19[0m [1m([0m [1;36m0.0[0m%[1m)[0m  |  checkout failures [32m  [0m[1;32m0.5[0m[32m%[0m [1;31mOUTAGE INJECTED[0m [33mrouting: FastPay -> SecurePay[0m
t+ 663s  FastPay:   [1;36m0[0m [1m([0m [1;36m0.0[0m%[1m)[0m  SecurePay: [1;36m183[0m [1m([0m [1;36m0.5[0m%[1m)[0m  QuickPay:  [1;36m17[0m [1m([0m [1;36m0.0[0m%[1m)[0m  |  checkout failures [32m  [0m[1;32m0.5[0m[32m%[0m [1;31mOUTAGE INJECTED[0m [33mrouting: FastPay -> SecurePay[0m
t+ 664s  FastPay:   [1;36m0[0m [1m([0m [1;36m0.0[0m%[1m)[0m  SecurePay: [1;36m178[0m [1m([0m [1;36m0.6[0m%[1m)[0m  QuickPay:  [1;36m22[0m [1m([0m [1;36m4.5[0m%[1m)[0m  |  checkout failures [32m  [0m[1;32m1.0[0m[32m%[0m [1;31mOUTAGE INJECTED[0m [33mrouting: FastPay -> SecurePay[0m
t+ 665s  FastPay:   [1;36m0[0m [1m([0m [1;36m0.0[0m%[1m)[0m  SecurePay: [1;36m182[0m [1m([0m [1;36m1.1[0m%[1m)[0m  QuickPay:  [1;36m18[0m [1m([0m [1;36m0.0[0m%[1m)[0m  |  checkout failures [32m  [0m[1;32m1.0[0m[32m%[0m [1;31mOUTAGE INJECTED[0m [33mrouting: FastPay -> SecurePay[0m
t+ 666s  FastPay:   [1;36m0[0m [1m([0m [1;36m0.0[0m%[1m)[0m  SecurePay: [1;36m172[0m [1m([0m [1;36m1.7[0m%[1m)[0m  QuickPay:  [1;36m28[0m [1m([0m [1;36m0.0[0m%[1m)[0m  |  checkout failures [32m  [0m[1;32m1.5[0m[32m%[0m [1;31mOUTAGE INJECTED[0m [33mrouting: FastPay -> SecurePay[0m
t+ 667s  FastPay:   [1;36m0[0m [1m([0m [1;36m0.0[0m%[1m)[0m  SecurePay: [1;36m178[0m [1m([0m [1;36m0.0[0m%[1m)[0m  QuickPay:  [1;36m22[0m [1m([0m [1;36m0.0[0m%[1m)[0m  |  checkout failures [32m  [0m[1;32m0.0[0m[32m%[0m [1;31mOUTAGE INJECTED[0m [33mrouting: FastPay -> SecurePay[0m
t+ 668s  FastPay:   [1;36m0[0m [1m([0m [1;36m0.0[0m%[1m)[0m  SecurePay: [1;36m176[0m [1m([0m [1;36m0.0[0m%[1m)[0m  QuickPay:  [1;36m24[0m [1m([0m [1;36m0.0[0m%[1m)[0m  |  checkout failures [32m  [0m[1;32m0.0[0m[32m%[0m [1;31mOUTAGE INJECTED[0m [33mrouting: FastPay -> SecurePay[0m
t+ 669s  FastPay:   [1;36m0[0m [1m([0m [1;36m0.0[0m%[1m)[0m  SecurePay: [1;36m183[0m [1m([0m [1;36m0.5[0m%[1m)[0m  QuickPay:  [1;36m17[0m [1m([0m [1;36m0.0[0m%[1m)[0m  |  checkout failures [32m  [0m[1;32m0.5[0m[32m%[0m [1;31mOUTAGE INJECTED[0m [33mrouting: FastPay -> SecurePay[0m
t+ 670s  FastPay:   [1;36m0[0m [1m([0m [1;36m0.0[0m%[1m)[0m  SecurePay: [1;36m181[0m [1m([0m [1;36m1.7[0m%[1m)[0m  QuickPay:  [1;36m19[0m [1m([0m [1;36m0.0[0m%[1m)[0m  |  checkout failures [32m  [0m[1;32m1.5[0m[32m%[0m [1;31mOUTAGE INJECTED[0m [33mrouting: FastPay -> SecurePay[0m
t+ 671s  FastPay:   [1;36m0[0m [1m([0m [1;36m0.0[0m%[1m)[0m  SecurePay: [1;36m175[0m [1m([0m [1;36m0.0[0m%[1m)[0m  QuickPay:  [1;36m25[0m [1m([0m [1;36m0.0[0m%[1m)[0m  |  checkout failures [32m  [0m[1;32m0.0[0m[32m%[0m [1;31mOUTAGE INJECTED[0m [33mrouting: FastPay -> SecurePay[0m
t+ 672s  FastPay:   [1;36m0[0m [1m([0m [1;36m0.0[0m%[1m)[0m  SecurePay: [1;36m176[0m [1m([0m [1;36m0.0[0m%[1m)[0m  QuickPay:  [1;36m24[0m [1m([0m [1;36m4.2[0m%[1m)[0m  |  checkout failures [32m  [0m[1;32m0.5[0m[32m%[0m [1;31mOUTAGE INJECTED[0m [33mrouting: FastPay -> SecurePay[0m
t+ 673s  FastPay:   [1;36m0[0m [1m([0m [1;36m0.0[0m%[1m)[0m  SecurePay: [1;36m188[0m [1m([0m [1;36m0.0[0m%[1m)[0m  QuickPay:  [1;36m12[0m [1m([0m [1;36m0.0[0m%[1m)[0m  |  checkout failures [32m  [0m[1;32m0.0[0m[32m%[0m [1;31mOUTAGE INJECTED[0m [33mrouting: FastPay -> SecurePay[0m
t+ 674s  FastPay:   [1;36m0[0m [1m([0m [1;36m0.0[0m%[1m)[0m  SecurePay: [1;36m176[0m [1m([0m [1;36m0.6[0m%[1m)[0m  QuickPay:  [1;36m24[0m [1m([0m [1;36m4.2[0m%[1m)[0m  |  checkout failures [32m  [0m[1;32m1.0[0m[32m%[0m [1;31mOUTAGE INJECTED[0m [33mrouting: FastPay -> SecurePay[0m
t+ 675s  FastPay:   [1;36m0[0m [1m([0m [1;36m0.0[0m%[1m)[0m  SecurePay: [1;36m176[0m [1m([0m [1;36m0.0[0m%[1m)[0m  QuickPay:  [1;36m24[0m [1m([0m [1;36m0.0[0m%[1m)[0m  |  checkout failures [32m  [0m[1;32m0.0[0m[32m%[0m [1;31mOUTAGE INJECTED[0m [33mrouting: FastPay -> SecurePay[0m
t+ 676s  FastPay:   [1;36m0[0m [1m([0m [1;36m0.0[0m%[1m)[0m  SecurePay: [1;36m180[0m [1m([0m [1;36m1.1[0m%[1m)[0m  QuickPay:  [1;36m20[0m [1m([0m [1;36m0.0[0m%[1m)[0m  |  checkout failures [32m  [0m[1;32m1.0[0m[32m%[0m [1;31mOUTAGE INJECTED[0m [33mrouting: FastPay -> SecurePay[0m
t+ 677s  FastPay:   [1;36m0[0m [1m([0m [1;36m0.0[0m%[1m)[0m  SecurePay: [1;36m177[0m [1m([0m [1;36m0.0[0m%[1m)[0m  QuickPay:  [1;36m23[0m [1m([0m [1;36m4.3[0m%[1m)[0m  |  checkout failures [32m  [0m[1;32m0.5[0m[32m%[0m [1;31mOUTAGE INJECTED[0m [33mrouting: FastPay -> SecurePay[0m
t+ 678s  FastPay:   [1;36m0[0m [1m([0m [1;36m0.0[0m%[1m)[0m  SecurePay: [1;36m182[0m [1m([0m [1;36m1.1[0m%[1m)[0m  QuickPay:  [1;36m18[0m [1m([0m [1;36m0.0[0m%[1m)[0m  |  checkout failures [32m  [0m[1;32m1.0[0m[32m%[0m [1;31mOUTAGE INJECTED[0m [33mrouting: FastPay -> SecurePay[0m
t+ 679s  FastPay:   [1;36m0[0m [1m([0m [1;36m0.0[0m%[1m)[0m  SecurePay: [1;36m183[0m [1m([0m [1;36m0.5[0m%[1m)[0m  QuickPay:  [1;36m17[0m [1m([0m [1;36m0.0[0m%[1m)[0m  |  checkout failures [32m  [0m[1;32m0.5[0m[32m%[0m [1;31mOUTAGE INJECTED[0m [33mrouting: FastPay -> SecurePay[0m
t+ 680s  FastPay:   [1;36m0[0m [1m([0m [1;36m0.0[0m%[1m)[0m  SecurePay: [1;36m177[0m [1m([0m [1;36m0.0[0m%[1m)[0m  QuickPay:  [1;36m23[0m [1m([0m [1;36m0.0[0m%[1m)[0m  |  checkout failures [32m  [0m[1;32m0.0[0m[32m%[0m [1;31mOUTAGE INJECTED[0m [33mrouting: FastPay -> SecurePay[0m
t+ 681s  FastPay:   [1;36m0[0m [1m([0m [1;36m0.0[0m%[1m)[0m  SecurePay: [1;36m185[0m [1m([0m [1;36m1.1[0m%[1m)[0m  QuickPay:  [1;36m15[0m [1m([0m [1;36m6.7[0m%[1m)[0m  |  checkout failures [32m  [0m[1;32m1.5[0m[32m%[0m [1;31mOUTAGE INJECTED[0m [33mrouting: FastPay -> SecurePay[0m
t+ 682s  FastPay:   [1;36m0[0m [1m([0m [1;36m0.0[0m%[1m)[0m  SecurePay: [1;36m177[0m [1m([0m [1;36m2.3[0m%[1m)[0m  QuickPay:  [1;36m23[0m [1m([0m [1;36m0.0[0m%[1m)[0m  |  checkout failures [32m  [0m[1;32m2.0[0m[32m%[0m [1;31mOUTAGE INJECTED[0m [33mrouting: FastPay -> SecurePay[0m
t+ 683s  FastPay:   [1;36m0[0m [1m([0m [1;36m0.0[0m%[1m)[0m  SecurePay: [1;36m176[0m [1m([0m [1;36m1.7[0m%[1m)[0m  QuickPay:  [1;36m24[0m [1m([0m [1;36m0.0[0m%[1m)[0m  |  checkout failures [32m  [0m[1;32m1.5[0m[32m%[0m [1;31mOUTAGE INJECTED[0m [33mrouting: FastPay -> SecurePay[0m
t+ 684s  FastPay:   [1;36m0[0m [1m([0m [1;36m0.0[0m%[1m)[0m  SecurePay: [1;36m178[0m [1m([0m [1;36m0.6[0m%[1m)[0m  QuickPay:  [1;36m22[0m [1m([0m [1;36m4.5[0m%[1m)[0m  |  checkout failures [32m  [0m[1;32m1.0[0m[32m%[0m [1;31mOUTAGE INJECTED[0m [33mrouting: FastPay -> SecurePay[0m
t+ 685s  FastPay:   [1;36m0[0m [1m([0m [1;36m0.0[0m%[1m)[0m  SecurePay: [1;36m179[0m [1m([0m [1;36m0.6[0m%[1m)[0m  QuickPay:  [1;36m21[0m [1m([0m [1;36m0.0[0m%[1m)[0m  |  checkout failures [32m  [0m[1;32m0.5[0m[32m%[0m [1;31mOUTAGE INJECTED[0m [33mrouting: FastPay -> SecurePay[0m
t+ 686s  FastPay:   [1;36m0[0m [1m([0m [1;36m0.0[0m%[1m)[0m  SecurePay: [1;36m185[0m [1m([0m [1;36m0.0[0m%[1m)[0m  QuickPay:  [1;36m15[0m [1m([0m [1;36m0.0[0m%[1m)[0m  |  checkout failures [32m  [0m[1;32m0.0[0m[32m%[0m [1;31mOUTAGE INJECTED[0m [33mrouting: FastPay -> SecurePay[0m
t+ 687s  FastPay:   [1;36m0[0m [1m([0m [1;36m0.0[0m%[1m)[0m  SecurePay: [1;36m181[0m [1m([0m [1;36m0.6[0m%[1m)[0m  QuickPay:  [1;36m19[0m [1m([0m [1;36m0.0[0m%[1m)[0m  |  checkout failures [32m  [0m[1;32m0.5[0m[32m%[0m [1;31mOUTAGE INJECTED[0m [33mrouting: FastPay -> SecurePay[0m
t+ 688s  FastPay:   [1;36m0[0m [1m([0m [1;36m0.0[0m%[1m)[0m  SecurePay: [1;36m181[0m [1m([0m [1;36m1.1[0m%[1m)[0m  QuickPay:  [1;36m19[0m [1m([0m [1;36m0.0[0m%[1m)[0m  |  checkout failures [32m  [0m[1;32m1.0[0m[32m%[0m [1;31mOUTAGE INJECTED[0m [33mrouting: FastPay -> SecurePay[0m
t+ 689s  FastPay:   [1;36m0[0m [1m([0m [1;36m0.0[0m%[1m)[0m  SecurePay: [1;36m182[0m [1m([0m [1;36m0.5[0m%[1m)[0m  QuickPay:  [1;36m18[0m [1m([0m [1;36m5.6[0m%[1m)[0m  |  checkout failures [32m  [0m[1;32m1.0[0m[32m%[0m [1;31mOUTAGE INJECTED[0m [33mrouting: FastPay -> SecurePay[0m
t+ 690s  FastPay:   [1;36m0[0m [1m([0m [1;36m0.0[0m%[1m)[0m  SecurePay: [1;36m180[0m [1m([0m [1;36m0.6[0m%[1m)[0m  QuickPay:  [1;36m20[0m [1m([0m [1;36m0.0[0m%[1m)[0m  |  checkout failures [32m  [0m[1;32m0.5[0m[32m%[0m [1;31mOUTAGE INJECTED[0m [33mrouting: FastPay -> SecurePay[0m
t+ 691s  FastPay:   [1;36m0[0m [1m([0m [1;36m0.0[0m%[1m)[0m  SecurePay: [1;36m178[0m [1m([0m [1;36m0.6[0m%[1m)[0m  QuickPay:  [1;36m22[0m [1m([0m [1;36m0.0[0m%[1m)[0m  |  checkout failures [32m  [0m[1;32m0.5[0m[32m%[0m [1;31mOUTAGE INJECTED[0m [33mrouting: FastPay -> SecurePay[0m
t+ 692s  FastPay:   [1;36m0[0m [1m([0m [1;36m0.0[0m%[1m)[0m  SecurePay: [1;36m182[0m [1m([0m [1;36m0.0[0m%[1m)[0m  QuickPay:  [1;36m18[0m [1m([0m [1;36m0.0[0m%[1m)[0m  |  checkout failures [32m  [0m[1;32m0.0[0m[32m%[0m [1;31mOUTAGE INJECTED[0m [33mrouting: FastPay -> SecurePay[0m
t+ 693s  FastPay:   [1;36m0[0m [1m([0m [1;36m0.0[0m%[1m)[0m  SecurePay: [1;36m184[0m [1m([0m [1;36m1.1[0m%[1m)[0m  QuickPay:  [1;36m16[0m [1m([0m [1;36m0.0[0m%[1m)[0m  |  checkout failures [32m  [0m[1;32m1.0[0m[32m%[0m [1;31mOUTAGE INJECTED[0m [33mrouting: FastPay -> SecurePay[0m
t+ 694s  FastPay:   [1;36m0[0m [1m([0m [1;36m0.0[0m%[1m)[0m  SecurePay: [1;36m179[0m [1m([0m [1;36m0.6[0m%[1m)[0m  QuickPay:  [1;36m21[0m [1m([0m [1;36m0.0[0m%[1m)[0m  |  checkout failures [32m  [0m[1;32m0.5[0m[32m%[0m [1;31mOUTAGE INJECTED[0m [33mrouting: FastPay -> SecurePay[0m
t+ 695s  FastPay:   [1;36m0[0m [1m([0m [1;36m0.0[0m%[1m)[0m  SecurePay: [1;36m180[0m [1m([0m [1;36m0.0[0m%[1m)[0m  QuickPay:  [1;36m20[0m [1m([0m [1;36m0.0[0m%[1m)[0m  |  checkout failures [32m  [0m[1;32m0.0[0m[32m%[0m [1;31mOUTAGE INJECTED[0m [33mrouting: FastPay -> SecurePay[0m
t+ 696s  FastPay:   [1;36m0[0m [1m([0m [1;36m0.0[0m%[1m)[0m  SecurePay: [1;36m177[0m [1m([0m [1;36m0.6[0m%[1m)[0m  QuickPay:  [1;36m23[0m [1m([0m [1;36m0.0[0m%[1m)[0m  |  checkout failures [32m  [0m[1;32m0.5[0m[32m%[0m [1;31mOUTAGE INJECTED[0m [33mrouting: FastPay -> SecurePay[0m
t+ 697s  FastPay:   [1;36m0[0m [1m([0m [1;36m0.0[0m%[1m)[0m  SecurePay: [1;36m181[0m [1m([0m [1;36m0.0[0m%[1m)[0m  QuickPay:  [1;36m19[0m [1m([0m [1;36m0.0[0m%[1m)[0m  |  checkout failures [32m  [0m[1;32m0.0[0m[32m%[0m [1;31mOUTAGE INJECTED[0m [33mrouting: FastPay -> SecurePay[0m
t+ 698s  FastPay:   [1;36m0[0m [1m([0m [1;36m0.0[0m%[1m)[0m  SecurePay: [1;36m175[0m [1m([0m [1;36m0.0[0m%[1m)[0m  QuickPay:  [1;36m25[0m [1m([0m [1;36m0.0[0m%[1m)[0m  |  checkout failures [32m  [0m[1;32m0.0[0m[32m%[0m [1;31mOUTAGE INJECTED[0m [33mrouting: FastPay -> SecurePay[0m
t+ 699s  FastPay:   [1;36m0[0m [1m([0m [1;36m0.0[0m%[1m)[0m  SecurePay: [1;36m174[0m [1m([0m [1;36m0.6[0m%[1m)[0m  QuickPay:  [1;36m26[0m [1m([0m [1;36m0.0[0m%[1m)[0m  |  checkout failures [32m  [0m[1;32m0.5[0m[32m%[0m [1;31mOUTAGE INJECTED[0m [33mrouting: FastPay -> SecurePay[0m
t+ 700s  FastPay:   [1;36m0[0m [1m([0m [1;36m0.0[0m%[1m)[0m  SecurePay: [1;36m176[0m [1m([0m [1;36m1.1[0m%[1m)[0m  QuickPay:  [1;36m24[0m [1m([0m [1;36m4.2[0m%[1m)[0m  |  checkout failures [32m  [0m[1;32m1.5[0m[32m%[0m [1;31mOUTAGE INJECTED[0m [33mrouting: FastPay -> SecurePay[0m
t+ 701s  FastPay:   [1;36m0[0m [1m([0m [1;36m0.0[0m%[1m)[0m  SecurePay: [1;36m183[0m [1m([0m [1;36m1.6[0m%[1m)[0m  QuickPay:  [1;36m17[0m [1m([0m [1;36m0.0[0m%[1m)[0m  |  checkout failures [32m  [0m[1;32m1.5[0m[32m%[0m [1;31mOUTAGE INJECTED[0m [33mrouting: FastPay -> SecurePay[0m
t+ 702s  FastPay:   [1;36m0[0m [1m([0m [1;36m0.0[0m%[1m)[0m  SecurePay: [1;36m176[0m [1m([0m [1;36m0.6[0m%[1m)[0m  QuickPay:  [1;36m24[0m [1m([0m [1;36m0.0[0m%[1m)[0m  |  checkout failures [32m  [0m[1;32m0.5[0m[32m%[0m [1;31mOUTAGE INJECTED[0m [33mrouting: FastPay -> SecurePay[0m
t+ 703s  FastPay:   [1;36m0[0m [1m([0m [1;36m0.0[0m%[1m)[0m  SecurePay: [1;36m173[0m [1m([0m [1;36m0.6[0m%[1m)[0m  QuickPay:  [1;36m27[0m [1m([0m [1;36m0.0[0m%[1m)[0m  |  checkout failures [32m  [0m[1;32m0.5[0m[32m%[0m [1;31mOUTAGE INJECTED[0m [33mrouting: FastPay -> SecurePay[0m
t+ 704s  FastPay:   [1;36m0[0m [1m([0m [1;36m0.0[0m%[1m)[0m  SecurePay: [1;36m173[0m [1m([0m [1;36m0.0[0m%[1m)[0m  QuickPay:  [1;36m27[0m [1m([0m [1;36m0.0[0m%[1m)[0m  |  checkout failures [32m  [0m[1;32m0.0[0m[32m%[0m [1;31mOUTAGE INJECTED[0m [33mrouting: FastPay -> SecurePay[0m
t+ 705s  FastPay:   [1;36m0[0m [1m([0m [1;36m0.0[0m%[1m)[0m  SecurePay: [1;36m184[0m [1m([0m [1;36m0.0[0m%[1m)[0m  QuickPay:  [1;36m16[0m [1m([0m [1;36m0.0[0m%[1m)[0m  |  checkout failures [32m  [0m[1;32m0.0[0m[32m%[0m [1;31mOUTAGE INJECTED[0m [33mrouting: FastPay -> SecurePay[0m
t+ 706s  FastPay:   [1;36m0[0m [1m([0m [1;36m0.0[0m%[1m)[0m  SecurePay: [1;36m184[0m [1m([0m [1;36m2.2[0m%[1m)[0m  QuickPay:  [1;36m16[0m [1m([0m [1;36m0.0[0m%[1m)[0m  |  checkout failures [32m  [0m[1;32m2.0[0m[32m%[0m [1;31mOUTAGE INJECTED[0m [33mrouting: FastPay -> SecurePay[0m
t+ 707s  FastPay:   [1;36m0[0m [1m([0m [1;36m0.0[0m%[1m)[0m  SecurePay: [1;36m180[0m [1m([0m [1;36m0.0[0m%[1m)[0m  QuickPay:  [1;36m20[0m [1m([0m [1;36m0.0[0m%[1m)[0m  |  checkout failures [32m  [0m[1;32m0.0[0m[32m%[0m [1;31mOUTAGE INJECTED[0m [33mrouting: FastPay -> SecurePay[0m
t+ 708s  FastPay:   [1;36m0[0m [1m([0m [1;36m0.0[0m%[1m)[0m  SecurePay: [1;36m174[0m [1m([0m [1;36m0.6[0m%[1m)[0m  QuickPay:  [1;36m26[0m [1m([0m [1;36m0.0[0m%[1m)[0m  |  checkout failures [32m  [0m[1;32m0.5[0m[32m%[0m [1;31mOUTAGE INJECTED[0m [33mrouting: FastPay -> SecurePay[0m
t+ 709s  FastPay:   [1;36m0[0m [1m([0m [1;36m0.0[0m%[1m)[0m  SecurePay: [1;36m175[0m [1m([0m [1;36m0.0[0m%[1m)[0m  QuickPay:  [1;36m25[0m [1m([0m [1;36m0.0[0m%[1m)[0m  |  checkout failures [32m  [0m[1;32m0.0[0m[32m%[0m [1;31mOUTAGE INJECTED[0m [33mrouting: FastPay -> SecurePay[0m
t+ 710s  FastPay:   [1;36m0[0m [1m([0m [1;36m0.0[0m%[1m)[0m  SecurePay: [1;36m168[0m [1m([0m [1;36m0.0[0m%[1m)[0m  QuickPay:  [1;36m32[0m [1m([0m [1;36m3.1[0m%[1m)[0m  |  checkout failures [32m  [0m[1;32m0.5[0m[32m%[0m [1;31mOUTAGE INJECTED[0m [33mrouting: FastPay -> SecurePay[0m
t+ 711s  FastPay:   [1;36m0[0m [1m([0m [1;36m0.0[0m%[1m)[0m  SecurePay: [1;36m174[0m [1m([0m [1;36m0.0[0m%[1m)[0m  QuickPay:  [1;36m26[0m [1m([0m [1;36m0.0[0m%[1m)[0m  |  checkout failures [32m  [0m[1;32m0.0[0m[32m%[0m [1;31mOUTAGE INJECTED[0m [33mrouting: FastPay -> SecurePay[0m
t+ 712s  FastPay:   [1;36m0[0m [1m([0m [1;36m0.0[0m%[1m)[0m  SecurePay: [1;36m186[0m [1m([0m [1;36m1.6[0m%[1m)[0m  QuickPay:  [1;36m14[0m [1m([0m [1;36m0.0[0m%[1m)[0m  |  checkout failures [32m  [0m[1;32m1.5[0m[32m%[0m [1;31mOUTAGE INJECTED[0m [33mrouting: FastPay -> SecurePay[0m
t+ 713s  FastPay:   [1;36m0[0m [1m([0m [1;36m0.0[0m%[1m)[0m  SecurePay: [1;36m185[0m [1m([0m [1;36m0.5[0m%[1m)[0m  QuickPay:  [1;36m15[0m [1m([0m [1;36m0.0[0m%[1m)[0m  |  checkout failures [32m  [0m[1;32m0.5[0m[32m%[0m [1;31mOUTAGE INJECTED[0m [33mrouting: FastPay -> SecurePay[0m
t+ 714s  FastPay:   [1;36m0[0m [1m([0m [1;36m0.0[0m%[1m)[0m  SecurePay: [1;36m187[0m [1m([0m [1;36m0.5[0m%[1m)[0m  QuickPay:  [1;36m13[0m [1m([0m [1;36m0.0[0m%[1m)[0m  |  checkout failures [32m  [0m[1;32m0.5[0m[32m%[0m [1;31mOUTAGE INJECTED[0m [33mrouting: FastPay -> SecurePay[0m
t+ 715s  FastPay:   [1;36m0[0m [1m([0m [1;36m0.0[0m%[1m)[0m  SecurePay: [1;36m183[0m [1m([0m [1;36m0.0[0m%[1m)[0m  QuickPay:  [1;36m17[0m [1m([0m [1;36m0.0[0m%[1m)[0m  |  checkout failures [32m  [0m[1;32m0.0[0m[32m%[0m [1;31mOUTAGE INJECTED[0m [33mrouting: FastPay -> SecurePay[0m
t+ 716s  FastPay:   [1;36m0[0m [1m([0m [1;36m0.0[0m%[1m)[0m  SecurePay: [1;36m185[0m [1m([0m [1;36m0.5[0m%[1m)[0m  QuickPay:  [1;36m15[0m [1m([0m [1;36m6.7[0m%[1m)[0m  |  checkout failures [32m  [0m[1;32m1.0[0m[32m%[0m [1;31mOUTAGE INJECTED[0m [33mrouting: FastPay -> SecurePay[0m
t+ 717s  FastPay:   [1;36m0[0m [1m([0m [1;36m0.0[0m%[1m)[0m  SecurePay: [1;36m179[0m [1m([0m [1;36m0.0[0m%[1m)[0m  QuickPay:  [1;36m21[0m [1m([0m [1;36m0.0[0m%[1m)[0m  |  checkout failures [32m  [0m[1;32m0.0[0m[32m%[0m [1;31mOUTAGE INJECTED[0m [33mrouting: FastPay -> SecurePay[0m
t+ 718s  FastPay:   [1;36m0[0m [1m([0m [1;36m0.0[0m%[1m)[0m  SecurePay: [1;36m184[0m [1m([0m [1;36m0.5[0m%[1m)[0m  QuickPay:  [1;36m16[0m [1m([0m [1;36m0.0[0m%[1m)[0m  |  checkout failures [32m  [0m[1;32m0.5[0m[32m%[0m [1;31mOUTAGE INJECTED[0m [33mrouting: FastPay -> SecurePay[0m
t+ 719s  FastPay:   [1;36m0[0m [1m([0m [1;36m0.0[0m%[1m)[0m  SecurePay: [1;36m177[0m [1m([0m [1;36m0.6[0m%[1m)[0m  QuickPay:  [1;36m23[0m [1m([0m [1;36m0.0[0m%[1m)[0m  |  checkout failures [32m  [0m[1;32m0.5[0m[32m%[0m [1;31mOUTAGE INJECTED[0m [33mrouting: FastPay -> SecurePay[0m
t+ 720s  FastPay:   [1;36m0[0m [1m([0m [1;36m0.0[0m%[1m)[0m  SecurePay: [1;36m171[0m [1m([0m [1;36m0.6[0m%[1m)[0m  QuickPay:  [1;36m29[0m [1m([0m [1;36m0.0[0m%[1m)[0m  |  checkout failures [32m  [0m[1;32m0.5[0m[32m%[0m [1;31mOUTAGE INJECTED[0m [33mrouting: FastPay -> SecurePay[0m
t+ 721s  FastPay:   [1;36m0[0m [1m([0m [1;36m0.0[0m%[1m)[0m  SecurePay: [1;36m181[0m [1m([0m [1;36m1.1[0m%[1m)[0m  QuickPay:  [1;36m19[0m [1m([0m [1;36m5.3[0m%[1m)[0m  |  checkout failures [32m  [0m[1;32m1.5[0m[32m%[0m [1;31mOUTAGE INJECTED[0m [33mrouting: FastPay -> SecurePay[0m
t+ 722s  FastPay:   [1;36m0[0m [1m([0m [1;36m0.0[0m%[1m)[0m  SecurePay: [1;36m182[0m [1m([0m [1;36m0.0[0m%[1m)[0m  QuickPay:  [1;36m18[0m [1m([0m [1;36m0.0[0m%[1m)[0m  |  checkout failures [32m  [0m[1;32m0.0[0m[32m%[0m [1;31mOUTAGE INJECTED[0m [33mrouting: FastPay -> SecurePay[0m
t+ 723s  FastPay:   [1;36m0[0m [1m([0m [1;36m0.0[0m%[1m)[0m  SecurePay: [1;36m182[0m [1m([0m [1;36m1.1[0m%[1m)[0m  QuickPay:  [1;36m18[0m [1m([0m [1;36m5.6[0m%[1m)[0m  |  checkout failures [32m  [0m[1;32m1.5[0m[32m%[0m [1;31mOUTAGE INJECTED[0m [33mrouting: FastPay -> SecurePay[0m
t+ 724s  FastPay:   [1;36m0[0m [1m([0m [1;36m0.0[0m%[1m)[0m  SecurePay: [1;36m181[0m [1m([0m [1;36m0.6[0m%[1m)[0m  QuickPay:  [1;36m19[0m [1m([0m [1;36m0.0[0m%[1m)[0m  |  checkout failures [32m  [0m[1;32m0.5[0m[32m%[0m [1;31mOUTAGE INJECTED[0m [33mrouting: FastPay -> SecurePay[0m
t+ 725s  FastPay:   [1;36m0[0m [1m([0m [1;36m0.0[0m%[1m)[0m  SecurePay: [1;36m187[0m [1m([0m [1;36m0.0[0m%[1m)[0m  QuickPay:  [1;36m13[0m [1m([0m [1;36m7.7[0m%[1m)[0m  |  checkout failures [32m  [0m[1;32m0.5[0m[32m%[0m [1;31mOUTAGE INJECTED[0m [33mrouting: FastPay -> SecurePay[0m
t+ 726s  FastPay:   [1;36m0[0m [1m([0m [1;36m0.0[0m%[1m)[0m  SecurePay: [1;36m183[0m [1m([0m [1;36m1.6[0m%[1m)[0m  QuickPay:  [1;36m17[0m [1m([0m [1;36m0.0[0m%[1m)[0m  |  checkout failures [32m  [0m[1;32m1.5[0m[32m%[0m [1;31mOUTAGE INJECTED[0m [33mrouting: FastPay -> SecurePay[0m
t+ 727s  FastPay:   [1;36m0[0m [1m([0m [1;36m0.0[0m%[1m)[0m  SecurePay: [1;36m179[0m [1m([0m [1;36m1.1[0m%[1m)[0m  QuickPay:  [1;36m21[0m [1m([0m [1;36m0.0[0m%[1m)[0m  |  checkout failures [32m  [0m[1;32m1.0[0m[32m%[0m [1;31mOUTAGE INJECTED[0m [33mrouting: FastPay -> SecurePay[0m
t+ 728s  FastPay:   [1;36m0[0m [1m([0m [1;36m0.0[0m%[1m)[0m  SecurePay: [1;36m179[0m [1m([0m [1;36m0.6[0m%[1m)[0m  QuickPay:  [1;36m21[0m [1m([0m [1;36m0.0[0m%[1m)[0m  |  checkout failures [32m  [0m[1;32m0.5[0m[32m%[0m [1;31mOUTAGE INJECTED[0m [33mrouting: FastPay -> SecurePay[0m
t+ 729s  FastPay:   [1;36m0[0m [1m([0m [1;36m0.0[0m%[1m)[0m  SecurePay: [1;36m179[0m [1m([0m [1;36m1.1[0m%[1m)[0m  QuickPay:  [1;36m21[0m [1m([0m [1;36m0.0[0m%[1m)[0m  |  checkout failures [32m  [0m[1;32m1.0[0m[32m%[0m [1;31mOUTAGE INJECTED[0m [33mrouting: FastPay -> SecurePay[0m
t+ 730s  FastPay:   [1;36m0[0m [1m([0m [1;36m0.0[0m%[1m)[0m  SecurePay: [1;36m183[0m [1m([0m [1;36m0.5[0m%[1m)[0m  QuickPay:  [1;36m17[0m [1m([0m [1;36m0.0[0m%[1m)[0m  |  checkout failures [32m  [0m[1;32m0.5[0m[32m%[0m [1;31mOUTAGE INJECTED[0m [33mrouting: FastPay -> SecurePay[0m
t+ 731s  FastPay:   [1;36m0[0m [1m([0m [1;36m0.0[0m%[1m)[0m  SecurePay: [1;36m182[0m [1m([0m [1;36m0.5[0m%[1m)[0m  QuickPay:  [1;36m18[0m [1m([0m [1;36m0.0[0m%[1m)[0m  |  checkout failures [32m  [0m[1;32m0.5[0m[32m%[0m [1;31mOUTAGE INJECTED[0m [33mrouting: FastPay -> SecurePay[0m
t+ 732s  FastPay:   [1;36m0[0m [1m([0m [1;36m0.0[0m%[1m)[0m  SecurePay: [1;36m186[0m [1m([0m [1;36m1.1[0m%[1m)[0m  QuickPay:  [1;36m14[0m [1m([0m [1;36m0.0[0m%[1m)[0m  |  checkout failures [32m  [0m[1;32m1.0[0m[32m%[0m [1;31mOUTAGE INJECTED[0m [33mrouting: FastPay -> SecurePay[0m
t+ 733s  FastPay:   [1;36m0[0m [1m([0m [1;36m0.0[0m%[1m)[0m  SecurePay: [1;36m183[0m [1m([0m [1;36m0.5[0m%[1m)[0m  QuickPay:  [1;36m17[0m [1m([0m [1;36m0.0[0m%[1m)[0m  |  checkout failures [32m  [0m[1;32m0.5[0m[32m%[0m [1;31mOUTAGE INJECTED[0m [33mrouting: FastPay -> SecurePay[0m
t+ 734s  FastPay:   [1;36m0[0m [1m([0m [1;36m0.0[0m%[1m)[0m  SecurePay: [1;36m178[0m [1m([0m [1;36m0.6[0m%[1m)[0m  QuickPay:  [1;36m22[0m [1m([0m [1;36m0.0[0m%[1m)[0m  |  checkout failures [32m  [0m[1;32m0.5[0m[32m%[0m [1;31mOUTAGE INJECTED[0m [33mrouting: FastPay -> SecurePay[0m
t+ 735s  FastPay:   [1;36m0[0m [1m([0m [1;36m0.0[0m%[1m)[0m  SecurePay: [1;36m180[0m [1m([0m [1;36m0.6[0m%[1m)[0m  QuickPay:  [1;36m20[0m [1m([0m [1;36m0.0[0m%[1m)[0m  |  checkout failures [32m  [0m[1;32m0.5[0m[32m%[0m [1;31mOUTAGE INJECTED[0m [33mrouting: FastPay -> SecurePay[0m
t+ 736s  FastPay:   [1;36m0[0m [1m([0m [1;36m0.0[0m%[1m)[0m  SecurePay: [1;36m182[0m [1m([0m [1;36m1.6[0m%[1m)[0m  QuickPay:  [1;36m18[0m [1m([0m [1;36m5.6[0m%[1m)[0m  |  checkout failures [32m  [0m[1;32m2.0[0m[32m%[0m [1;31mOUTAGE INJECTED[0m [33mrouting: FastPay -> SecurePay[0m
t+ 737s  FastPay:   [1;36m0[0m [1m([0m [1;36m0.0[0m%[1m)[0m  SecurePay: [1;36m174[0m [1m([0m [1;36m0.0[0m%[1m)[0m  QuickPay:  [1;36m26[0m [1m([0m [1;36m0.0[0m%[1m)[0m  |  checkout failures [32m  [0m[1;32m0.0[0m[32m%[0m [1;31mOUTAGE INJECTED[0m [33mrouting: FastPay -> SecurePay[0m
t+ 738s  FastPay:   [1;36m0[0m [1m([0m [1;36m0.0[0m%[1m)[0m  SecurePay: [1;36m181[0m [1m([0m [1;36m0.0[0m%[1m)[0m  QuickPay:  [1;36m19[0m [1m([0m [1;36m0.0[0m%[1m)[0m  |  checkout failures [32m  [0m[1;32m0.0[0m[32m%[0m [1;31mOUTAGE INJECTED[0m [33mrouting: FastPay -> SecurePay[0m
t+ 739s  FastPay:   [1;36m0[0m [1m([0m [1;36m0.0[0m%[1m)[0m  SecurePay: [1;36m177[0m [1m([0m [1;36m0.6[0m%[1m)[0m  QuickPay:  [1;36m23[0m [1m([0m [1;36m0.0[0m%[1m)[0m  |  checkout failures [32m  [0m[1;32m0.5[0m[32m%[0m [1;31mOUTAGE INJECTED[0m [33mrouting: FastPay -> SecurePay[0m
t+ 740s  FastPay:   [1;36m0[0m [1m([0m [1;36m0.0[0m%[1m)[0m  SecurePay: [1;36m178[0m [1m([0m [1;36m0.0[0m%[1m)[0m  QuickPay:  [1;36m22[0m [1m([0m [1;36m4.5[0m%[1m)[0m  |  checkout failures [32m  [0m[1;32m0.5[0m[32m%[0m [1;31mOUTAGE INJECTED[0m [33mrouting: FastPay -> SecurePay[0m
t+ 741s  FastPay:   [1;36m0[0m [1m([0m [1;36m0.0[0m%[1m)[0m  SecurePay: [1;36m178[0m [1m([0m [1;36m0.0[0m%[1m)[0m  QuickPay:  [1;36m22[0m [1m([0m [1;36m0.0[0m%[1m)[0m  |  checkout failures [32m  [0m[1;32m0.0[0m[32m%[0m [1;31mOUTAGE INJECTED[0m [33mrouting: FastPay -> SecurePay[0m
t+ 742s  FastPay:   [1;36m0[0m [1m([0m [1;36m0.0[0m%[1m)[0m  SecurePay: [1;36m184[0m [1m([0m [1;36m0.0[0m%[1m)[0m  QuickPay:  [1;36m16[0m [1m([0m [1;36m0.0[0m%[1m)[0m  |  checkout failures [32m  [0m[1;32m0.0[0m[32m%[0m [1;31mOUTAGE INJECTED[0m [33mrouting: FastPay -> SecurePay[0m
t+ 743s  FastPay:   [1;36m0[0m [1m([0m [1;36m0.0[0m%[1m)[0m  SecurePay: [1;36m175[0m [1m([0m [1;36m0.6[0m%[1m)[0m  QuickPay:  [1;36m25[0m [1m([0m [1;36m0.0[0m%[1m)[0m  |  checkout failures [32m  [0m[1;32m0.5[0m[32m%[0m [1;31mOUTAGE INJECTED[0m [33mrouting: FastPay -> SecurePay[0m
t+ 744s  FastPay:   [1;36m0[0m [1m([0m [1;36m0.0[0m%[1m)[0m  SecurePay: [1;36m178[0m [1m([0m [1;36m1.7[0m%[1m)[0m  QuickPay:  [1;36m22[0m [1m([0m [1;36m0.0[0m%[1m)[0m  |  checkout failures [32m  [0m[1;32m1.5[0m[32m%[0m [1;31mOUTAGE INJECTED[0m [33mrouting: FastPay -> SecurePay[0m
t+ 745s  FastPay:   [1;36m0[0m [1m([0m [1;36m0.0[0m%[1m)[0m  SecurePay: [1;36m176[0m [1m([0m [1;36m0.0[0m%[1m)[0m  QuickPay:  [1;36m24[0m [1m([0m [1;36m0.0[0m%[1m)[0m  |  checkout failures [32m  [0m[1;32m0.0[0m[32m%[0m [1;31mOUTAGE INJECTED[0m [33mrouting: FastPay -> SecurePay[0m
t+ 746s  FastPay:   [1;36m0[0m [1m([0m [1;36m0.0[0m%[1m)[0m  SecurePay: [1;36m178[0m [1m([0m [1;36m1.7[0m%[1m)[0m  QuickPay:  [1;36m22[0m [1m([0m [1;36m4.5[0m%[1m)[0m  |  checkout failures [32m  [0m[1;32m2.0[0m[32m%[0m [1;31mOUTAGE INJECTED[0m [33mrouting: FastPay -> SecurePay[0m
t+ 747s  FastPay:   [1;36m0[0m [1m([0m [1;36m0.0[0m%[1m)[0m  SecurePay: [1;36m173[0m [1m([0m [1;36m0.6[0m%[1m)[0m  QuickPay:  [1;36m27[0m [1m([0m [1;36m0.0[0m%[1m)[0m  |  checkout failures [32m  [0m[1;32m0.5[0m[32m%[0m [1;31mOUTAGE INJECTED[0m [33mrouting: FastPay -> SecurePay[0m
t+ 748s  FastPay:   [1;36m0[0m [1m([0m [1;36m0.0[0m%[1m)[0m  SecurePay: [1;36m182[0m [1m([0m [1;36m0.0[0m%[1m)[0m  QuickPay:  [1;36m18[0m [1m([0m [1;36m0.0[0m%[1m)[0m  |  checkout failures [32m  [0m[1;32m0.0[0m[32m%[0m [1;31mOUTAGE INJECTED[0m [33mrouting: FastPay -> SecurePay[0m
t+ 749s  FastPay:   [1;36m0[0m [1m([0m [1;36m0.0[0m%[1m)[0m  SecurePay: [1;36m178[0m [1m([0m [1;36m0.0[0m%[1m)[0m  QuickPay:  [1;36m22[0m [1m([0m [1;36m0.0[0m%[1m)[0m  |  checkout failures [32m  [0m[1;32m0.0[0m[32m%[0m [1;31mOUTAGE INJECTED[0m [33mrouting: FastPay -> SecurePay[0m
t+ 750s  FastPay:   [1;36m0[0m [1m([0m [1;36m0.0[0m%[1m)[0m  SecurePay: [1;36m177[0m [1m([0m [1;36m0.0[0m%[1m)[0m  QuickPay:  [1;36m23[0m [1m([0m [1;36m0.0[0m%[1m)[0m  |  checkout failures [32m  [0m[1;32m0.0[0m[32m%[0m [1;31mOUTAGE INJECTED[0m [33mrouting: FastPay -> SecurePay[0m
t+ 751s  FastPay:   [1;36m0[0m [1m([0m [1;36m0.0[0m%[1m)[0m  SecurePay: [1;36m178[0m [1m([0m [1;36m0.0[0m%[1m)[0m  QuickPay:  [1;36m22[0m [1m([0m [1;36m0.0[0m%[1m)[0m  |  checkout failures [32m  [0m[1;32m0.0[0m[32m%[0m [1;31mOUTAGE INJECTED[0m [33mrouting: FastPay -> SecurePay[0m
t+ 752s  FastPay:   [1;36m0[0m [1m([0m [1;36m0.0[0m%[1m)[0m  SecurePay: [1;36m186[0m [1m([0m [1;36m2.2[0m%[1m)[0m  QuickPay:  [1;36m14[0m [1m([0m [1;36m0.0[0m%[1m)[0m  |  checkout failures [32m  [0m[1;32m2.0[0m[32m%[0m [1;31mOUTAGE INJECTED[0m [33mrouting: FastPay -> SecurePay[0m
t+ 753s  FastPay:   [1;36m0[0m [1m([0m [1;36m0.0[0m%[1m)[0m  SecurePay: [1;36m177[0m [1m([0m [1;36m1.1[0m%[1m)[0m  QuickPay:  [1;36m23[0m [1m([0m [1;36m0.0[0m%[1m)[0m  |  checkout failures [32m  [0m[1;32m1.0[0m[32m%[0m [1;31mOUTAGE INJECTED[0m [33mrouting: FastPay -> SecurePay[0m
t+ 754s  FastPay:   [1;36m0[0m [1m([0m [1;36m0.0[0m%[1m)[0m  SecurePay: [1;36m169[0m [1m([0m [1;36m0.6[0m%[1m)[0m  QuickPay:  [1;36m31[0m [1m([0m [1;36m0.0[0m%[1m)[0m  |  checkout failures [32m  [0m[1;32m0.5[0m[32m%[0m [1;31mOUTAGE INJECTED[0m [33mrouting: FastPay -> SecurePay[0m
t+ 755s  FastPay:   [1;36m0[0m [1m([0m [1;36m0.0[0m%[1m)[0m  SecurePay: [1;36m180[0m [1m([0m [1;36m1.1[0m%[1m)[0m  QuickPay:  [1;36m20[0m [1m([0m [1;36m0.0[0m%[1m)[0m  |  checkout failures [32m  [0m[1;32m1.0[0m[32m%[0m [1;31mOUTAGE INJECTED[0m [33mrouting: FastPay -> SecurePay[0m
t+ 756s  FastPay:   [1;36m0[0m [1m([0m [1;36m0.0[0m%[1m)[0m  SecurePay: [1;36m179[0m [1m([0m [1;36m1.1[0m%[1m)[0m  QuickPay:  [1;36m21[0m [1m([0m [1;36m0.0[0m%[1m)[0m  |  checkout failures [32m  [0m[1;32m1.0[0m[32m%[0m [1;31mOUTAGE INJECTED[0m [33mrouting: FastPay -> SecurePay[0m
t+ 757s  FastPay:   [1;36m0[0m [1m([0m [1;36m0.0[0m%[1m)[0m  SecurePay: [1;36m186[0m [1m([0m [1;36m0.5[0m%[1m)[0m  QuickPay:  [1;36m14[0m [1m([0m [1;36m0.0[0m%[1m)[0m  |  checkout failures [32m  [0m[1;32m0.5[0m[32m%[0m [1;31mOUTAGE INJECTED[0m [33mrouting: FastPay -> SecurePay[0m
t+ 758s  FastPay:   [1;36m0[0m [1m([0m [1;36m0.0[0m%[1m)[0m  SecurePay: [1;36m180[0m [1m([0m [1;36m0.6[0m%[1m)[0m  QuickPay:  [1;36m20[0m [1m([0m [1;36m5.0[0m%[1m)[0m  |  checkout failures [32m  [0m[1;32m1.0[0m[32m%[0m [1;31mOUTAGE INJECTED[0m [33mrouting: FastPay -> SecurePay[0m
t+ 759s  FastPay:   [1;36m0[0m [1m([0m [1;36m0.0[0m%[1m)[0m  SecurePay: [1;36m183[0m [1m([0m [1;36m0.0[0m%[1m)[0m  QuickPay:  [1;36m17[0m [1m([0m [1;36m0.0[0m%[1m)[0m  |  checkout failures [32m  [0m[1;32m0.0[0m[32m%[0m [1;31mOUTAGE INJECTED[0m [33mrouting: FastPay -> SecurePay[0m
t+ 760s  FastPay:   [1;36m0[0m [1m([0m [1;36m0.0[0m%[1m)[0m  SecurePay: [1;36m184[0m [1m([0m [1;36m1.1[0m%[1m)[0m  QuickPay:  [1;36m16[0m [1m([0m [1;36m0.0[0m%[1m)[0m  |  checkout failures [32m  [0m[1;32m1.0[0m[32m%[0m [1;31mOUTAGE INJECTED[0m [33mrouting: FastPay -> SecurePay[0m
t+ 761s  FastPay:   [1;36m0[0m [1m([0m [1;36m0.0[0m%[1m)[0m  SecurePay: [1;36m177[0m [1m([0m [1;36m0.6[0m%[1m)[0m  QuickPay:  [1;36m23[0m [1m([0m [1;36m0.0[0m%[1m)[0m  |  checkout failures [32m  [0m[1;32m0.5[0m[32m%[0m [1;31mOUTAGE INJECTED[0m [33mrouting: FastPay -> SecurePay[0m
t+ 762s  FastPay:   [1;36m0[0m [1m([0m [1;36m0.0[0m%[1m)[0m  SecurePay: [1;36m180[0m [1m([0m [1;36m0.0[0m%[1m)[0m  QuickPay:  [1;36m20[0m [1m([0m [1;36m0.0[0m%[1m)[0m  |  checkout failures [32m  [0m[1;32m0.0[0m[32m%[0m [1;31mOUTAGE INJECTED[0m [33mrouting: FastPay -> SecurePay[0m
t+ 763s  FastPay:   [1;36m0[0m [1m([0m [1;36m0.0[0m%[1m)[0m  SecurePay: [1;36m173[0m [1m([0m [1;36m0.6[0m%[1m)[0m  QuickPay:  [1;36m27[0m [1m([0m [1;36m0.0[0m%[1m)[0m  |  checkout failures [32m  [0m[1;32m0.5[0m[32m%[0m [1;31mOUTAGE INJECTED[0m [33mrouting: FastPay -> SecurePay[0m
t+ 764s  FastPay:   [1;36m0[0m [1m([0m [1;36m0.0[0m%[1m)[0m  SecurePay: [1;36m189[0m [1m([0m [1;36m0.5[0m%[1m)[0m  QuickPay:  [1;36m11[0m [1m([0m [1;36m0.0[0m%[1m)[0m  |  checkout failures [32m  [0m[1;32m0.5[0m[32m%[0m [1;31mOUTAGE INJECTED[0m [33mrouting: FastPay -> SecurePay[0m
t+ 765s  FastPay:   [1;36m0[0m [1m([0m [1;36m0.0[0m%[1m)[0m  SecurePay: [1;36m178[0m [1m([0m [1;36m0.0[0m%[1m)[0m  QuickPay:  [1;36m22[0m [1m([0m [1;36m0.0[0m%[1m)[0m  |  checkout failures [32m  [0m[1;32m0.0[0m[32m%[0m [1;31mOUTAGE INJECTED[0m [33mrouting: FastPay -> SecurePay[0m
t+ 766s  FastPay:   [1;36m0[0m [1m([0m [1;36m0.0[0m%[1m)[0m  SecurePay: [1;36m181[0m [1m([0m [1;36m1.7[0m%[1m)[0m  QuickPay:  [1;36m19[0m [1m([0m [1;36m0.0[0m%[1m)[0m  |  checkout failures [32m  [0m[1;32m1.5[0m[32m%[0m [1;31mOUTAGE INJECTED[0m [33mrouting: FastPay -> SecurePay[0m
t+ 767s  FastPay:   [1;36m0[0m [1m([0m [1;36m0.0[0m%[1m)[0m  SecurePay: [1;36m184[0m [1m([0m [1;36m0.5[0m%[1m)[0m  QuickPay:  [1;36m16[0m [1m([0m [1;36m0.0[0m%[1m)[0m  |  checkout failures [32m  [0m[1;32m0.5[0m[32m%[0m [1;31mOUTAGE INJECTED[0m [33mrouting: FastPay -> SecurePay[0m
t+ 768s  FastPay:   [1;36m0[0m [1m([0m [1;36m0.0[0m%[1m)[0m  SecurePay: [1;36m175[0m [1m([0m [1;36m0.6[0m%[1m)[0m  QuickPay:  [1;36m25[0m [1m([0m [1;36m0.0[0m%[1m)[0m  |  checkout failures [32m  [0m[1;32m0.5[0m[32m%[0m [1;31mOUTAGE INJECTED[0m [33mrouting: FastPay -> SecurePay[0m
t+ 769s  FastPay:   [1;36m0[0m [1m([0m [1;36m0.0[0m%[1m)[0m  SecurePay: [1;36m183[0m [1m([0m [1;36m2.2[0m%[1m)[0m  QuickPay:  [1;36m17[0m [1m([0m [1;36m0.0[0m%[1m)[0m  |  checkout failures [32m  [0m[1;32m2.0[0m[32m%[0m [1;31mOUTAGE INJECTED[0m [33mrouting: FastPay -> SecurePay[0m
t+ 770s  FastPay:   [1;36m0[0m [1m([0m [1;36m0.0[0m%[1m)[0m  SecurePay: [1;36m187[0m [1m([0m [1;36m0.5[0m%[1m)[0m  QuickPay:  [1;36m13[0m [1m([0m [1;36m0.0[0m%[1m)[0m  |  checkout failures [32m  [0m[1;32m0.5[0m[32m%[0m [1;31mOUTAGE INJECTED[0m [33mrouting: FastPay -> SecurePay[0m
t+ 771s  FastPay:   [1;36m0[0m [1m([0m [1;36m0.0[0m%[1m)[0m  SecurePay: [1;36m181[0m [1m([0m [1;36m1.1[0m%[1m)[0m  QuickPay:  [1;36m19[0m [1m([0m [1;36m0.0[0m%[1m)[0m  |  checkout failures [32m  [0m[1;32m1.0[0m[32m%[0m [1;31mOUTAGE INJECTED[0m [33mrouting: FastPay -> SecurePay[0m
t+ 772s  FastPay:   [1;36m0[0m [1m([0m [1;36m0.0[0m%[1m)[0m  SecurePay: [1;36m183[0m [1m([0m [1;36m2.2[0m%[1m)[0m  QuickPay:  [1;36m17[0m [1m([0m [1;36m0.0[0m%[1m)[0m  |  checkout failures [32m  [0m[1;32m2.0[0m[32m%[0m [1;31mOUTAGE INJECTED[0m [33mrouting: FastPay -> SecurePay[0m
t+ 773s  FastPay:   [1;36m0[0m [1m([0m [1;36m0.0[0m%[1m)[0m  SecurePay: [1;36m178[0m [1m([0m [1;36m0.6[0m%[1m)[0m  QuickPay:  [1;36m22[0m [1m([0m [1;36m0.0[0m%[1m)[0m  |  checkout failures [32m  [0m[1;32m0.5[0m[32m%[0m [1;31mOUTAGE INJECTED[0m [33mrouting: FastPay -> SecurePay[0m
t+ 774s  FastPay:   [1;36m0[0m [1m([0m [1;36m0.0[0m%[1m)[0m  SecurePay: [1;36m179[0m [1m([0m [1;36m0.6[0m%[1m)[0m  QuickPay:  [1;36m21[0m [1m([0m [1;36m4.8[0m%[1m)[0m  |  checkout failures [32m  [0m[1;32m1.0[0m[32m%[0m [1;31mOUTAGE INJECTED[0m [33mrouting: FastPay -> SecurePay[0m
t+ 775s  FastPay:   [1;36m0[0m [1m([0m [1;36m0.0[0m%[1m)[0m  SecurePay: [1;36m179[0m [1m([0m [1;36m0.6[0m%[1m)[0m  QuickPay:  [1;36m21[0m [1m([0m [1;36m0.0[0m%[1m)[0m  |  checkout failures [32m  [0m[1;32m0.5[0m[32m%[0m [1;31mOUTAGE INJECTED[0m [33mrouting: FastPay -> SecurePay[0m
t+ 776s  FastPay:   [1;36m0[0m [1m([0m [1;36m0.0[0m%[1m)[0m  SecurePay: [1;36m178[0m [1m([0m [1;36m0.0[0m%[1m)[0m  QuickPay:  [1;36m22[0m [1m([0m [1;36m0.0[0m%[1m)[0m  |  checkout failures [32m  [0m[1;32m0.0[0m[32m%[0m [1;31mOUTAGE INJECTED[0m [33mrouting: FastPay -> SecurePay[0m
t+ 777s  FastPay:   [1;36m0[0m [1m([0m [1;36m0.0[0m%[1m)[0m  SecurePay: [1;36m175[0m [1m([0m [1;36m0.6[0m%[1m)[0m  QuickPay:  [1;36m25[0m [1m([0m [1;36m0.0[0m%[1m)[0m  |  checkout failures [32m  [0m[1;32m0.5[0m[32m%[0m [1;31mOUTAGE INJECTED[0m [33mrouting: FastPay -> SecurePay[0m
t+ 778s  FastPay:   [1;36m0[0m [1m([0m [1;36m0.0[0m%[1m)[0m  SecurePay: [1;36m181[0m [1m([0m [1;36m0.0[0m%[1m)[0m  QuickPay:  [1;36m19[0m [1m([0m [1;36m0.0[0m%[1m)[0m  |  checkout failures [32m  [0m[1;32m0.0[0m[32m%[0m [1;31mOUTAGE INJECTED[0m [33mrouting: FastPay -> SecurePay[0m
t+ 779s  FastPay:   [1;36m0[0m [1m([0m [1;36m0.0[0m%[1m)[0m  SecurePay: [1;36m186[0m [1m([0m [1;36m0.5[0m%[1m)[0m  QuickPay:  [1;36m14[0m [1m([0m [1;36m0.0[0m%[1m)[0m  |  checkout failures [32m  [0m[1;32m0.5[0m[32m%[0m [1;31mOUTAGE INJECTED[0m [33mrouting: FastPay -> SecurePay[0m
t+ 780s  FastPay:   [1;36m0[0m [1m([0m [1;36m0.0[0m%[1m)[0m  SecurePay: [1;36m178[0m [1m([0m [1;36m0.0[0m%[1m)[0m  QuickPay:  [1;36m22[0m [1m([0m [1;36m4.5[0m%[1m)[0m  |  checkout failures [32m  [0m[1;32m0.5[0m[32m%[0m [1;31mOUTAGE INJECTED[0m [33mrouting: FastPay -> SecurePay[0m
t+ 781s  FastPay:   [1;36m0[0m [1m([0m [1;36m0.0[0m%[1m)[0m  SecurePay: [1;36m179[0m [1m([0m [1;36m0.0[0m%[1m)[0m  QuickPay:  [1;36m21[0m [1m([0m [1;36m0.0[0m%[1m)[0m  |  checkout failures [32m  [0m[1;32m0.0[0m[32m%[0m [1;31mOUTAGE INJECTED[0m [33mrouting: FastPay -> SecurePay[0m
t+ 782s  FastPay:   [1;36m0[0m [1m([0m [1;36m0.0[0m%[1m)[0m  SecurePay: [1;36m185[0m [1m([0m [1;36m1.1[0m%[1m)[0m  QuickPay:  [1;36m15[0m [1m([0m [1;36m0.0[0m%[1m)[0m  |  checkout failures [32m  [0m[1;32m1.0[0m[32m%[0m [1;31mOUTAGE INJECTED[0m [33mrouting: FastPay -> SecurePay[0m
t+ 783s  FastPay:   [1;36m0[0m [1m([0m [1;36m0.0[0m%[1m)[0m  SecurePay: [1;36m178[0m [1m([0m [1;36m1.1[0m%[1m)[0m  QuickPay:  [1;36m22[0m [1m([0m [1;36m9.1[0m%[1m)[0m  |  checkout failures [32m  [0m[1;32m2.0[0m[32m%[0m [1;31mOUTAGE INJECTED[0m [33mrouting: FastPay -> SecurePay[0m
t+ 784s  FastPay:   [1;36m0[0m [1m([0m [1;36m0.0[0m%[1m)[0m  SecurePay: [1;36m184[0m [1m([0m [1;36m2.2[0m%[1m)[0m  QuickPay:  [1;36m16[0m [1m([0m [1;36m6.2[0m%[1m)[0m  |  checkout failures [32m  [0m[1;32m2.5[0m[32m%[0m [1;31mOUTAGE INJECTED[0m [33mrouting: FastPay -> SecurePay[0m
t+ 785s  FastPay:   [1;36m0[0m [1m([0m [1;36m0.0[0m%[1m)[0m  SecurePay: [1;36m183[0m [1m([0m [1;36m0.5[0m%[1m)[0m  QuickPay:  [1;36m17[0m [1m([0m [1;36m0.0[0m%[1m)[0m  |  checkout failures [32m  [0m[1;32m0.5[0m[32m%[0m [1;31mOUTAGE INJECTED[0m [33mrouting: FastPay -> SecurePay[0m
t+ 786s  FastPay:   [1;36m0[0m [1m([0m [1;36m0.0[0m%[1m)[0m  SecurePay: [1;36m183[0m [1m([0m [1;36m0.5[0m%[1m)[0m  QuickPay:  [1;36m17[0m [1m([0m [1;36m0.0[0m%[1m)[0m  |  checkout failures [32m  [0m[1;32m0.5[0m[32m%[0m [1;31mOUTAGE INJECTED[0m [33mrouting: FastPay -> SecurePay[0m
t+ 787s  FastPay:   [1;36m0[0m [1m([0m [1;36m0.0[0m%[1m)[0m  SecurePay: [1;36m178[0m [1m([0m [1;36m0.6[0m%[1m)[0m  QuickPay:  [1;36m22[0m [1m([0m [1;36m0.0[0m%[1m)[0m  |  checkout failures [32m  [0m[1;32m0.5[0m[32m%[0m [1;31mOUTAGE INJECTED[0m [33mrouting: FastPay -> SecurePay[0m
t+ 788s  FastPay:   [1;36m0[0m [1m([0m [1;36m0.0[0m%[1m)[0m  SecurePay: [1;36m183[0m [1m([0m [1;36m1.1[0m%[1m)[0m  QuickPay:  [1;36m17[0m [1m([0m [1;36m0.0[0m%[1m)[0m  |  checkout failures [32m  [0m[1;32m1.0[0m[32m%[0m [1;31mOUTAGE INJECTED[0m [33mrouting: FastPay -> SecurePay[0m
t+ 789s  FastPay:   [1;36m0[0m [1m([0m [1;36m0.0[0m%[1m)[0m  SecurePay: [1;36m185[0m [1m([0m [1;36m0.0[0m%[1m)[0m  QuickPay:  [1;36m15[0m [1m([0m [1;36m0.0[0m%[1m)[0m  |  checkout failures [32m  [0m[1;32m0.0[0m[32m%[0m [1;31mOUTAGE INJECTED[0m [33mrouting: FastPay -> SecurePay[0m
t+ 790s  FastPay:   [1;36m0[0m [1m([0m [1;36m0.0[0m%[1m)[0m  SecurePay: [1;36m178[0m [1m([0m [1;36m0.6[0m%[1m)[0m  QuickPay:  [1;36m22[0m [1m([0m [1;36m0.0[0m%[1m)[0m  |  checkout failures [32m  [0m[1;32m0.5[0m[32m%[0m [1;31mOUTAGE INJECTED[0m [33mrouting: FastPay -> SecurePay[0m
t+ 791s  FastPay:   [1;36m0[0m [1m([0m [1;36m0.0[0m%[1m)[0m  SecurePay: [1;36m184[0m [1m([0m [1;36m0.5[0m%[1m)[0m  QuickPay:  [1;36m16[0m [1m([0m [1;36m6.2[0m%[1m)[0m  |  checkout failures [32m  [0m[1;32m1.0[0m[32m%[0m [1;31mOUTAGE INJECTED[0m [33mrouting: FastPay -> SecurePay[0m
t+ 792s  FastPay:   [1;36m0[0m [1m([0m [1;36m0.0[0m%[1m)[0m  SecurePay: [1;36m178[0m [1m([0m [1;36m0.0[0m%[1m)[0m  QuickPay:  [1;36m22[0m [1m([0m [1;36m0.0[0m%[1m)[0m  |  checkout failures [32m  [0m[1;32m0.0[0m[32m%[0m [1;31mOUTAGE INJECTED[0m [33mrouting: FastPay -> SecurePay[0m
t+ 793s  FastPay:   [1;36m0[0m [1m([0m [1;36m0.0[0m%[1m)[0m  SecurePay: [1;36m180[0m [1m([0m [1;36m1.1[0m%[1m)[0m  QuickPay:  [1;36m20[0m [1m([0m [1;36m0.0[0m%[1m)[0m  |  checkout failures [32m  [0m[1;32m1.0[0m[32m%[0m [1;31mOUTAGE INJECTED[0m [33mrouting: FastPay -> SecurePay[0m
t+ 794s  FastPay:   [1;36m0[0m [1m([0m [1;36m0.0[0m%[1m)[0m  SecurePay: [1;36m187[0m [1m([0m [1;36m0.0[0m%[1m)[0m  QuickPay:  [1;36m13[0m [1m([0m [1;36m0.0[0m%[1m)[0m  |  checkout failures [32m  [0m[1;32m0.0[0m[32m%[0m [1;31mOUTAGE INJECTED[0m [33mrouting: FastPay -> SecurePay[0m
t+ 795s  FastPay:   [1;36m0[0m [1m([0m [1;36m0.0[0m%[1m)[0m  SecurePay: [1;36m180[0m [1m([0m [1;36m1.1[0m%[1m)[0m  QuickPay:  [1;36m20[0m [1m([0m [1;36m0.0[0m%[1m)[0m  |  checkout failures [32m  [0m[1;32m1.0[0m[32m%[0m [1;31mOUTAGE INJECTED[0m [33mrouting: FastPay -> SecurePay[0m
t+ 796s  FastPay:   [1;36m0[0m [1m([0m [1;36m0.0[0m%[1m)[0m  SecurePay: [1;36m168[0m [1m([0m [1;36m0.0[0m%[1m)[0m  QuickPay:  [1;36m32[0m [1m([0m [1;36m0.0[0m%[1m)[0m  |  checkout failures [32m  [0m[1;32m0.0[0m[32m%[0m [1;31mOUTAGE INJECTED[0m [33mrouting: FastPay -> SecurePay[0m
t+ 797s  FastPay:   [1;36m0[0m [1m([0m [1;36m0.0[0m%[1m)[0m  SecurePay: [1;36m185[0m [1m([0m [1;36m1.1[0m%[1m)[0m  QuickPay:  [1;36m15[0m [1m([0m [1;36m0.0[0m%[1m)[0m  |  checkout failures [32m  [0m[1;32m1.0[0m[32m%[0m [1;31mOUTAGE INJECTED[0m [33mrouting: FastPay -> SecurePay[0m
t+ 798s  FastPay:   [1;36m0[0m [1m([0m [1;36m0.0[0m%[1m)[0m  SecurePay: [1;36m172[0m [1m([0m [1;36m1.2[0m%[1m)[0m  QuickPay:  [1;36m28[0m [1m([0m [1;36m0.0[0m%[1m)[0m  |  checkout failures [32m  [0m[1;32m1.0[0m[32m%[0m [1;31mOUTAGE INJECTED[0m [33mrouting: FastPay -> SecurePay[0m
t+ 799s  FastPay:   [1;36m0[0m [1m([0m [1;36m0.0[0m%[1m)[0m  SecurePay: [1;36m173[0m [1m([0m [1;36m1.2[0m%[1m)[0m  QuickPay:  [1;36m27[0m [1m([0m [1;36m0.0[0m%[1m)[0m  |  checkout failures [32m  [0m[1;32m1.0[0m[32m%[0m [1;31mOUTAGE INJECTED[0m [33mrouting: FastPay -> SecurePay[0m
t+ 800s  FastPay:   [1;36m0[0m [1m([0m [1;36m0.0[0m%[1m)[0m  SecurePay: [1;36m177[0m [1m([0m [1;36m1.1[0m%[1m)[0m  QuickPay:  [1;36m23[0m [1m([0m [1;36m0.0[0m%[1m)[0m  |  checkout failures [32m  [0m[1;32m1.0[0m[32m%[0m [1;31mOUTAGE INJECTED[0m [33mrouting: FastPay -> SecurePay[0m
t+ 801s  FastPay:   [1;36m0[0m [1m([0m [1;36m0.0[0m%[1m)[0m  SecurePay: [1;36m179[0m [1m([0m [1;36m1.1[0m%[1m)[0m  QuickPay:  [1;36m21[0m [1m([0m [1;36m0.0[0m%[1m)[0m  |  checkout failures [32m  [0m[1;32m1.0[0m[32m%[0m [1;31mOUTAGE INJECTED[0m [33mrouting: FastPay -> SecurePay[0m
t+ 802s  FastPay:   [1;36m0[0m [1m([0m [1;36m0.0[0m%[1m)[0m  SecurePay: [1;36m188[0m [1m([0m [1;36m0.5[0m%[1m)[0m  QuickPay:  [1;36m12[0m [1m([0m [1;36m0.0[0m%[1m)[0m  |  checkout failures [32m  [0m[1;32m0.5[0m[32m%[0m [1;31mOUTAGE INJECTED[0m [33mrouting: FastPay -> SecurePay[0m
t+ 803s  FastPay:   [1;36m0[0m [1m([0m [1;36m0.0[0m%[1m)[0m  SecurePay: [1;36m184[0m [1m([0m [1;36m0.0[0m%[1m)[0m  QuickPay:  [1;36m16[0m [1m([0m [1;36m0.0[0m%[1m)[0m  |  checkout failures [32m  [0m[1;32m0.0[0m[32m%[0m [1;31mOUTAGE INJECTED[0m [33mrouting: FastPay -> SecurePay[0m
t+ 804s  FastPay:   [1;36m0[0m [1m([0m [1;36m0.0[0m%[1m)[0m  SecurePay: [1;36m180[0m [1m([0m [1;36m1.1[0m%[1m)[0m  QuickPay:  [1;36m20[0m [1m([0m [1;36m0.0[0m%[1m)[0m  |  checkout failures [32m  [0m[1;32m1.0[0m[32m%[0m [1;31mOUTAGE INJECTED[0m [33mrouting: FastPay -> SecurePay[0m
t+ 805s  FastPay:   [1;36m0[0m [1m([0m [1;36m0.0[0m%[1m)[0m  SecurePay: [1;36m184[0m [1m([0m [1;36m0.0[0m%[1m)[0m  QuickPay:  [1;36m16[0m [1m([0m [1;36m0.0[0m%[1m)[0m  |  checkout failures [32m  [0m[1;32m0.0[0m[32m%[0m [1;31mOUTAGE INJECTED[0m [33mrouting: FastPay -> SecurePay[0m
t+ 806s  FastPay:   [1;36m0[0m [1m([0m [1;36m0.0[0m%[1m)[0m  SecurePay: [1;36m184[0m [1m([0m [1;36m0.0[0m%[1m)[0m  QuickPay:  [1;36m16[0m [1m([0m [1;36m0.0[0m%[1m)[0m  |  checkout failures [32m  [0m[1;32m0.0[0m[32m%[0m [1;31mOUTAGE INJECTED[0m [33mrouting: FastPay -> SecurePay[0m
t+ 807s  FastPay:   [1;36m0[0m [1m([0m [1;36m0.0[0m%[1m)[0m  SecurePay: [1;36m182[0m [1m([0m [1;36m0.0[0m%[1m)[0m  QuickPay:  [1;36m18[0m [1m([0m [1;36m0.0[0m%[1m)[0m  |  checkout failures [32m  [0m[1;32m0.0[0m[32m%[0m [1;31mOUTAGE INJECTED[0m [33mrouting: FastPay -> SecurePay[0m
t+ 808s  FastPay:   [1;36m0[0m [1m([0m [1;36m0.0[0m%[1m)[0m  SecurePay: [1;36m185[0m [1m([0m [1;36m0.0[0m%[1m)[0m  QuickPay:  [1;36m15[0m [1m([0m [1;36m0.0[0m%[1m)[0m  |  checkout failures [32m  [0m[1;32m0.0[0m[32m%[0m [1;31mOUTAGE INJECTED[0m [33mrouting: FastPay -> SecurePay[0m
t+ 809s  FastPay:   [1;36m0[0m [1m([0m [1;36m0.0[0m%[1m)[0m  SecurePay: [1;36m178[0m [1m([0m [1;36m0.6[0m%[1m)[0m  QuickPay:  [1;36m22[0m [1m([0m[1;36m13.6[0m%[1m)[0m  |  checkout failures [32m  [0m[1;32m2.0[0m[32m%[0m [1;31mOUTAGE INJECTED[0m [33mrouting: FastPay -> SecurePay[0m
t+ 810s  FastPay:   [1;36m0[0m [1m([0m [1;36m0.0[0m%[1m)[0m  SecurePay: [1;36m171[0m [1m([0m [1;36m1.2[0m%[1m)[0m  QuickPay:  [1;36m29[0m [1m([0m [1;36m3.4[0m%[1m)[0m  |  checkout failures [32m  [0m[1;32m1.5[0m[32m%[0m [1;31mOUTAGE INJECTED[0m [33mrouting: FastPay -> SecurePay[0m
t+ 812s  FastPay:   [1;36m0[0m [1m([0m [1;36m0.0[0m%[1m)[0m  SecurePay: [1;36m176[0m [1m([0m [1;36m0.0[0m%[1m)[0m  QuickPay:  [1;36m24[0m [1m([0m [1;36m0.0[0m%[1m)[0m  |  checkout failures [32m  [0m[1;32m0.0[0m[32m%[0m [1;31mOUTAGE INJECTED[0m [33mrouting: FastPay -> SecurePay[0m
t+ 813s  FastPay:   [1;36m0[0m [1m([0m [1;36m0.0[0m%[1m)[0m  SecurePay: [1;36m182[0m [1m([0m [1;36m0.0[0m%[1m)[0m  QuickPay:  [1;36m18[0m [1m([0m [1;36m5.6[0m%[1m)[0m  |  checkout failures [32m  [0m[1;32m0.5[0m[32m%[0m [1;31mOUTAGE INJECTED[0m [33mrouting: FastPay -> SecurePay[0m
t+ 814s  FastPay:   [1;36m0[0m [1m([0m [1;36m0.0[0m%[1m)[0m  SecurePay: [1;36m182[0m [1m([0m [1;36m0.5[0m%[1m)[0m  QuickPay:  [1;36m18[0m [1m([0m [1;36m0.0[0m%[1m)[0m  |  checkout failures [32m  [0m[1;32m0.5[0m[32m%[0m [1;31mOUTAGE INJECTED[0m [33mrouting: FastPay -> SecurePay[0m
t+ 815s  FastPay:   [1;36m0[0m [1m([0m [1;36m0.0[0m%[1m)[0m  SecurePay: [1;36m180[0m [1m([0m [1;36m0.6[0m%[1m)[0m  QuickPay:  [1;36m20[0m [1m([0m [1;36m0.0[0m%[1m)[0m  |  checkout failures [32m  [0m[1;32m0.5[0m[32m%[0m [1;31mOUTAGE INJECTED[0m [33mrouting: FastPay -> SecurePay[0m
t+ 816s  FastPay:   [1;36m0[0m [1m([0m [1;36m0.0[0m%[1m)[0m  SecurePay: [1;36m177[0m [1m([0m [1;36m0.6[0m%[1m)[0m  QuickPay:  [1;36m23[0m [1m([0m [1;36m0.0[0m%[1m)[0m  |  checkout failures [32m  [0m[1;32m0.5[0m[32m%[0m [1;31mOUTAGE INJECTED[0m [33mrouting: FastPay -> SecurePay[0m
t+ 817s  FastPay:   [1;36m0[0m [1m([0m [1;36m0.0[0m%[1m)[0m  SecurePay: [1;36m175[0m [1m([0m [1;36m0.6[0m%[1m)[0m  QuickPay:  [1;36m25[0m [1m([0m [1;36m0.0[0m%[1m)[0m  |  checkout failures [32m  [0m[1;32m0.5[0m[32m%[0m [1;31mOUTAGE INJECTED[0m [33mrouting: FastPay -> SecurePay[0m
t+ 818s  FastPay:   [1;36m0[0m [1m([0m [1;36m0.0[0m%[1m)[0m  SecurePay: [1;36m180[0m [1m([0m [1;36m0.6[0m%[1m)[0m  QuickPay:  [1;36m20[0m [1m([0m [1;36m0.0[0m%[1m)[0m  |  checkout failures [32m  [0m[1;32m0.5[0m[32m%[0m [1;31mOUTAGE INJECTED[0m [33mrouting: FastPay -> SecurePay[0m
t+ 819s  FastPay:   [1;36m0[0m [1m([0m [1;36m0.0[0m%[1m)[0m  SecurePay: [1;36m174[0m [1m([0m [1;36m1.1[0m%[1m)[0m  QuickPay:  [1;36m26[0m [1m([0m [1;36m0.0[0m%[1m)[0m  |  checkout failures [32m  [0m[1;32m1.0[0m[32m%[0m [1;31mOUTAGE INJECTED[0m [33mrouting: FastPay -> SecurePay[0m
t+ 820s  FastPay:   [1;36m0[0m [1m([0m [1;36m0.0[0m%[1m)[0m  SecurePay: [1;36m182[0m [1m([0m [1;36m0.5[0m%[1m)[0m  QuickPay:  [1;36m18[0m [1m([0m [1;36m0.0[0m%[1m)[0m  |  checkout failures [32m  [0m[1;32m0.5[0m[32m%[0m [1;31mOUTAGE INJECTED[0m [33mrouting: FastPay -> SecurePay[0m
t+ 821s  FastPay:   [1;36m0[0m [1m([0m [1;36m0.0[0m%[1m)[0m  SecurePay: [1;36m184[0m [1m([0m [1;36m0.5[0m%[1m)[0m  QuickPay:  [1;36m16[0m [1m([0m [1;36m0.0[0m%[1m)[0m  |  checkout failures [32m  [0m[1;32m0.5[0m[32m%[0m [1;31mOUTAGE INJECTED[0m [33mrouting: FastPay -> SecurePay[0m
t+ 822s  FastPay:   [1;36m0[0m [1m([0m [1;36m0.0[0m%[1m)[0m  SecurePay: [1;36m181[0m [1m([0m [1;36m0.6[0m%[1m)[0m  QuickPay:  [1;36m19[0m [1m([0m [1;36m0.0[0m%[1m)[0m  |  checkout failures [32m  [0m[1;32m0.5[0m[32m%[0m [1;31mOUTAGE INJECTED[0m [33mrouting: FastPay -> SecurePay[0m
t+ 823s  FastPay:   [1;36m0[0m [1m([0m [1;36m0.0[0m%[1m)[0m  SecurePay: [1;36m181[0m [1m([0m [1;36m1.1[0m%[1m)[0m  QuickPay:  [1;36m19[0m [1m([0m [1;36m0.0[0m%[1m)[0m  |  checkout failures [32m  [0m[1;32m1.0[0m[32m%[0m [1;31mOUTAGE INJECTED[0m [33mrouting: FastPay -> SecurePay[0m
t+ 824s  FastPay:   [1;36m0[0m [1m([0m [1;36m0.0[0m%[1m)[0m  SecurePay: [1;36m184[0m [1m([0m [1;36m0.0[0m%[1m)[0m  QuickPay:  [1;36m16[0m [1m([0m [1;36m0.0[0m%[1m)[0m  |  checkout failures [32m  [0m[1;32m0.0[0m[32m%[0m [1;31mOUTAGE INJECTED[0m [33mrouting: FastPay -> SecurePay[0m
t+ 825s  FastPay:   [1;36m0[0m [1m([0m [1;36m0.0[0m%[1m)[0m  SecurePay: [1;36m185[0m [1m([0m [1;36m1.1[0m%[1m)[0m  QuickPay:  [1;36m15[0m [1m([0m [1;36m0.0[0m%[1m)[0m  |  checkout failures [32m  [0m[1;32m1.0[0m[32m%[0m [1;31mOUTAGE INJECTED[0m [33mrouting: FastPay -> SecurePay[0m
t+ 826s  FastPay:   [1;36m0[0m [1m([0m [1;36m0.0[0m%[1m)[0m  SecurePay: [1;36m181[0m [1m([0m [1;36m1.1[0m%[1m)[0m  QuickPay:  [1;36m19[0m [1m([0m [1;36m0.0[0m%[1m)[0m  |  checkout failures [32m  [0m[1;32m1.0[0m[32m%[0m [1;31mOUTAGE INJECTED[0m [33mrouting: FastPay -> SecurePay[0m
t+ 827s  FastPay:   [1;36m0[0m [1m([0m [1;36m0.0[0m%[1m)[0m  SecurePay: [1;36m183[0m [1m([0m [1;36m0.5[0m%[1m)[0m  QuickPay:  [1;36m17[0m [1m([0m [1;36m0.0[0m%[1m)[0m  |  checkout failures [32m  [0m[1;32m0.5[0m[32m%[0m [1;31mOUTAGE INJECTED[0m [33mrouting: FastPay -> SecurePay[0m
t+ 828s  FastPay:   [1;36m0[0m [1m([0m [1;36m0.0[0m%[1m)[0m  SecurePay: [1;36m180[0m [1m([0m [1;36m0.6[0m%[1m)[0m  QuickPay:  [1;36m20[0m [1m([0m [1;36m0.0[0m%[1m)[0m  |  checkout failures [32m  [0m[1;32m0.5[0m[32m%[0m [1;31mOUTAGE INJECTED[0m [33mrouting: FastPay -> SecurePay[0m
t+ 829s  FastPay:   [1;36m0[0m [1m([0m [1;36m0.0[0m%[1m)[0m  SecurePay: [1;36m184[0m [1m([0m [1;36m0.5[0m%[1m)[0m  QuickPay:  [1;36m16[0m [1m([0m [1;36m0.0[0m%[1m)[0m  |  checkout failures [32m  [0m[1;32m0.5[0m[32m%[0m [1;31mOUTAGE INJECTED[0m [33mrouting: FastPay -> SecurePay[0m
t+ 830s  FastPay:   [1;36m0[0m [1m([0m [1;36m0.0[0m%[1m)[0m  SecurePay: [1;36m178[0m [1m([0m [1;36m0.6[0m%[1m)[0m  QuickPay:  [1;36m22[0m [1m([0m [1;36m0.0[0m%[1m)[0m  |  checkout failures [32m  [0m[1;32m0.5[0m[32m%[0m [1;31mOUTAGE INJECTED[0m [33mrouting: FastPay -> SecurePay[0m
t+ 831s  FastPay:   [1;36m0[0m [1m([0m [1;36m0.0[0m%[1m)[0m  SecurePay: [1;36m177[0m [1m([0m [1;36m0.6[0m%[1m)[0m  QuickPay:  [1;36m23[0m [1m([0m [1;36m4.3[0m%[1m)[0m  |  checkout failures [32m  [0m[1;32m1.0[0m[32m%[0m [1;31mOUTAGE INJECTED[0m [33mrouting: FastPay -> SecurePay[0m
t+ 832s  FastPay:   [1;36m0[0m [1m([0m [1;36m0.0[0m%[1m)[0m  SecurePay: [1;36m182[0m [1m([0m [1;36m0.5[0m%[1m)[0m  QuickPay:  [1;36m18[0m [1m([0m [1;36m0.0[0m%[1m)[0m  |  checkout failures [32m  [0m[1;32m0.5[0m[32m%[0m [1;31mOUTAGE INJECTED[0m [33mrouting: FastPay -> SecurePay[0m
t+ 833s  FastPay:   [1;36m0[0m [1m([0m [1;36m0.0[0m%[1m)[0m  SecurePay: [1;36m179[0m [1m([0m [1;36m0.0[0m%[1m)[0m  QuickPay:  [1;36m21[0m [1m([0m [1;36m0.0[0m%[1m)[0m  |  checkout failures [32m  [0m[1;32m0.0[0m[32m%[0m [1;31mOUTAGE INJECTED[0m [33mrouting: FastPay -> SecurePay[0m
t+ 834s  FastPay:   [1;36m0[0m [1m([0m [1;36m0.0[0m%[1m)[0m  SecurePay: [1;36m173[0m [1m([0m [1;36m1.2[0m%[1m)[0m  QuickPay:  [1;36m27[0m [1m([0m [1;36m0.0[0m%[1m)[0m  |  checkout failures [32m  [0m[1;32m1.0[0m[32m%[0m [1;31mOUTAGE INJECTED[0m [33mrouting: FastPay -> SecurePay[0m
t+ 835s  FastPay:   [1;36m0[0m [1m([0m [1;36m0.0[0m%[1m)[0m  SecurePay: [1;36m176[0m [1m([0m [1;36m0.6[0m%[1m)[0m  QuickPay:  [1;36m24[0m [1m([0m [1;36m0.0[0m%[1m)[0m  |  checkout failures [32m  [0m[1;32m0.5[0m[32m%[0m [1;31mOUTAGE INJECTED[0m [33mrouting: FastPay -> SecurePay[0m
t+ 836s  FastPay:   [1;36m0[0m [1m([0m [1;36m0.0[0m%[1m)[0m  SecurePay: [1;36m179[0m [1m([0m [1;36m0.0[0m%[1m)[0m  QuickPay:  [1;36m21[0m [1m([0m [1;36m0.0[0m%[1m)[0m  |  checkout failures [32m  [0m[1;32m0.0[0m[32m%[0m [1;31mOUTAGE INJECTED[0m [33mrouting: FastPay -> SecurePay[0m
t+ 837s  FastPay:   [1;36m0[0m [1m([0m [1;36m0.0[0m%[1m)[0m  SecurePay: [1;36m176[0m [1m([0m [1;36m1.1[0m%[1m)[0m  QuickPay:  [1;36m24[0m [1m([0m [1;36m4.2[0m%[1m)[0m  |  checkout failures [32m  [0m[1;32m1.5[0m[32m%[0m [1;31mOUTAGE INJECTED[0m [33mrouting: FastPay -> SecurePay[0m
t+ 838s  FastPay:   [1;36m0[0m [1m([0m [1;36m0.0[0m%[1m)[0m  SecurePay: [1;36m189[0m [1m([0m [1;36m0.0[0m%[1m)[0m  QuickPay:  [1;36m11[0m [1m([0m [1;36m0.0[0m%[1m)[0m  |  checkout failures [32m  [0m[1;32m0.0[0m[32m%[0m [1;31mOUTAGE INJECTED[0m [33mrouting: FastPay -> SecurePay[0m
t+ 839s  FastPay:   [1;36m0[0m [1m([0m [1;36m0.0[0m%[1m)[0m  SecurePay: [1;36m174[0m [1m([0m [1;36m0.0[0m%[1m)[0m  QuickPay:  [1;36m26[0m [1m([0m [1;36m0.0[0m%[1m)[0m  |  checkout failures [32m  [0m[1;32m0.0[0m[32m%[0m [1;31mOUTAGE INJECTED[0m [33mrouting: FastPay -> SecurePay[0m
t+ 840s  FastPay:   [1;36m0[0m [1m([0m [1;36m0.0[0m%[1m)[0m  SecurePay: [1;36m177[0m [1m([0m [1;36m0.0[0m%[1m)[0m  QuickPay:  [1;36m23[0m [1m([0m [1;36m4.3[0m%[1m)[0m  |  checkout failures [32m  [0m[1;32m0.5[0m[32m%[0m [1;31mOUTAGE INJECTED[0m [33mrouting: FastPay -> SecurePay[0m
t+ 841s  FastPay:   [1;36m0[0m [1m([0m [1;36m0.0[0m%[1m)[0m  SecurePay: [1;36m185[0m [1m([0m [1;36m0.5[0m%[1m)[0m  QuickPay:  [1;36m15[0m [1m([0m [1;36m6.7[0m%[1m)[0m  |  checkout failures [32m  [0m[1;32m1.0[0m[32m%[0m [1;31mOUTAGE INJECTED[0m [33mrouting: FastPay -> SecurePay[0m
t+ 842s  FastPay:   [1;36m0[0m [1m([0m [1;36m0.0[0m%[1m)[0m  SecurePay: [1;36m184[0m [1m([0m [1;36m0.0[0m%[1m)[0m  QuickPay:  [1;36m16[0m [1m([0m [1;36m0.0[0m%[1m)[0m  |  checkout failures [32m  [0m[1;32m0.0[0m[32m%[0m [1;31mOUTAGE INJECTED[0m [33mrouting: FastPay -> SecurePay[0m
t+ 843s  FastPay:   [1;36m0[0m [1m([0m [1;36m0.0[0m%[1m)[0m  SecurePay: [1;36m179[0m [1m([0m [1;36m1.1[0m%[1m)[0m  QuickPay:  [1;36m21[0m [1m([0m [1;36m0.0[0m%[1m)[0m  |  checkout failures [32m  [0m[1;32m1.0[0m[32m%[0m [1;31mOUTAGE INJECTED[0m [33mrouting: FastPay -> SecurePay[0m
t+ 844s  FastPay:   [1;36m0[0m [1m([0m [1;36m0.0[0m%[1m)[0m  SecurePay: [1;36m186[0m [1m([0m [1;36m1.1[0m%[1m)[0m  QuickPay:  [1;36m14[0m [1m([0m [1;36m0.0[0m%[1m)[0m  |  checkout failures [32m  [0m[1;32m1.0[0m[32m%[0m [1;31mOUTAGE INJECTED[0m [33mrouting: FastPay -> SecurePay[0m
t+ 845s  FastPay:   [1;36m0[0m [1m([0m [1;36m0.0[0m%[1m)[0m  SecurePay: [1;36m177[0m [1m([0m [1;36m0.6[0m%[1m)[0m  QuickPay:  [1;36m23[0m [1m([0m [1;36m0.0[0m%[1m)[0m  |  checkout failures [32m  [0m[1;32m0.5[0m[32m%[0m [1;31mOUTAGE INJECTED[0m [33mrouting: FastPay -> SecurePay[0m
t+ 846s  FastPay:   [1;36m0[0m [1m([0m [1;36m0.0[0m%[1m)[0m  SecurePay: [1;36m175[0m [1m([0m [1;36m0.0[0m%[1m)[0m  QuickPay:  [1;36m25[0m [1m([0m [1;36m4.0[0m%[1m)[0m  |  checkout failures [32m  [0m[1;32m0.5[0m[32m%[0m [1;31mOUTAGE INJECTED[0m [33mrouting: FastPay -> SecurePay[0m
t+ 847s  FastPay:   [1;36m0[0m [1m([0m [1;36m0.0[0m%[1m)[0m  SecurePay: [1;36m175[0m [1m([0m [1;36m0.6[0m%[1m)[0m  QuickPay:  [1;36m25[0m [1m([0m [1;36m0.0[0m%[1m)[0m  |  checkout failures [32m  [0m[1;32m0.5[0m[32m%[0m [1;31mOUTAGE INJECTED[0m [33mrouting: FastPay -> SecurePay[0m
t+ 848s  FastPay:   [1;36m0[0m [1m([0m [1;36m0.0[0m%[1m)[0m  SecurePay: [1;36m188[0m [1m([0m [1;36m0.0[0m%[1m)[0m  QuickPay:  [1;36m12[0m [1m([0m [1;36m0.0[0m%[1m)[0m  |  checkout failures [32m  [0m[1;32m0.0[0m[32m%[0m [1;31mOUTAGE INJECTED[0m [33mrouting: FastPay -> SecurePay[0m
t+ 849s  FastPay:   [1;36m0[0m [1m([0m [1;36m0.0[0m%[1m)[0m  SecurePay: [1;36m178[0m [1m([0m [1;36m0.6[0m%[1m)[0m  QuickPay:  [1;36m22[0m [1m([0m [1;36m0.0[0m%[1m)[0m  |  checkout failures [32m  [0m[1;32m0.5[0m[32m%[0m [1;31mOUTAGE INJECTED[0m [33mrouting: FastPay -> SecurePay[0m
t+ 850s  FastPay:   [1;36m0[0m [1m([0m [1;36m0.0[0m%[1m)[0m  SecurePay: [1;36m182[0m [1m([0m [1;36m1.1[0m%[1m)[0m  QuickPay:  [1;36m18[0m [1m([0m [1;36m0.0[0m%[1m)[0m  |  checkout failures [32m  [0m[1;32m1.0[0m[32m%[0m [1;31mOUTAGE INJECTED[0m [33mrouting: FastPay -> SecurePay[0m
t+ 851s  FastPay:   [1;36m0[0m [1m([0m [1;36m0.0[0m%[1m)[0m  SecurePay: [1;36m175[0m [1m([0m [1;36m1.1[0m%[1m)[0m  QuickPay:  [1;36m25[0m [1m([0m [1;36m0.0[0m%[1m)[0m  |  checkout failures [32m  [0m[1;32m1.0[0m[32m%[0m [1;31mOUTAGE INJECTED[0m [33mrouting: FastPay -> SecurePay[0m
t+ 852s  FastPay:   [1;36m0[0m [1m([0m [1;36m0.0[0m%[1m)[0m  SecurePay: [1;36m179[0m [1m([0m [1;36m1.7[0m%[1m)[0m  QuickPay:  [1;36m21[0m [1m([0m [1;36m4.8[0m%[1m)[0m  |  checkout failures [32m  [0m[1;32m2.0[0m[32m%[0m [1;31mOUTAGE INJECTED[0m [33mrouting: FastPay -> SecurePay[0m
t+ 853s  FastPay:   [1;36m0[0m [1m([0m [1;36m0.0[0m%[1m)[0m  SecurePay: [1;36m182[0m [1m([0m [1;36m1.6[0m%[1m)[0m  QuickPay:  [1;36m18[0m [1m([0m [1;36m0.0[0m%[1m)[0m  |  checkout failures [32m  [0m[1;32m1.5[0m[32m%[0m [1;31mOUTAGE INJECTED[0m [33mrouting: FastPay -> SecurePay[0m
t+ 854s  FastPay:   [1;36m0[0m [1m([0m [1;36m0.0[0m%[1m)[0m  SecurePay: [1;36m178[0m [1m([0m [1;36m1.7[0m%[1m)[0m  QuickPay:  [1;36m22[0m [1m([0m [1;36m0.0[0m%[1m)[0m  |  checkout failures [32m  [0m[1;32m1.5[0m[32m%[0m [1;31mOUTAGE INJECTED[0m [33mrouting: FastPay -> SecurePay[0m
t+ 855s  FastPay:   [1;36m0[0m [1m([0m [1;36m0.0[0m%[1m)[0m  SecurePay: [1;36m183[0m [1m([0m [1;36m0.0[0m%[1m)[0m  QuickPay:  [1;36m17[0m [1m([0m [1;36m5.9[0m%[1m)[0m  |  checkout failures [32m  [0m[1;32m0.5[0m[32m%[0m [1;31mOUTAGE INJECTED[0m [33mrouting: FastPay -> SecurePay[0m
t+ 856s  FastPay:   [1;36m0[0m [1m([0m [1;36m0.0[0m%[1m)[0m  SecurePay: [1;36m179[0m [1m([0m [1;36m1.1[0m%[1m)[0m  QuickPay:  [1;36m21[0m [1m([0m [1;36m0.0[0m%[1m)[0m  |  checkout failures [32m  [0m[1;32m1.0[0m[32m%[0m [1;31mOUTAGE INJECTED[0m [33mrouting: FastPay -> SecurePay[0m
t+ 857s  FastPay:   [1;36m0[0m [1m([0m [1;36m0.0[0m%[1m)[0m  SecurePay: [1;36m188[0m [1m([0m [1;36m0.5[0m%[1m)[0m  QuickPay:  [1;36m12[0m [1m([0m [1;36m8.3[0m%[1m)[0m  |  checkout failures [32m  [0m[1;32m1.0[0m[32m%[0m [1;31mOUTAGE INJECTED[0m [33mrouting: FastPay -> SecurePay[0m
t+ 858s  FastPay:   [1;36m0[0m [1m([0m [1;36m0.0[0m%[1m)[0m  SecurePay: [1;36m182[0m [1m([0m [1;36m0.5[0m%[1m)[0m  QuickPay:  [1;36m18[0m [1m([0m [1;36m0.0[0m%[1m)[0m  |  checkout failures [32m  [0m[1;32m0.5[0m[32m%[0m [1;31mOUTAGE INJECTED[0m [33mrouting: FastPay -> SecurePay[0m
t+ 859s  FastPay:   [1;36m0[0m [1m([0m [1;36m0.0[0m%[1m)[0m  SecurePay: [1;36m184[0m [1m([0m [1;36m0.0[0m%[1m)[0m  QuickPay:  [1;36m16[0m [1m([0m [1;36m0.0[0m%[1m)[0m  |  checkout failures [32m  [0m[1;32m0.0[0m[32m%[0m [1;31mOUTAGE INJECTED[0m [33mrouting: FastPay -> SecurePay[0m
t+ 860s  FastPay:   [1;36m0[0m [1m([0m [1;36m0.0[0m%[1m)[0m  SecurePay: [1;36m182[0m [1m([0m [1;36m1.1[0m%[1m)[0m  QuickPay:  [1;36m18[0m [1m([0m [1;36m5.6[0m%[1m)[0m  |  checkout failures [32m  [0m[1;32m1.5[0m[32m%[0m [1;31mOUTAGE INJECTED[0m [33mrouting: FastPay -> SecurePay[0m
t+ 861s  FastPay:   [1;36m0[0m [1m([0m [1;36m0.0[0m%[1m)[0m  SecurePay: [1;36m184[0m [1m([0m [1;36m0.5[0m%[1m)[0m  QuickPay:  [1;36m16[0m [1m([0m [1;36m6.2[0m%[1m)[0m  |  checkout failures [32m  [0m[1;32m1.0[0m[32m%[0m [1;31mOUTAGE INJECTED[0m [33mrouting: FastPay -> SecurePay[0m
t+ 862s  FastPay:   [1;36m0[0m [1m([0m [1;36m0.0[0m%[1m)[0m  SecurePay: [1;36m181[0m [1m([0m [1;36m0.6[0m%[1m)[0m  QuickPay:  [1;36m19[0m [1m([0m [1;36m0.0[0m%[1m)[0m  |  checkout failures [32m  [0m[1;32m0.5[0m[32m%[0m [1;31mOUTAGE INJECTED[0m [33mrouting: FastPay -> SecurePay[0m
t+ 863s  FastPay:   [1;36m0[0m [1m([0m [1;36m0.0[0m%[1m)[0m  SecurePay: [1;36m183[0m [1m([0m [1;36m0.0[0m%[1m)[0m  QuickPay:  [1;36m17[0m [1m([0m [1;36m0.0[0m%[1m)[0m  |  checkout failures [32m  [0m[1;32m0.0[0m[32m%[0m [1;31mOUTAGE INJECTED[0m [33mrouting: FastPay -> SecurePay[0m
t+ 864s  FastPay:   [1;36m0[0m [1m([0m [1;36m0.0[0m%[1m)[0m  SecurePay: [1;36m181[0m [1m([0m [1;36m2.8[0m%[1m)[0m  QuickPay:  [1;36m19[0m [1m([0m [1;36m0.0[0m%[1m)[0m  |  checkout failures [32m  [0m[1;32m2.5[0m[32m%[0m [1;31mOUTAGE INJECTED[0m [33mrouting: FastPay -> SecurePay[0m
t+ 865s  FastPay:   [1;36m0[0m [1m([0m [1;36m0.0[0m%[1m)[0m  SecurePay: [1;36m183[0m [1m([0m [1;36m0.0[0m%[1m)[0m  QuickPay:  [1;36m17[0m [1m([0m [1;36m5.9[0m%[1m)[0m  |  checkout failures [32m  [0m[1;32m0.5[0m[32m%[0m [1;31mOUTAGE INJECTED[0m [33mrouting: FastPay -> SecurePay[0m
t+ 866s  FastPay:   [1;36m0[0m [1m([0m [1;36m0.0[0m%[1m)[0m  SecurePay: [1;36m184[0m [1m([0m [1;36m1.1[0m%[1m)[0m  QuickPay:  [1;36m16[0m [1m([0m [1;36m6.2[0m%[1m)[0m  |  checkout failures [32m  [0m[1;32m1.5[0m[32m%[0m [1;31mOUTAGE INJECTED[0m [33mrouting: FastPay -> SecurePay[0m
t+ 867s  FastPay:   [1;36m0[0m [1m([0m [1;36m0.0[0m%[1m)[0m  SecurePay: [1;36m178[0m [1m([0m [1;36m0.6[0m%[1m)[0m  QuickPay:  [1;36m22[0m [1m([0m [1;36m0.0[0m%[1m)[0m  |  checkout failures [32m  [0m[1;32m0.5[0m[32m%[0m [1;31mOUTAGE INJECTED[0m [33mrouting: FastPay -> SecurePay[0m
t+ 868s  FastPay:   [1;36m0[0m [1m([0m [1;36m0.0[0m%[1m)[0m  SecurePay: [1;36m183[0m [1m([0m [1;36m0.0[0m%[1m)[0m  QuickPay:  [1;36m17[0m [1m([0m [1;36m0.0[0m%[1m)[0m  |  checkout failures [32m  [0m[1;32m0.0[0m[32m%[0m [1;31mOUTAGE INJECTED[0m [33mrouting: FastPay -> SecurePay[0m
t+ 869s  FastPay:   [1;36m0[0m [1m([0m [1;36m0.0[0m%[1m)[0m  SecurePay: [1;36m179[0m [1m([0m [1;36m0.6[0m%[1m)[0m  QuickPay:  [1;36m21[0m [1m([0m [1;36m4.8[0m%[1m)[0m  |  checkout failures [32m  [0m[1;32m1.0[0m[32m%[0m [1;31mOUTAGE INJECTED[0m [33mrouting: FastPay -> SecurePay[0m
t+ 870s  FastPay:   [1;36m0[0m [1m([0m [1;36m0.0[0m%[1m)[0m  SecurePay: [1;36m182[0m [1m([0m [1;36m0.0[0m%[1m)[0m  QuickPay:  [1;36m18[0m [1m([0m [1;36m0.0[0m%[1m)[0m  |  checkout failures [32m  [0m[1;32m0.0[0m[32m%[0m [1;31mOUTAGE INJECTED[0m [33mrouting: FastPay -> SecurePay[0m
t+ 871s  FastPay:   [1;36m0[0m [1m([0m [1;36m0.0[0m%[1m)[0m  SecurePay: [1;36m180[0m [1m([0m [1;36m0.6[0m%[1m)[0m  QuickPay:  [1;36m20[0m [1m([0m [1;36m0.0[0m%[1m)[0m  |  checkout failures [32m  [0m[1;32m0.5[0m[32m%[0m [1;31mOUTAGE INJECTED[0m [33mrouting: FastPay -> SecurePay[0m
t+ 872s  FastPay:   [1;36m0[0m [1m([0m [1;36m0.0[0m%[1m)[0m  SecurePay: [1;36m178[0m [1m([0m [1;36m2.2[0m%[1m)[0m  QuickPay:  [1;36m22[0m [1m([0m [1;36m0.0[0m%[1m)[0m  |  checkout failures [32m  [0m[1;32m2.0[0m[32m%[0m [1;31mOUTAGE INJECTED[0m [33mrouting: FastPay -> SecurePay[0m
t+ 873s  FastPay:   [1;36m0[0m [1m([0m [1;36m0.0[0m%[1m)[0m  SecurePay: [1;36m178[0m [1m([0m [1;36m0.0[0m%[1m)[0m  QuickPay:  [1;36m22[0m [1m([0m [1;36m0.0[0m%[1m)[0m  |  checkout failures [32m  [0m[1;32m0.0[0m[32m%[0m [1;31mOUTAGE INJECTED[0m [33mrouting: FastPay -> SecurePay[0m
t+ 874s  FastPay:   [1;36m0[0m [1m([0m [1;36m0.0[0m%[1m)[0m  SecurePay: [1;36m184[0m [1m([0m [1;36m1.1[0m%[1m)[0m  QuickPay:  [1;36m16[0m [1m([0m [1;36m0.0[0m%[1m)[0m  |  checkout failures [32m  [0m[1;32m1.0[0m[32m%[0m [1;31mOUTAGE INJECTED[0m [33mrouting: FastPay -> SecurePay[0m
t+ 875s  FastPay:   [1;36m0[0m [1m([0m [1;36m0.0[0m%[1m)[0m  SecurePay: [1;36m187[0m [1m([0m [1;36m0.5[0m%[1m)[0m  QuickPay:  [1;36m13[0m [1m([0m [1;36m0.0[0m%[1m)[0m  |  checkout failures [32m  [0m[1;32m0.5[0m[32m%[0m [1;31mOUTAGE INJECTED[0m [33mrouting: FastPay -> SecurePay[0m
t+ 876s  FastPay:   [1;36m0[0m [1m([0m [1;36m0.0[0m%[1m)[0m  SecurePay: [1;36m182[0m [1m([0m [1;36m0.0[0m%[1m)[0m  QuickPay:  [1;36m18[0m [1m([0m [1;36m0.0[0m%[1m)[0m  |  checkout failures [32m  [0m[1;32m0.0[0m[32m%[0m [1;31mOUTAGE INJECTED[0m [33mrouting: FastPay -> SecurePay[0m
t+ 877s  FastPay:   [1;36m0[0m [1m([0m [1;36m0.0[0m%[1m)[0m  SecurePay: [1;36m185[0m [1m([0m [1;36m2.2[0m%[1m)[0m  QuickPay:  [1;36m15[0m [1m([0m [1;36m0.0[0m%[1m)[0m  |  checkout failures [32m  [0m[1;32m2.0[0m[32m%[0m [1;31mOUTAGE INJECTED[0m [33mrouting: FastPay -> SecurePay[0m
t+ 878s  FastPay:   [1;36m0[0m [1m([0m [1;36m0.0[0m%[1m)[0m  SecurePay: [1;36m181[0m [1m([0m [1;36m0.0[0m%[1m)[0m  QuickPay:  [1;36m19[0m [1m([0m [1;36m0.0[0m%[1m)[0m  |  checkout failures [32m  [0m[1;32m0.0[0m[32m%[0m [1;31mOUTAGE INJECTED[0m [33mrouting: FastPay -> SecurePay[0m
t+ 879s  FastPay:   [1;36m0[0m [1m([0m [1;36m0.0[0m%[1m)[0m  SecurePay: [1;36m185[0m [1m([0m [1;36m0.0[0m%[1m)[0m  QuickPay:  [1;36m15[0m [1m([0m [1;36m0.0[0m%[1m)[0m  |  checkout failures [32m  [0m[1;32m0.0[0m[32m%[0m [1;31mOUTAGE INJECTED[0m [33mrouting: FastPay -> SecurePay[0m
t+ 880s  FastPay:   [1;36m0[0m [1m([0m [1;36m0.0[0m%[1m)[0m  SecurePay: [1;36m180[0m [1m([0m [1;36m0.0[0m%[1m)[0m  QuickPay:  [1;36m20[0m [1m([0m [1;36m5.0[0m%[1m)[0m  |  checkout failures [32m  [0m[1;32m0.5[0m[32m%[0m [1;31mOUTAGE INJECTED[0m [33mrouting: FastPay -> SecurePay[0m
t+ 881s  FastPay:   [1;36m0[0m [1m([0m [1;36m0.0[0m%[1m)[0m  SecurePay: [1;36m179[0m [1m([0m [1;36m2.2[0m%[1m)[0m  QuickPay:  [1;36m21[0m [1m([0m [1;36m0.0[0m%[1m)[0m  |  checkout failures [32m  [0m[1;32m2.0[0m[32m%[0m [1;31mOUTAGE INJECTED[0m [33mrouting: FastPay -> SecurePay[0m
t+ 882s  FastPay:   [1;36m0[0m [1m([0m [1;36m0.0[0m%[1m)[0m  SecurePay: [1;36m183[0m [1m([0m [1;36m0.0[0m%[1m)[0m  QuickPay:  [1;36m17[0m [1m([0m [1;36m5.9[0m%[1m)[0m  |  checkout failures [32m  [0m[1;32m0.5[0m[32m%[0m [1;31mOUTAGE INJECTED[0m [33mrouting: FastPay -> SecurePay[0m
t+ 883s  FastPay:   [1;36m0[0m [1m([0m [1;36m0.0[0m%[1m)[0m  SecurePay: [1;36m182[0m [1m([0m [1;36m0.5[0m%[1m)[0m  QuickPay:  [1;36m18[0m [1m([0m [1;36m0.0[0m%[1m)[0m  |  checkout failures [32m  [0m[1;32m0.5[0m[32m%[0m [1;31mOUTAGE INJECTED[0m [33mrouting: FastPay -> SecurePay[0m
t+ 884s  FastPay:   [1;36m0[0m [1m([0m [1;36m0.0[0m%[1m)[0m  SecurePay: [1;36m185[0m [1m([0m [1;36m1.1[0m%[1m)[0m  QuickPay:  [1;36m15[0m [1m([0m [1;36m0.0[0m%[1m)[0m  |  checkout failures [32m  [0m[1;32m1.0[0m[32m%[0m [1;31mOUTAGE INJECTED[0m [33mrouting: FastPay -> SecurePay[0m
t+ 885s  FastPay:   [1;36m0[0m [1m([0m [1;36m0.0[0m%[1m)[0m  SecurePay: [1;36m188[0m [1m([0m [1;36m1.1[0m%[1m)[0m  QuickPay:  [1;36m12[0m [1m([0m [1;36m0.0[0m%[1m)[0m  |  checkout failures [32m  [0m[1;32m1.0[0m[32m%[0m [1;31mOUTAGE INJECTED[0m [33mrouting: FastPay -> SecurePay[0m
t+ 886s  FastPay:   [1;36m0[0m [1m([0m [1;36m0.0[0m%[1m)[0m  SecurePay: [1;36m177[0m [1m([0m [1;36m0.6[0m%[1m)[0m  QuickPay:  [1;36m23[0m [1m([0m [1;36m0.0[0m%[1m)[0m  |  checkout failures [32m  [0m[1;32m0.5[0m[32m%[0m [1;31mOUTAGE INJECTED[0m [33mrouting: FastPay -> SecurePay[0m
t+ 887s  FastPay:   [1;36m0[0m [1m([0m [1;36m0.0[0m%[1m)[0m  SecurePay: [1;36m170[0m [1m([0m [1;36m0.6[0m%[1m)[0m  QuickPay:  [1;36m30[0m [1m([0m [1;36m0.0[0m%[1m)[0m  |  checkout failures [32m  [0m[1;32m0.5[0m[32m%[0m [1;31mOUTAGE INJECTED[0m [33mrouting: FastPay -> SecurePay[0m
t+ 888s  FastPay:   [1;36m0[0m [1m([0m [1;36m0.0[0m%[1m)[0m  SecurePay: [1;36m179[0m [1m([0m [1;36m1.7[0m%[1m)[0m  QuickPay:  [1;36m21[0m [1m([0m [1;36m0.0[0m%[1m)[0m  |  checkout failures [32m  [0m[1;32m1.5[0m[32m%[0m [1;31mOUTAGE INJECTED[0m [33mrouting: FastPay -> SecurePay[0m
t+ 889s  FastPay:   [1;36m0[0m [1m([0m [1;36m0.0[0m%[1m)[0m  SecurePay: [1;36m178[0m [1m([0m [1;36m0.0[0m%[1m)[0m  QuickPay:  [1;36m22[0m [1m([0m [1;36m0.0[0m%[1m)[0m  |  checkout failures [32m  [0m[1;32m0.0[0m[32m%[0m [1;31mOUTAGE INJECTED[0m [33mrouting: FastPay -> SecurePay[0m
t+ 890s  FastPay:   [1;36m0[0m [1m([0m [1;36m0.0[0m%[1m)[0m  SecurePay: [1;36m181[0m [1m([0m [1;36m0.6[0m%[1m)[0m  QuickPay:  [1;36m19[0m [1m([0m [1;36m0.0[0m%[1m)[0m  |  checkout failures [32m  [0m[1;32m0.5[0m[32m%[0m [1;31mOUTAGE INJECTED[0m [33mrouting: FastPay -> SecurePay[0m
t+ 891s  FastPay:   [1;36m0[0m [1m([0m [1;36m0.0[0m%[1m)[0m  SecurePay: [1;36m176[0m [1m([0m [1;36m0.6[0m%[1m)[0m  QuickPay:  [1;36m24[0m [1m([0m [1;36m4.2[0m%[1m)[0m  |  checkout failures [32m  [0m[1;32m1.0[0m[32m%[0m [1;31mOUTAGE INJECTED[0m [33mrouting: FastPay -> SecurePay[0m
t+ 892s  FastPay:   [1;36m0[0m [1m([0m [1;36m0.0[0m%[1m)[0m  SecurePay: [1;36m187[0m [1m([0m [1;36m0.0[0m%[1m)[0m  QuickPay:  [1;36m13[0m [1m([0m [1;36m7.7[0m%[1m)[0m  |  checkout failures [32m  [0m[1;32m0.5[0m[32m%[0m [1;31mOUTAGE INJECTED[0m [33mrouting: FastPay -> SecurePay[0m
t+ 893s  FastPay:   [1;36m0[0m [1m([0m [1;36m0.0[0m%[1m)[0m  SecurePay: [1;36m187[0m [1m([0m [1;36m0.5[0m%[1m)[0m  QuickPay:  [1;36m13[0m [1m([0m [1;36m0.0[0m%[1m)[0m  |  checkout failures [32m  [0m[1;32m0.5[0m[32m%[0m [1;31mOUTAGE INJECTED[0m [33mrouting: FastPay -> SecurePay[0m
t+ 894s  FastPay:   [1;36m0[0m [1m([0m [1;36m0.0[0m%[1m)[0m  SecurePay: [1;36m185[0m [1m([0m [1;36m1.1[0m%[1m)[0m  QuickPay:  [1;36m15[0m [1m([0m [1;36m0.0[0m%[1m)[0m  |  checkout failures [32m  [0m[1;32m1.0[0m[32m%[0m [1;31mOUTAGE INJECTED[0m [33mrouting: FastPay -> SecurePay[0m
t+ 895s  FastPay:   [1;36m0[0m [1m([0m [1;36m0.0[0m%[1m)[0m  SecurePay: [1;36m176[0m [1m([0m [1;36m0.0[0m%[1m)[0m  QuickPay:  [1;36m24[0m [1m([0m [1;36m0.0[0m%[1m)[0m  |  checkout failures [32m  [0m[1;32m0.0[0m[32m%[0m [1;31mOUTAGE INJECTED[0m [33mrouting: FastPay -> SecurePay[0m
t+ 896s  FastPay:   [1;36m0[0m [1m([0m [1;36m0.0[0m%[1m)[0m  SecurePay: [1;36m171[0m [1m([0m [1;36m0.0[0m%[1m)[0m  QuickPay:  [1;36m29[0m [1m([0m [1;36m0.0[0m%[1m)[0m  |  checkout failures [32m  [0m[1;32m0.0[0m[32m%[0m [1;31mOUTAGE INJECTED[0m [33mrouting: FastPay -> SecurePay[0m
t+ 897s  FastPay:   [1;36m0[0m [1m([0m [1;36m0.0[0m%[1m)[0m  SecurePay: [1;36m176[0m [1m([0m [1;36m0.6[0m%[1m)[0m  QuickPay:  [1;36m24[0m [1m([0m [1;36m4.2[0m%[1m)[0m  |  checkout failures [32m  [0m[1;32m1.0[0m[32m%[0m [1;31mOUTAGE INJECTED[0m [33mrouting: FastPay -> SecurePay[0m
t+ 898s  FastPay:   [1;36m0[0m [1m([0m [1;36m0.0[0m%[1m)[0m  SecurePay: [1;36m183[0m [1m([0m [1;36m0.5[0m%[1m)[0m  QuickPay:  [1;36m17[0m [1m([0m [1;36m5.9[0m%[1m)[0m  |  checkout failures [32m  [0m[1;32m1.0[0m[32m%[0m [1;31mOUTAGE INJECTED[0m [33mrouting: FastPay -> SecurePay[0m
t+ 899s  FastPay:   [1;36m0[0m [1m([0m [1;36m0.0[0m%[1m)[0m  SecurePay: [1;36m183[0m [1m([0m [1;36m0.5[0m%[1m)[0m  QuickPay:  [1;36m17[0m [1m([0m [1;36m0.0[0m%[1m)[0m  |  checkout failures [32m  [0m[1;32m0.5[0m[32m%[0m [1;31mOUTAGE INJECTED[0m [33mrouting: FastPay -> SecurePay[0m
